{
    "session_name": "calib_check1",
    "duration_seconds": 5,
    "sample_rate_hz": 44100,
    "ambient_rms": 4.5806218305123885,
    "audio_start_perf": 62823.6239371,
    "keylogger_start_perf": 62823.6237316,
    "sync_offset_ms": -0.2055000004475005,
    "total_keypresses": 0
}