{
    "session_name": "gain_test",
    "duration_seconds": 10,
    "sample_rate_hz": 44100,
    "ambient_rms": 6.6376391200985605,
    "audio_start_perf": 60071.5267695,
    "keylogger_start_perf": 60071.5266102,
    "sync_offset_ms": -0.15929999790387228,
    "total_keypresses": 17
}