{
    "session_name": "new2",
    "duration_seconds": 15,
    "sample_rate_hz": 44100,
    "ambient_rms": 1.9930875089579712,
    "audio_start_perf": 65097.9485869,
    "keylogger_start_perf": 65097.9484602,
    "sync_offset_ms": -0.1266999970539473,
    "total_keypresses": 18
}