{
    "session_name": "silence_new",
    "duration_seconds": 10,
    "sample_rate_hz": 44100,
    "ambient_rms": 1.9614986088722932,
    "audio_start_perf": 64931.450361,
    "keylogger_start_perf": 64931.4502346,
    "sync_offset_ms": -0.1264000020455569,
    "total_keypresses": 0
}