{
    "session_name": "silence_check",
    "duration_seconds": 10,
    "sample_rate_hz": 44100,
    "ambient_rms": 1.4956177057169737,
    "audio_start_perf": 64064.4360342,
    "keylogger_start_perf": 64064.4358848,
    "sync_offset_ms": -0.14940000255592167,
    "total_keypresses": 0
}