dataset,recording_id,participant_id,event_count,sample_rate,duration_s
Kaggle,kaggle_A_A_1.wav,kaggle_participant,1,48000,0.4
Kaggle,kaggle_A_A_10.wav,kaggle_participant,1,48000,0.4
Kaggle,kaggle_A_A_100.wav,kaggle_participant,1,48000,0.39997916666666666
Kaggle,kaggle_A_A_101.wav,kaggle_participant,1,48000,0.4
Kaggle,kaggle_A_A_102.wav,kaggle_participant,1,48000,0.4
Kaggle,kaggle_A_A_103.wav,kaggle_participant,1,48000,0.4
Kaggle,kaggle_A_A_104.wav,kaggle_participant,1,48000,0.4
Kaggle,kaggle_A_A_105.wav,kaggle_participant,1,48000,0.4
Kaggle,kaggle_A_A_106.wav,kaggle_participant,1,48000,0.4
Kaggle,kaggle_A_A_107.wav,kaggle_participant,1,48000,0.4
Kaggle,kaggle_A_A_108.wav,kaggle_participant,1,48000,0.4
Kaggle,kaggle_A_A_109.wav,kaggle_participant,1,48000,0.4
Kaggle,kaggle_A_A_11.wav,kaggle_participant,1,48000,0.4
Kaggle,kaggle_A_A_110.wav,kaggle_participant,1,48000,0.4
Kaggle,kaggle_A_A_111.wav,kaggle_participant,1,48000,0.4
Kaggle,kaggle_A_A_112.wav,kaggle_participant,1,48000,0.4
Kaggle,kaggle_A_A_113.wav,kaggle_participant,1,48000,0.4
Kaggle,kaggle_A_A_114.wav,kaggle_participant,1,48000,0.4
Kaggle,kaggle_A_A_115.wav,kaggle_participant,1,48000,0.4
Kaggle,kaggle_A_A_116.wav,kaggle_participant,1,48000,0.4
Kaggle,kaggle_A_A_117.wav,kaggle_participant,1,48000,0.4
Kaggle,kaggle_A_A_118.wav,kaggle_participant,1,48000,0.4
Kaggle,kaggle_A_A_119.wav,kaggle_participant,1,48000,0.4
Kaggle,kaggle_A_A_12.wav,kaggle_participant,1,48000,0.4
Kaggle,kaggle_A_A_120.wav,kaggle_participant,1,48000,0.4
Kaggle,kaggle_A_A_121.wav,kaggle_participant,1,48000,0.4
Kaggle,kaggle_A_A_122.wav,kaggle_participant,1,48000,0.4
Kaggle,kaggle_A_A_123.wav,kaggle_participant,1,48000,0.4
Kaggle,kaggle_A_A_124.wav,kaggle_participant,1,48000,0.4
Kaggle,kaggle_A_A_125.wav,kaggle_participant,1,48000,0.4
Kaggle,kaggle_A_A_126.wav,kaggle_participant,1,48000,0.4
Kaggle,kaggle_A_A_127.wav,kaggle_participant,1,48000,0.4
Kaggle,kaggle_A_A_128.wav,kaggle_participant,1,48000,0.4
Kaggle,kaggle_A_A_129.wav,kaggle_participant,1,48000,0.4
Kaggle,kaggle_A_A_13.wav,kaggle_participant,1,48000,0.4
Kaggle,kaggle_A_A_130.wav,kaggle_participant,1,48000,0.4
Kaggle,kaggle_A_A_131.wav,kaggle_participant,1,48000,0.4
Kaggle,kaggle_A_A_132.wav,kaggle_participant,1,48000,0.4
Kaggle,kaggle_A_A_133.wav,kaggle_participant,1,48000,0.4
Kaggle,kaggle_A_A_134.wav,kaggle_participant,1,48000,0.4
Kaggle,kaggle_A_A_135.wav,kaggle_participant,1,48000,0.4
Kaggle,kaggle_A_A_136.wav,kaggle_participant,1,48000,0.4
Kaggle,kaggle_A_A_137.wav,kaggle_participant,1,48000,0.4
Kaggle,kaggle_A_A_138.wav,kaggle_participant,1,48000,0.4
Kaggle,kaggle_A_A_139.wav,kaggle_participant,1,48000,0.4
Kaggle,kaggle_A_A_14.wav,kaggle_participant,1,48000,0.4
Kaggle,kaggle_A_A_140.wav,kaggle_participant,1,48000,0.4
Kaggle,kaggle_A_A_141.wav,kaggle_participant,1,48000,0.4
Kaggle,kaggle_A_A_142.wav,kaggle_participant,1,48000,0.4
Kaggle,kaggle_A_A_143.wav,kaggle_participant,1,48000,0.4
Kaggle,kaggle_A_A_144.wav,kaggle_participant,1,48000,0.4
Kaggle,kaggle_A_A_145.wav,kaggle_participant,1,48000,0.39997916666666666
Kaggle,kaggle_A_A_146.wav,kaggle_participant,1,48000,0.4
Kaggle,kaggle_A_A_147.wav,kaggle_participant,1,48000,0.4
Kaggle,kaggle_A_A_148.wav,kaggle_participant,1,48000,0.4
Kaggle,kaggle_A_A_149.wav,kaggle_participant,1,48000,0.4
Kaggle,kaggle_A_A_15.wav,kaggle_participant,1,48000,0.4
Kaggle,kaggle_A_A_150.wav,kaggle_participant,1,48000,0.4
Kaggle,kaggle_A_A_151.wav,kaggle_participant,1,48000,0.4
Kaggle,kaggle_A_A_152.wav,kaggle_participant,1,48000,0.4
Kaggle,kaggle_A_A_153.wav,kaggle_participant,1,48000,0.4
Kaggle,kaggle_A_A_154.wav,kaggle_participant,1,48000,0.4
Kaggle,kaggle_A_A_155.wav,kaggle_participant,1,48000,0.4
Kaggle,kaggle_A_A_156.wav,kaggle_participant,1,48000,0.4
Kaggle,kaggle_A_A_157.wav,kaggle_participant,1,48000,0.4
Kaggle,kaggle_A_A_158.wav,kaggle_participant,1,48000,0.4
Kaggle,kaggle_A_A_159.wav,kaggle_participant,1,48000,0.4
Kaggle,kaggle_A_A_16.wav,kaggle_participant,1,48000,0.4
Kaggle,kaggle_A_A_160.wav,kaggle_participant,1,48000,0.4
Kaggle,kaggle_A_A_161.wav,kaggle_participant,1,48000,0.4
Kaggle,kaggle_A_A_162.wav,kaggle_participant,1,48000,0.4
Kaggle,kaggle_A_A_163.wav,kaggle_participant,1,48000,0.4
Kaggle,kaggle_A_A_164.wav,kaggle_participant,1,48000,0.4
Kaggle,kaggle_A_A_165.wav,kaggle_participant,1,48000,0.4
Kaggle,kaggle_A_A_166.wav,kaggle_participant,1,48000,0.4
Kaggle,kaggle_A_A_167.wav,kaggle_participant,1,48000,0.4
Kaggle,kaggle_A_A_168.wav,kaggle_participant,1,48000,0.4
Kaggle,kaggle_A_A_169.wav,kaggle_participant,1,48000,0.4
Kaggle,kaggle_A_A_17.wav,kaggle_participant,1,48000,0.4
Kaggle,kaggle_A_A_170.wav,kaggle_participant,1,48000,0.4
Kaggle,kaggle_A_A_171.wav,kaggle_participant,1,48000,0.4
Kaggle,kaggle_A_A_172.wav,kaggle_participant,1,48000,0.4
Kaggle,kaggle_A_A_173.wav,kaggle_participant,1,48000,0.4
Kaggle,kaggle_A_A_174.wav,kaggle_participant,1,48000,0.4
Kaggle,kaggle_A_A_175.wav,kaggle_participant,1,48000,0.4
Kaggle,kaggle_A_A_176.wav,kaggle_participant,1,48000,0.4
Kaggle,kaggle_A_A_177.wav,kaggle_participant,1,48000,0.4
Kaggle,kaggle_A_A_178.wav,kaggle_participant,1,48000,0.4
Kaggle,kaggle_A_A_179.wav,kaggle_participant,1,48000,0.4
Kaggle,kaggle_A_A_18.wav,kaggle_participant,1,48000,0.4
Kaggle,kaggle_A_A_180.wav,kaggle_participant,1,48000,0.4
Kaggle,kaggle_A_A_181.wav,kaggle_participant,1,48000,0.4
Kaggle,kaggle_A_A_182.wav,kaggle_participant,1,48000,0.4
Kaggle,kaggle_A_A_183.wav,kaggle_participant,1,48000,0.4
Kaggle,kaggle_A_A_184.wav,kaggle_participant,1,48000,0.4
Kaggle,kaggle_A_A_185.wav,kaggle_participant,1,48000,0.4
Kaggle,kaggle_A_A_186.wav,kaggle_participant,1,48000,0.4
Kaggle,kaggle_A_A_187.wav,kaggle_participant,1,48000,0.4
Kaggle,kaggle_A_A_188.wav,kaggle_participant,1,48000,0.4
Kaggle,kaggle_A_A_189.wav,kaggle_participant,1,48000,0.4
Kaggle,kaggle_A_A_19.wav,kaggle_participant,1,48000,0.4
Kaggle,kaggle_A_A_190.wav,kaggle_participant,1,48000,0.4
Kaggle,kaggle_A_A_191.wav,kaggle_participant,1,48000,0.4
Kaggle,kaggle_A_A_192.wav,kaggle_participant,1,48000,0.4
Kaggle,kaggle_A_A_193.wav,kaggle_participant,1,48000,0.4
Kaggle,kaggle_A_A_194.wav,kaggle_participant,1,48000,0.4
Kaggle,kaggle_A_A_195.wav,kaggle_participant,1,48000,0.4
Kaggle,kaggle_A_A_196.wav,kaggle_participant,1,48000,0.4
Kaggle,kaggle_A_A_197.wav,kaggle_participant,1,48000,0.4
Kaggle,kaggle_A_A_198.wav,kaggle_participant,1,48000,0.4
Kaggle,kaggle_A_A_199.wav,kaggle_participant,1,48000,0.4
Kaggle,kaggle_A_A_2.wav,kaggle_participant,1,48000,0.4
Kaggle,kaggle_A_A_20.wav,kaggle_participant,1,48000,0.4000208333333333
Kaggle,kaggle_A_A_200.wav,kaggle_participant,1,48000,0.4
Kaggle,kaggle_A_A_201.wav,kaggle_participant,1,48000,0.4
Kaggle,kaggle_A_A_202.wav,kaggle_participant,1,48000,0.4
Kaggle,kaggle_A_A_203.wav,kaggle_participant,1,48000,0.4
Kaggle,kaggle_A_A_204.wav,kaggle_participant,1,48000,0.4
Kaggle,kaggle_A_A_205.wav,kaggle_participant,1,48000,0.4
Kaggle,kaggle_A_A_206.wav,kaggle_participant,1,48000,0.4
Kaggle,kaggle_A_A_207.wav,kaggle_participant,1,48000,0.4
Kaggle,kaggle_A_A_208.wav,kaggle_participant,1,48000,0.4
Kaggle,kaggle_A_A_209.wav,kaggle_participant,1,48000,0.4
Kaggle,kaggle_A_A_21.wav,kaggle_participant,1,48000,0.4
Kaggle,kaggle_A_A_210.wav,kaggle_participant,1,48000,0.4
Kaggle,kaggle_A_A_211.wav,kaggle_participant,1,48000,0.4
Kaggle,kaggle_A_A_212.wav,kaggle_participant,1,48000,0.4
Kaggle,kaggle_A_A_213.wav,kaggle_participant,1,48000,0.4
Kaggle,kaggle_A_A_214.wav,kaggle_participant,1,48000,0.4
Kaggle,kaggle_A_A_215.wav,kaggle_participant,1,48000,0.4
Kaggle,kaggle_A_A_216.wav,kaggle_participant,1,48000,0.4
Kaggle,kaggle_A_A_217.wav,kaggle_participant,1,48000,0.4
Kaggle,kaggle_A_A_218.wav,kaggle_participant,1,48000,0.4
Kaggle,kaggle_A_A_219.wav,kaggle_participant,1,48000,0.4
Kaggle,kaggle_A_A_22.wav,kaggle_participant,1,48000,0.4000208333333333
Kaggle,kaggle_A_A_220.wav,kaggle_participant,1,48000,0.4
Kaggle,kaggle_A_A_221.wav,kaggle_participant,1,48000,0.4
Kaggle,kaggle_A_A_222.wav,kaggle_participant,1,48000,0.4
Kaggle,kaggle_A_A_223.wav,kaggle_participant,1,48000,0.4
Kaggle,kaggle_A_A_224.wav,kaggle_participant,1,48000,0.4
Kaggle,kaggle_A_A_225.wav,kaggle_participant,1,48000,0.4
Kaggle,kaggle_A_A_226.wav,kaggle_participant,1,48000,0.4
Kaggle,kaggle_A_A_227.wav,kaggle_participant,1,48000,0.4
Kaggle,kaggle_A_A_228.wav,kaggle_participant,1,48000,0.4
Kaggle,kaggle_A_A_229.wav,kaggle_participant,1,48000,0.4
Kaggle,kaggle_A_A_23.wav,kaggle_participant,1,48000,0.4
Kaggle,kaggle_A_A_230.wav,kaggle_participant,1,48000,0.4
Kaggle,kaggle_A_A_231.wav,kaggle_participant,1,48000,0.4
Kaggle,kaggle_A_A_232.wav,kaggle_participant,1,48000,0.4
Kaggle,kaggle_A_A_233.wav,kaggle_participant,1,48000,0.4
Kaggle,kaggle_A_A_234.wav,kaggle_participant,1,48000,0.4
Kaggle,kaggle_A_A_235.wav,kaggle_participant,1,48000,0.4
Kaggle,kaggle_A_A_236.wav,kaggle_participant,1,48000,0.4
Kaggle,kaggle_A_A_237.wav,kaggle_participant,1,48000,0.4
Kaggle,kaggle_A_A_238.wav,kaggle_participant,1,48000,0.4
Kaggle,kaggle_A_A_239.wav,kaggle_participant,1,48000,0.4
Kaggle,kaggle_A_A_24.wav,kaggle_participant,1,48000,0.4000208333333333
Kaggle,kaggle_A_A_240.wav,kaggle_participant,1,48000,0.4
Kaggle,kaggle_A_A_241.wav,kaggle_participant,1,48000,0.4
Kaggle,kaggle_A_A_242.wav,kaggle_participant,1,48000,0.4
Kaggle,kaggle_A_A_243.wav,kaggle_participant,1,48000,0.4
Kaggle,kaggle_A_A_244.wav,kaggle_participant,1,48000,0.4
Kaggle,kaggle_A_A_245.wav,kaggle_participant,1,48000,0.4
Kaggle,kaggle_A_A_246.wav,kaggle_participant,1,48000,0.4
Kaggle,kaggle_A_A_247.wav,kaggle_participant,1,48000,0.4
Kaggle,kaggle_A_A_248.wav,kaggle_participant,1,48000,0.4
Kaggle,kaggle_A_A_249.wav,kaggle_participant,1,48000,0.4
Kaggle,kaggle_A_A_25.wav,kaggle_participant,1,48000,0.4000208333333333
Kaggle,kaggle_A_A_250.wav,kaggle_participant,1,48000,0.4
Kaggle,kaggle_A_A_251.wav,kaggle_participant,1,48000,0.4
Kaggle,kaggle_A_A_252.wav,kaggle_participant,1,48000,0.4
Kaggle,kaggle_A_A_253.wav,kaggle_participant,1,48000,0.4
Kaggle,kaggle_A_A_254.wav,kaggle_participant,1,48000,0.4
Kaggle,kaggle_A_A_255.wav,kaggle_participant,1,48000,0.4
Kaggle,kaggle_A_A_256.wav,kaggle_participant,1,48000,0.4
Kaggle,kaggle_A_A_257.wav,kaggle_participant,1,48000,0.4
Kaggle,kaggle_A_A_258.wav,kaggle_participant,1,48000,0.4
Kaggle,kaggle_A_A_259.wav,kaggle_participant,1,48000,0.4
Kaggle,kaggle_A_A_26.wav,kaggle_participant,1,48000,0.4
Kaggle,kaggle_A_A_260.wav,kaggle_participant,1,48000,0.4
Kaggle,kaggle_A_A_261.wav,kaggle_participant,1,48000,0.4
Kaggle,kaggle_A_A_262.wav,kaggle_participant,1,48000,0.4
Kaggle,kaggle_A_A_263.wav,kaggle_participant,1,48000,0.4
Kaggle,kaggle_A_A_264.wav,kaggle_participant,1,48000,0.4
Kaggle,kaggle_A_A_265.wav,kaggle_participant,1,48000,0.4
Kaggle,kaggle_A_A_266.wav,kaggle_participant,1,48000,0.4
Kaggle,kaggle_A_A_267.wav,kaggle_participant,1,48000,0.4
Kaggle,kaggle_A_A_268.wav,kaggle_participant,1,48000,0.4
Kaggle,kaggle_A_A_269.wav,kaggle_participant,1,48000,0.4
Kaggle,kaggle_A_A_27.wav,kaggle_participant,1,48000,0.4
Kaggle,kaggle_A_A_270.wav,kaggle_participant,1,48000,0.4
Kaggle,kaggle_A_A_271.wav,kaggle_participant,1,48000,0.4
Kaggle,kaggle_A_A_272.wav,kaggle_participant,1,48000,0.4
Kaggle,kaggle_A_A_273.wav,kaggle_participant,1,48000,0.4
Kaggle,kaggle_A_A_274.wav,kaggle_participant,1,48000,0.4
Kaggle,kaggle_A_A_275.wav,kaggle_participant,1,48000,0.4
Kaggle,kaggle_A_A_276.wav,kaggle_participant,1,48000,0.4
Kaggle,kaggle_A_A_277.wav,kaggle_participant,1,48000,0.4
Kaggle,kaggle_A_A_278.wav,kaggle_participant,1,48000,0.4
Kaggle,kaggle_A_A_279.wav,kaggle_participant,1,48000,0.4
Kaggle,kaggle_A_A_28.wav,kaggle_participant,1,48000,0.4000208333333333
Kaggle,kaggle_A_A_280.wav,kaggle_participant,1,48000,0.4
Kaggle,kaggle_A_A_281.wav,kaggle_participant,1,48000,0.4
Kaggle,kaggle_A_A_282.wav,kaggle_participant,1,48000,0.4
Kaggle,kaggle_A_A_283.wav,kaggle_participant,1,48000,0.4
Kaggle,kaggle_A_A_284.wav,kaggle_participant,1,48000,0.4
Kaggle,kaggle_A_A_285.wav,kaggle_participant,1,48000,0.4
Kaggle,kaggle_A_A_286.wav,kaggle_participant,1,48000,0.4
Kaggle,kaggle_A_A_287.wav,kaggle_participant,1,48000,0.4
Kaggle,kaggle_A_A_288.wav,kaggle_participant,1,48000,0.4
Kaggle,kaggle_A_A_289.wav,kaggle_participant,1,48000,0.4
Kaggle,kaggle_A_A_29.wav,kaggle_participant,1,48000,0.4000208333333333
Kaggle,kaggle_A_A_290.wav,kaggle_participant,1,48000,0.4
Kaggle,kaggle_A_A_291.wav,kaggle_participant,1,48000,0.4
Kaggle,kaggle_A_A_292.wav,kaggle_participant,1,48000,0.4
Kaggle,kaggle_A_A_293.wav,kaggle_participant,1,48000,0.4000208333333333
Kaggle,kaggle_A_A_294.wav,kaggle_participant,1,48000,0.4
Kaggle,kaggle_A_A_295.wav,kaggle_participant,1,48000,0.4000208333333333
Kaggle,kaggle_A_A_296.wav,kaggle_participant,1,48000,0.4000208333333333
Kaggle,kaggle_A_A_297.wav,kaggle_participant,1,48000,0.4000208333333333
Kaggle,kaggle_A_A_298.wav,kaggle_participant,1,48000,0.4000208333333333
Kaggle,kaggle_A_A_299.wav,kaggle_participant,1,48000,0.4000208333333333
Kaggle,kaggle_A_A_3.wav,kaggle_participant,1,48000,0.4
Kaggle,kaggle_A_A_30.wav,kaggle_participant,1,48000,0.4
Kaggle,kaggle_A_A_300.wav,kaggle_participant,1,48000,0.4
Kaggle,kaggle_A_A_301.wav,kaggle_participant,1,48000,0.4000208333333333
Kaggle,kaggle_A_A_302.wav,kaggle_participant,1,48000,0.4000208333333333
Kaggle,kaggle_A_A_303.wav,kaggle_participant,1,48000,0.4
Kaggle,kaggle_A_A_304.wav,kaggle_participant,1,48000,0.4
Kaggle,kaggle_A_A_305.wav,kaggle_participant,1,48000,0.4000208333333333
Kaggle,kaggle_A_A_306.wav,kaggle_participant,1,48000,0.4
Kaggle,kaggle_A_A_307.wav,kaggle_participant,1,48000,0.4000208333333333
Kaggle,kaggle_A_A_308.wav,kaggle_participant,1,48000,0.4000208333333333
Kaggle,kaggle_A_A_309.wav,kaggle_participant,1,48000,0.4
Kaggle,kaggle_A_A_31.wav,kaggle_participant,1,48000,0.4000208333333333
Kaggle,kaggle_A_A_310.wav,kaggle_participant,1,48000,0.4
Kaggle,kaggle_A_A_311.wav,kaggle_participant,1,48000,0.4000208333333333
Kaggle,kaggle_A_A_312.wav,kaggle_participant,1,48000,0.4
Kaggle,kaggle_A_A_313.wav,kaggle_participant,1,48000,0.4000208333333333
Kaggle,kaggle_A_A_314.wav,kaggle_participant,1,48000,0.4
Kaggle,kaggle_A_A_315.wav,kaggle_participant,1,48000,0.4000208333333333
Kaggle,kaggle_A_A_316.wav,kaggle_participant,1,48000,0.4
Kaggle,kaggle_A_A_317.wav,kaggle_participant,1,48000,0.4
Kaggle,kaggle_A_A_318.wav,kaggle_participant,1,48000,0.4
Kaggle,kaggle_A_A_319.wav,kaggle_participant,1,48000,0.4
Kaggle,kaggle_A_A_32.wav,kaggle_participant,1,48000,0.4000208333333333
Kaggle,kaggle_A_A_320.wav,kaggle_participant,1,48000,0.4000208333333333
Kaggle,kaggle_A_A_321.wav,kaggle_participant,1,48000,0.4000208333333333
Kaggle,kaggle_A_A_322.wav,kaggle_participant,1,48000,0.4
Kaggle,kaggle_A_A_323.wav,kaggle_participant,1,48000,0.4000208333333333
Kaggle,kaggle_A_A_324.wav,kaggle_participant,1,48000,0.4
Kaggle,kaggle_A_A_325.wav,kaggle_participant,1,48000,0.4
Kaggle,kaggle_A_A_326.wav,kaggle_participant,1,48000,0.4
Kaggle,kaggle_A_A_327.wav,kaggle_participant,1,48000,0.4000208333333333
Kaggle,kaggle_A_A_328.wav,kaggle_participant,1,48000,0.4000208333333333
Kaggle,kaggle_A_A_329.wav,kaggle_participant,1,48000,0.4000208333333333
Kaggle,kaggle_A_A_33.wav,kaggle_participant,1,48000,0.4
Kaggle,kaggle_A_A_330.wav,kaggle_participant,1,48000,0.4
Kaggle,kaggle_A_A_331.wav,kaggle_participant,1,48000,0.4000208333333333
Kaggle,kaggle_A_A_332.wav,kaggle_participant,1,48000,0.4000208333333333
Kaggle,kaggle_A_A_333.wav,kaggle_participant,1,48000,0.4000208333333333
Kaggle,kaggle_A_A_334.wav,kaggle_participant,1,48000,0.4
Kaggle,kaggle_A_A_335.wav,kaggle_participant,1,48000,0.4
Kaggle,kaggle_A_A_336.wav,kaggle_participant,1,48000,0.4000208333333333
Kaggle,kaggle_A_A_337.wav,kaggle_participant,1,48000,0.4000208333333333
Kaggle,kaggle_A_A_338.wav,kaggle_participant,1,48000,0.4
Kaggle,kaggle_A_A_339.wav,kaggle_participant,1,48000,0.4000208333333333
Kaggle,kaggle_A_A_34.wav,kaggle_participant,1,48000,0.4000208333333333
Kaggle,kaggle_A_A_340.wav,kaggle_participant,1,48000,0.4000208333333333
Kaggle,kaggle_A_A_341.wav,kaggle_participant,1,48000,0.4000208333333333
Kaggle,kaggle_A_A_342.wav,kaggle_participant,1,48000,0.4
Kaggle,kaggle_A_A_343.wav,kaggle_participant,1,48000,0.4000208333333333
Kaggle,kaggle_A_A_344.wav,kaggle_participant,1,48000,0.4000208333333333
Kaggle,kaggle_A_A_345.wav,kaggle_participant,1,48000,0.4000208333333333
Kaggle,kaggle_A_A_346.wav,kaggle_participant,1,48000,0.4000208333333333
Kaggle,kaggle_A_A_347.wav,kaggle_participant,1,48000,0.4000208333333333
Kaggle,kaggle_A_A_348.wav,kaggle_participant,1,48000,0.4000208333333333
Kaggle,kaggle_A_A_349.wav,kaggle_participant,1,48000,0.4000208333333333
Kaggle,kaggle_A_A_35.wav,kaggle_participant,1,48000,0.4
Kaggle,kaggle_A_A_350.wav,kaggle_participant,1,48000,0.4000208333333333
Kaggle,kaggle_A_A_351.wav,kaggle_participant,1,48000,0.4000208333333333
Kaggle,kaggle_A_A_352.wav,kaggle_participant,1,48000,0.4000208333333333
Kaggle,kaggle_A_A_353.wav,kaggle_participant,1,48000,0.4000208333333333
Kaggle,kaggle_A_A_354.wav,kaggle_participant,1,48000,0.4000208333333333
Kaggle,kaggle_A_A_355.wav,kaggle_participant,1,48000,0.4
Kaggle,kaggle_A_A_356.wav,kaggle_participant,1,48000,0.36852083333333335
Kaggle,kaggle_A_A_36.wav,kaggle_participant,1,48000,0.4
Kaggle,kaggle_A_A_37.wav,kaggle_participant,1,48000,0.4
Kaggle,kaggle_A_A_38.wav,kaggle_participant,1,48000,0.4
Kaggle,kaggle_A_A_39.wav,kaggle_participant,1,48000,0.4
Kaggle,kaggle_A_A_4.wav,kaggle_participant,1,48000,0.4
Kaggle,kaggle_A_A_40.wav,kaggle_participant,1,48000,0.4
Kaggle,kaggle_A_A_41.wav,kaggle_participant,1,48000,0.4
Kaggle,kaggle_A_A_42.wav,kaggle_participant,1,48000,0.4
Kaggle,kaggle_A_A_43.wav,kaggle_participant,1,48000,0.4
Kaggle,kaggle_A_A_44.wav,kaggle_participant,1,48000,0.4
Kaggle,kaggle_A_A_45.wav,kaggle_participant,1,48000,0.4
Kaggle,kaggle_A_A_46.wav,kaggle_participant,1,48000,0.4
Kaggle,kaggle_A_A_47.wav,kaggle_participant,1,48000,0.4
Kaggle,kaggle_A_A_48.wav,kaggle_participant,1,48000,0.4
Kaggle,kaggle_A_A_49.wav,kaggle_participant,1,48000,0.4
Kaggle,kaggle_A_A_5.wav,kaggle_participant,1,48000,0.4
Kaggle,kaggle_A_A_50.wav,kaggle_participant,1,48000,0.4
Kaggle,kaggle_A_A_51.wav,kaggle_participant,1,48000,0.39997916666666666
Kaggle,kaggle_A_A_52.wav,kaggle_participant,1,48000,0.4
Kaggle,kaggle_A_A_53.wav,kaggle_participant,1,48000,0.4
Kaggle,kaggle_A_A_54.wav,kaggle_participant,1,48000,0.4
Kaggle,kaggle_A_A_55.wav,kaggle_participant,1,48000,0.4
Kaggle,kaggle_A_A_56.wav,kaggle_participant,1,48000,0.4
Kaggle,kaggle_A_A_57.wav,kaggle_participant,1,48000,0.4
Kaggle,kaggle_A_A_58.wav,kaggle_participant,1,48000,0.39997916666666666
Kaggle,kaggle_A_A_59.wav,kaggle_participant,1,48000,0.4
Kaggle,kaggle_A_A_6.wav,kaggle_participant,1,48000,0.39997916666666666
Kaggle,kaggle_A_A_60.wav,kaggle_participant,1,48000,0.4
Kaggle,kaggle_A_A_61.wav,kaggle_participant,1,48000,0.4
Kaggle,kaggle_A_A_62.wav,kaggle_participant,1,48000,0.4
Kaggle,kaggle_A_A_63.wav,kaggle_participant,1,48000,0.4
Kaggle,kaggle_A_A_64.wav,kaggle_participant,1,48000,0.4
Kaggle,kaggle_A_A_65.wav,kaggle_participant,1,48000,0.4
Kaggle,kaggle_A_A_66.wav,kaggle_participant,1,48000,0.4
Kaggle,kaggle_A_A_67.wav,kaggle_participant,1,48000,0.4
Kaggle,kaggle_A_A_68.wav,kaggle_participant,1,48000,0.4
Kaggle,kaggle_A_A_69.wav,kaggle_participant,1,48000,0.4
Kaggle,kaggle_A_A_7.wav,kaggle_participant,1,48000,0.4
Kaggle,kaggle_A_A_70.wav,kaggle_participant,1,48000,0.4
Kaggle,kaggle_A_A_71.wav,kaggle_participant,1,48000,0.4
Kaggle,kaggle_A_A_72.wav,kaggle_participant,1,48000,0.4
Kaggle,kaggle_A_A_73.wav,kaggle_participant,1,48000,0.39997916666666666
Kaggle,kaggle_A_A_74.wav,kaggle_participant,1,48000,0.4
Kaggle,kaggle_A_A_75.wav,kaggle_participant,1,48000,0.39997916666666666
Kaggle,kaggle_A_A_76.wav,kaggle_participant,1,48000,0.4
Kaggle,kaggle_A_A_77.wav,kaggle_participant,1,48000,0.4
Kaggle,kaggle_A_A_78.wav,kaggle_participant,1,48000,0.4
Kaggle,kaggle_A_A_79.wav,kaggle_participant,1,48000,0.4
Kaggle,kaggle_A_A_8.wav,kaggle_participant,1,48000,0.4
Kaggle,kaggle_A_A_80.wav,kaggle_participant,1,48000,0.39997916666666666
Kaggle,kaggle_A_A_81.wav,kaggle_participant,1,48000,0.4
Kaggle,kaggle_A_A_82.wav,kaggle_participant,1,48000,0.4
Kaggle,kaggle_A_A_83.wav,kaggle_participant,1,48000,0.4
Kaggle,kaggle_A_A_84.wav,kaggle_participant,1,48000,0.4
Kaggle,kaggle_A_A_85.wav,kaggle_participant,1,48000,0.39997916666666666
Kaggle,kaggle_A_A_86.wav,kaggle_participant,1,48000,0.39997916666666666
Kaggle,kaggle_A_A_87.wav,kaggle_participant,1,48000,0.39997916666666666
Kaggle,kaggle_A_A_88.wav,kaggle_participant,1,48000,0.39997916666666666
Kaggle,kaggle_A_A_89.wav,kaggle_participant,1,48000,0.39997916666666666
Kaggle,kaggle_A_A_9.wav,kaggle_participant,1,48000,0.4
Kaggle,kaggle_A_A_90.wav,kaggle_participant,1,48000,0.4
Kaggle,kaggle_A_A_91.wav,kaggle_participant,1,48000,0.4
Kaggle,kaggle_A_A_92.wav,kaggle_participant,1,48000,0.4
Kaggle,kaggle_A_A_93.wav,kaggle_participant,1,48000,0.39997916666666666
Kaggle,kaggle_A_A_94.wav,kaggle_participant,1,48000,0.4
Kaggle,kaggle_A_A_95.wav,kaggle_participant,1,48000,0.4
Kaggle,kaggle_A_A_96.wav,kaggle_participant,1,48000,0.4
Kaggle,kaggle_A_A_97.wav,kaggle_participant,1,48000,0.4
Kaggle,kaggle_A_A_98.wav,kaggle_participant,1,48000,0.4
Kaggle,kaggle_A_A_99.wav,kaggle_participant,1,48000,0.39997916666666666
Kaggle,kaggle_B_B_1.wav,kaggle_participant,1,48000,0.39997916666666666
Kaggle,kaggle_B_B_10.wav,kaggle_participant,1,48000,0.4
Kaggle,kaggle_B_B_100.wav,kaggle_participant,1,48000,0.4
Kaggle,kaggle_B_B_101.wav,kaggle_participant,1,48000,0.4
Kaggle,kaggle_B_B_102.wav,kaggle_participant,1,48000,0.4
Kaggle,kaggle_B_B_103.wav,kaggle_participant,1,48000,0.4
Kaggle,kaggle_B_B_104.wav,kaggle_participant,1,48000,0.4
Kaggle,kaggle_B_B_105.wav,kaggle_participant,1,48000,0.4
Kaggle,kaggle_B_B_106.wav,kaggle_participant,1,48000,0.4
Kaggle,kaggle_B_B_107.wav,kaggle_participant,1,48000,0.4
Kaggle,kaggle_B_B_108.wav,kaggle_participant,1,48000,0.4
Kaggle,kaggle_B_B_109.wav,kaggle_participant,1,48000,0.4
Kaggle,kaggle_B_B_11.wav,kaggle_participant,1,48000,0.4
Kaggle,kaggle_B_B_110.wav,kaggle_participant,1,48000,0.4
Kaggle,kaggle_B_B_111.wav,kaggle_participant,1,48000,0.4
Kaggle,kaggle_B_B_112.wav,kaggle_participant,1,48000,0.4
Kaggle,kaggle_B_B_113.wav,kaggle_participant,1,48000,0.4
Kaggle,kaggle_B_B_114.wav,kaggle_participant,1,48000,0.4
Kaggle,kaggle_B_B_115.wav,kaggle_participant,1,48000,0.4
Kaggle,kaggle_B_B_116.wav,kaggle_participant,1,48000,0.4
Kaggle,kaggle_B_B_117.wav,kaggle_participant,1,48000,0.4
Kaggle,kaggle_B_B_118.wav,kaggle_participant,1,48000,0.4
Kaggle,kaggle_B_B_119.wav,kaggle_participant,1,48000,0.4
Kaggle,kaggle_B_B_12.wav,kaggle_participant,1,48000,0.4
Kaggle,kaggle_B_B_120.wav,kaggle_participant,1,48000,0.4
Kaggle,kaggle_B_B_121.wav,kaggle_participant,1,48000,0.4
Kaggle,kaggle_B_B_122.wav,kaggle_participant,1,48000,0.4
Kaggle,kaggle_B_B_123.wav,kaggle_participant,1,48000,0.4
Kaggle,kaggle_B_B_124.wav,kaggle_participant,1,48000,0.4
Kaggle,kaggle_B_B_125.wav,kaggle_participant,1,48000,0.4
Kaggle,kaggle_B_B_126.wav,kaggle_participant,1,48000,0.4
Kaggle,kaggle_B_B_127.wav,kaggle_participant,1,48000,0.4
Kaggle,kaggle_B_B_128.wav,kaggle_participant,1,48000,0.4
Kaggle,kaggle_B_B_129.wav,kaggle_participant,1,48000,0.4
Kaggle,kaggle_B_B_13.wav,kaggle_participant,1,48000,0.4
Kaggle,kaggle_B_B_130.wav,kaggle_participant,1,48000,0.4
Kaggle,kaggle_B_B_131.wav,kaggle_participant,1,48000,0.4
Kaggle,kaggle_B_B_132.wav,kaggle_participant,1,48000,0.4
Kaggle,kaggle_B_B_133.wav,kaggle_participant,1,48000,0.4
Kaggle,kaggle_B_B_134.wav,kaggle_participant,1,48000,0.4
Kaggle,kaggle_B_B_135.wav,kaggle_participant,1,48000,0.4
Kaggle,kaggle_B_B_136.wav,kaggle_participant,1,48000,0.4
Kaggle,kaggle_B_B_137.wav,kaggle_participant,1,48000,0.4
Kaggle,kaggle_B_B_138.wav,kaggle_participant,1,48000,0.4
Kaggle,kaggle_B_B_139.wav,kaggle_participant,1,48000,0.4
Kaggle,kaggle_B_B_14.wav,kaggle_participant,1,48000,0.4
Kaggle,kaggle_B_B_140.wav,kaggle_participant,1,48000,0.4
Kaggle,kaggle_B_B_141.wav,kaggle_participant,1,48000,0.4
Kaggle,kaggle_B_B_142.wav,kaggle_participant,1,48000,0.4
Kaggle,kaggle_B_B_143.wav,kaggle_participant,1,48000,0.4
Kaggle,kaggle_B_B_144.wav,kaggle_participant,1,48000,0.4
Kaggle,kaggle_B_B_145.wav,kaggle_participant,1,48000,0.4
Kaggle,kaggle_B_B_146.wav,kaggle_participant,1,48000,0.4
Kaggle,kaggle_B_B_147.wav,kaggle_participant,1,48000,0.4
Kaggle,kaggle_B_B_148.wav,kaggle_participant,1,48000,0.4
Kaggle,kaggle_B_B_149.wav,kaggle_participant,1,48000,0.4
Kaggle,kaggle_B_B_15.wav,kaggle_participant,1,48000,0.4
Kaggle,kaggle_B_B_150.wav,kaggle_participant,1,48000,0.4
Kaggle,kaggle_B_B_151.wav,kaggle_participant,1,48000,0.4
Kaggle,kaggle_B_B_152.wav,kaggle_participant,1,48000,0.4
Kaggle,kaggle_B_B_153.wav,kaggle_participant,1,48000,0.4
Kaggle,kaggle_B_B_154.wav,kaggle_participant,1,48000,0.4
Kaggle,kaggle_B_B_155.wav,kaggle_participant,1,48000,0.4
Kaggle,kaggle_B_B_156.wav,kaggle_participant,1,48000,0.4
Kaggle,kaggle_B_B_157.wav,kaggle_participant,1,48000,0.4
Kaggle,kaggle_B_B_158.wav,kaggle_participant,1,48000,0.4
Kaggle,kaggle_B_B_159.wav,kaggle_participant,1,48000,0.4
Kaggle,kaggle_B_B_16.wav,kaggle_participant,1,48000,0.4000208333333333
Kaggle,kaggle_B_B_160.wav,kaggle_participant,1,48000,0.4
Kaggle,kaggle_B_B_161.wav,kaggle_participant,1,48000,0.4
Kaggle,kaggle_B_B_162.wav,kaggle_participant,1,48000,0.4
Kaggle,kaggle_B_B_163.wav,kaggle_participant,1,48000,0.4
Kaggle,kaggle_B_B_164.wav,kaggle_participant,1,48000,0.4
Kaggle,kaggle_B_B_165.wav,kaggle_participant,1,48000,0.4
Kaggle,kaggle_B_B_166.wav,kaggle_participant,1,48000,0.4
Kaggle,kaggle_B_B_167.wav,kaggle_participant,1,48000,0.4
Kaggle,kaggle_B_B_168.wav,kaggle_participant,1,48000,0.4
Kaggle,kaggle_B_B_169.wav,kaggle_participant,1,48000,0.4
Kaggle,kaggle_B_B_17.wav,kaggle_participant,1,48000,0.4000208333333333
Kaggle,kaggle_B_B_170.wav,kaggle_participant,1,48000,0.4
Kaggle,kaggle_B_B_171.wav,kaggle_participant,1,48000,0.4
Kaggle,kaggle_B_B_172.wav,kaggle_participant,1,48000,0.4
Kaggle,kaggle_B_B_173.wav,kaggle_participant,1,48000,0.4
Kaggle,kaggle_B_B_174.wav,kaggle_participant,1,48000,0.4
Kaggle,kaggle_B_B_175.wav,kaggle_participant,1,48000,0.4
Kaggle,kaggle_B_B_176.wav,kaggle_participant,1,48000,0.4
Kaggle,kaggle_B_B_177.wav,kaggle_participant,1,48000,0.4
Kaggle,kaggle_B_B_178.wav,kaggle_participant,1,48000,0.4
Kaggle,kaggle_B_B_179.wav,kaggle_participant,1,48000,0.4
Kaggle,kaggle_B_B_18.wav,kaggle_participant,1,48000,0.4000208333333333
Kaggle,kaggle_B_B_180.wav,kaggle_participant,1,48000,0.4
Kaggle,kaggle_B_B_181.wav,kaggle_participant,1,48000,0.4
Kaggle,kaggle_B_B_182.wav,kaggle_participant,1,48000,0.4
Kaggle,kaggle_B_B_183.wav,kaggle_participant,1,48000,0.4
Kaggle,kaggle_B_B_184.wav,kaggle_participant,1,48000,0.4
Kaggle,kaggle_B_B_185.wav,kaggle_participant,1,48000,0.4
Kaggle,kaggle_B_B_186.wav,kaggle_participant,1,48000,0.4
Kaggle,kaggle_B_B_187.wav,kaggle_participant,1,48000,0.4
Kaggle,kaggle_B_B_188.wav,kaggle_participant,1,48000,0.4
Kaggle,kaggle_B_B_189.wav,kaggle_participant,1,48000,0.4
Kaggle,kaggle_B_B_19.wav,kaggle_participant,1,48000,0.4000208333333333
Kaggle,kaggle_B_B_190.wav,kaggle_participant,1,48000,0.4
Kaggle,kaggle_B_B_191.wav,kaggle_participant,1,48000,0.4
Kaggle,kaggle_B_B_192.wav,kaggle_participant,1,48000,0.4
Kaggle,kaggle_B_B_193.wav,kaggle_participant,1,48000,0.4
Kaggle,kaggle_B_B_194.wav,kaggle_participant,1,48000,0.4
Kaggle,kaggle_B_B_195.wav,kaggle_participant,1,48000,0.4
Kaggle,kaggle_B_B_196.wav,kaggle_participant,1,48000,0.4
Kaggle,kaggle_B_B_197.wav,kaggle_participant,1,48000,0.4
Kaggle,kaggle_B_B_198.wav,kaggle_participant,1,48000,0.4
Kaggle,kaggle_B_B_199.wav,kaggle_participant,1,48000,0.4
Kaggle,kaggle_B_B_2.wav,kaggle_participant,1,48000,0.4
Kaggle,kaggle_B_B_20.wav,kaggle_participant,1,48000,0.4
Kaggle,kaggle_B_B_200.wav,kaggle_participant,1,48000,0.4
Kaggle,kaggle_B_B_201.wav,kaggle_participant,1,48000,0.4
Kaggle,kaggle_B_B_202.wav,kaggle_participant,1,48000,0.4
Kaggle,kaggle_B_B_203.wav,kaggle_participant,1,48000,0.4
Kaggle,kaggle_B_B_204.wav,kaggle_participant,1,48000,0.4
Kaggle,kaggle_B_B_205.wav,kaggle_participant,1,48000,0.4
Kaggle,kaggle_B_B_206.wav,kaggle_participant,1,48000,0.4
Kaggle,kaggle_B_B_207.wav,kaggle_participant,1,48000,0.4
Kaggle,kaggle_B_B_208.wav,kaggle_participant,1,48000,0.4
Kaggle,kaggle_B_B_209.wav,kaggle_participant,1,48000,0.4
Kaggle,kaggle_B_B_21.wav,kaggle_participant,1,48000,0.4000208333333333
Kaggle,kaggle_B_B_210.wav,kaggle_participant,1,48000,0.4
Kaggle,kaggle_B_B_211.wav,kaggle_participant,1,48000,0.4
Kaggle,kaggle_B_B_212.wav,kaggle_participant,1,48000,0.4
Kaggle,kaggle_B_B_213.wav,kaggle_participant,1,48000,0.4
Kaggle,kaggle_B_B_214.wav,kaggle_participant,1,48000,0.4
Kaggle,kaggle_B_B_215.wav,kaggle_participant,1,48000,0.4
Kaggle,kaggle_B_B_216.wav,kaggle_participant,1,48000,0.4
Kaggle,kaggle_B_B_217.wav,kaggle_participant,1,48000,0.4
Kaggle,kaggle_B_B_218.wav,kaggle_participant,1,48000,0.4
Kaggle,kaggle_B_B_219.wav,kaggle_participant,1,48000,0.4
Kaggle,kaggle_B_B_22.wav,kaggle_participant,1,48000,0.4
Kaggle,kaggle_B_B_220.wav,kaggle_participant,1,48000,0.4
Kaggle,kaggle_B_B_221.wav,kaggle_participant,1,48000,0.4
Kaggle,kaggle_B_B_222.wav,kaggle_participant,1,48000,0.4
Kaggle,kaggle_B_B_223.wav,kaggle_participant,1,48000,0.4
Kaggle,kaggle_B_B_224.wav,kaggle_participant,1,48000,0.4
Kaggle,kaggle_B_B_225.wav,kaggle_participant,1,48000,0.4
Kaggle,kaggle_B_B_226.wav,kaggle_participant,1,48000,0.4
Kaggle,kaggle_B_B_227.wav,kaggle_participant,1,48000,0.4
Kaggle,kaggle_B_B_228.wav,kaggle_participant,1,48000,0.4
Kaggle,kaggle_B_B_229.wav,kaggle_participant,1,48000,0.4
Kaggle,kaggle_B_B_23.wav,kaggle_participant,1,48000,0.4
Kaggle,kaggle_B_B_230.wav,kaggle_participant,1,48000,0.4
Kaggle,kaggle_B_B_231.wav,kaggle_participant,1,48000,0.4
Kaggle,kaggle_B_B_232.wav,kaggle_participant,1,48000,0.4
Kaggle,kaggle_B_B_233.wav,kaggle_participant,1,48000,0.4
Kaggle,kaggle_B_B_234.wav,kaggle_participant,1,48000,0.4
Kaggle,kaggle_B_B_235.wav,kaggle_participant,1,48000,0.4
Kaggle,kaggle_B_B_236.wav,kaggle_participant,1,48000,0.4
Kaggle,kaggle_B_B_237.wav,kaggle_participant,1,48000,0.4
Kaggle,kaggle_B_B_238.wav,kaggle_participant,1,48000,0.4
Kaggle,kaggle_B_B_239.wav,kaggle_participant,1,48000,0.4
Kaggle,kaggle_B_B_24.wav,kaggle_participant,1,48000,0.4000208333333333
Kaggle,kaggle_B_B_240.wav,kaggle_participant,1,48000,0.4
Kaggle,kaggle_B_B_241.wav,kaggle_participant,1,48000,0.4
Kaggle,kaggle_B_B_242.wav,kaggle_participant,1,48000,0.4
Kaggle,kaggle_B_B_243.wav,kaggle_participant,1,48000,0.4
Kaggle,kaggle_B_B_244.wav,kaggle_participant,1,48000,0.4
Kaggle,kaggle_B_B_245.wav,kaggle_participant,1,48000,0.4
Kaggle,kaggle_B_B_246.wav,kaggle_participant,1,48000,0.4000208333333333
Kaggle,kaggle_B_B_247.wav,kaggle_participant,1,48000,0.4000208333333333
Kaggle,kaggle_B_B_248.wav,kaggle_participant,1,48000,0.4000208333333333
Kaggle,kaggle_B_B_249.wav,kaggle_participant,1,48000,0.4
Kaggle,kaggle_B_B_25.wav,kaggle_participant,1,48000,0.4
Kaggle,kaggle_B_B_250.wav,kaggle_participant,1,48000,0.4000208333333333
Kaggle,kaggle_B_B_251.wav,kaggle_participant,1,48000,0.4000208333333333
Kaggle,kaggle_B_B_252.wav,kaggle_participant,1,48000,0.4000208333333333
Kaggle,kaggle_B_B_253.wav,kaggle_participant,1,48000,0.4000208333333333
Kaggle,kaggle_B_B_254.wav,kaggle_participant,1,48000,0.4000208333333333
Kaggle,kaggle_B_B_255.wav,kaggle_participant,1,48000,0.4000208333333333
Kaggle,kaggle_B_B_256.wav,kaggle_participant,1,48000,0.4
Kaggle,kaggle_B_B_257.wav,kaggle_participant,1,48000,0.4
Kaggle,kaggle_B_B_258.wav,kaggle_participant,1,48000,0.4
Kaggle,kaggle_B_B_259.wav,kaggle_participant,1,48000,0.4000208333333333
Kaggle,kaggle_B_B_26.wav,kaggle_participant,1,48000,0.4
Kaggle,kaggle_B_B_260.wav,kaggle_participant,1,48000,0.4
Kaggle,kaggle_B_B_261.wav,kaggle_participant,1,48000,0.4000208333333333
Kaggle,kaggle_B_B_262.wav,kaggle_participant,1,48000,0.4000208333333333
Kaggle,kaggle_B_B_263.wav,kaggle_participant,1,48000,0.4000208333333333
Kaggle,kaggle_B_B_264.wav,kaggle_participant,1,48000,0.4
Kaggle,kaggle_B_B_265.wav,kaggle_participant,1,48000,0.4
Kaggle,kaggle_B_B_266.wav,kaggle_participant,1,48000,0.4000208333333333
Kaggle,kaggle_B_B_267.wav,kaggle_participant,1,48000,0.4000208333333333
Kaggle,kaggle_B_B_268.wav,kaggle_participant,1,48000,0.4
Kaggle,kaggle_B_B_269.wav,kaggle_participant,1,48000,0.4000208333333333
Kaggle,kaggle_B_B_27.wav,kaggle_participant,1,48000,0.4
Kaggle,kaggle_B_B_270.wav,kaggle_participant,1,48000,0.4000208333333333
Kaggle,kaggle_B_B_271.wav,kaggle_participant,1,48000,0.4000208333333333
Kaggle,kaggle_B_B_272.wav,kaggle_participant,1,48000,0.4
Kaggle,kaggle_B_B_273.wav,kaggle_participant,1,48000,0.4000208333333333
Kaggle,kaggle_B_B_274.wav,kaggle_participant,1,48000,0.4000208333333333
Kaggle,kaggle_B_B_275.wav,kaggle_participant,1,48000,0.4000208333333333
Kaggle,kaggle_B_B_276.wav,kaggle_participant,1,48000,0.4000208333333333
Kaggle,kaggle_B_B_277.wav,kaggle_participant,1,48000,0.4
Kaggle,kaggle_B_B_278.wav,kaggle_participant,1,48000,0.4
Kaggle,kaggle_B_B_279.wav,kaggle_participant,1,48000,0.4
Kaggle,kaggle_B_B_28.wav,kaggle_participant,1,48000,0.4
Kaggle,kaggle_B_B_280.wav,kaggle_participant,1,48000,0.4
Kaggle,kaggle_B_B_281.wav,kaggle_participant,1,48000,0.4
Kaggle,kaggle_B_B_282.wav,kaggle_participant,1,48000,0.4
Kaggle,kaggle_B_B_283.wav,kaggle_participant,1,48000,0.4000208333333333
Kaggle,kaggle_B_B_284.wav,kaggle_participant,1,48000,0.4
Kaggle,kaggle_B_B_29.wav,kaggle_participant,1,48000,0.4
Kaggle,kaggle_B_B_3.wav,kaggle_participant,1,48000,0.4
Kaggle,kaggle_B_B_30.wav,kaggle_participant,1,48000,0.4
Kaggle,kaggle_B_B_31.wav,kaggle_participant,1,48000,0.4000208333333333
Kaggle,kaggle_B_B_32.wav,kaggle_participant,1,48000,0.4
Kaggle,kaggle_B_B_33.wav,kaggle_participant,1,48000,0.4
Kaggle,kaggle_B_B_34.wav,kaggle_participant,1,48000,0.4
Kaggle,kaggle_B_B_35.wav,kaggle_participant,1,48000,0.4
Kaggle,kaggle_B_B_36.wav,kaggle_participant,1,48000,0.4
Kaggle,kaggle_B_B_37.wav,kaggle_participant,1,48000,0.39997916666666666
Kaggle,kaggle_B_B_38.wav,kaggle_participant,1,48000,0.4
Kaggle,kaggle_B_B_39.wav,kaggle_participant,1,48000,0.4
Kaggle,kaggle_B_B_4.wav,kaggle_participant,1,48000,0.4
Kaggle,kaggle_B_B_40.wav,kaggle_participant,1,48000,0.4
Kaggle,kaggle_B_B_41.wav,kaggle_participant,1,48000,0.39997916666666666
Kaggle,kaggle_B_B_42.wav,kaggle_participant,1,48000,0.4
Kaggle,kaggle_B_B_43.wav,kaggle_participant,1,48000,0.4
Kaggle,kaggle_B_B_44.wav,kaggle_participant,1,48000,0.4
Kaggle,kaggle_B_B_45.wav,kaggle_participant,1,48000,0.4
Kaggle,kaggle_B_B_46.wav,kaggle_participant,1,48000,0.4
Kaggle,kaggle_B_B_47.wav,kaggle_participant,1,48000,0.4
Kaggle,kaggle_B_B_48.wav,kaggle_participant,1,48000,0.4
Kaggle,kaggle_B_B_49.wav,kaggle_participant,1,48000,0.4
Kaggle,kaggle_B_B_5.wav,kaggle_participant,1,48000,0.4
Kaggle,kaggle_B_B_50.wav,kaggle_participant,1,48000,0.4
Kaggle,kaggle_B_B_51.wav,kaggle_participant,1,48000,0.4
Kaggle,kaggle_B_B_52.wav,kaggle_participant,1,48000,0.4
Kaggle,kaggle_B_B_53.wav,kaggle_participant,1,48000,0.4
Kaggle,kaggle_B_B_54.wav,kaggle_participant,1,48000,0.4
Kaggle,kaggle_B_B_55.wav,kaggle_participant,1,48000,0.39997916666666666
Kaggle,kaggle_B_B_56.wav,kaggle_participant,1,48000,0.4
Kaggle,kaggle_B_B_57.wav,kaggle_participant,1,48000,0.4
Kaggle,kaggle_B_B_58.wav,kaggle_participant,1,48000,0.4
Kaggle,kaggle_B_B_59.wav,kaggle_participant,1,48000,0.4
Kaggle,kaggle_B_B_6.wav,kaggle_participant,1,48000,0.4
Kaggle,kaggle_B_B_60.wav,kaggle_participant,1,48000,0.39997916666666666
Kaggle,kaggle_B_B_61.wav,kaggle_participant,1,48000,0.4
Kaggle,kaggle_B_B_62.wav,kaggle_participant,1,48000,0.4
Kaggle,kaggle_B_B_63.wav,kaggle_participant,1,48000,0.4
Kaggle,kaggle_B_B_64.wav,kaggle_participant,1,48000,0.4
Kaggle,kaggle_B_B_65.wav,kaggle_participant,1,48000,0.39997916666666666
Kaggle,kaggle_B_B_66.wav,kaggle_participant,1,48000,0.4
Kaggle,kaggle_B_B_67.wav,kaggle_participant,1,48000,0.4
Kaggle,kaggle_B_B_68.wav,kaggle_participant,1,48000,0.39997916666666666
Kaggle,kaggle_B_B_69.wav,kaggle_participant,1,48000,0.4
Kaggle,kaggle_B_B_7.wav,kaggle_participant,1,48000,0.4
Kaggle,kaggle_B_B_70.wav,kaggle_participant,1,48000,0.4
Kaggle,kaggle_B_B_71.wav,kaggle_participant,1,48000,0.4
Kaggle,kaggle_B_B_72.wav,kaggle_participant,1,48000,0.4
Kaggle,kaggle_B_B_73.wav,kaggle_participant,1,48000,0.39997916666666666
Kaggle,kaggle_B_B_74.wav,kaggle_participant,1,48000,0.4
Kaggle,kaggle_B_B_75.wav,kaggle_participant,1,48000,0.39997916666666666
Kaggle,kaggle_B_B_76.wav,kaggle_participant,1,48000,0.39997916666666666
Kaggle,kaggle_B_B_77.wav,kaggle_participant,1,48000,0.4
Kaggle,kaggle_B_B_78.wav,kaggle_participant,1,48000,0.4
Kaggle,kaggle_B_B_79.wav,kaggle_participant,1,48000,0.4
Kaggle,kaggle_B_B_8.wav,kaggle_participant,1,48000,0.4
Kaggle,kaggle_B_B_80.wav,kaggle_participant,1,48000,0.39997916666666666
Kaggle,kaggle_B_B_81.wav,kaggle_participant,1,48000,0.4
Kaggle,kaggle_B_B_82.wav,kaggle_participant,1,48000,0.4
Kaggle,kaggle_B_B_83.wav,kaggle_participant,1,48000,0.39997916666666666
Kaggle,kaggle_B_B_84.wav,kaggle_participant,1,48000,0.4
Kaggle,kaggle_B_B_85.wav,kaggle_participant,1,48000,0.4
Kaggle,kaggle_B_B_86.wav,kaggle_participant,1,48000,0.4
Kaggle,kaggle_B_B_87.wav,kaggle_participant,1,48000,0.4
Kaggle,kaggle_B_B_88.wav,kaggle_participant,1,48000,0.4
Kaggle,kaggle_B_B_89.wav,kaggle_participant,1,48000,0.4
Kaggle,kaggle_B_B_9.wav,kaggle_participant,1,48000,0.4
Kaggle,kaggle_B_B_90.wav,kaggle_participant,1,48000,0.4
Kaggle,kaggle_B_B_91.wav,kaggle_participant,1,48000,0.4
Kaggle,kaggle_B_B_92.wav,kaggle_participant,1,48000,0.4
Kaggle,kaggle_B_B_93.wav,kaggle_participant,1,48000,0.4
Kaggle,kaggle_B_B_94.wav,kaggle_participant,1,48000,0.4
Kaggle,kaggle_B_B_95.wav,kaggle_participant,1,48000,0.4
Kaggle,kaggle_B_B_96.wav,kaggle_participant,1,48000,0.4
Kaggle,kaggle_B_B_97.wav,kaggle_participant,1,48000,0.4
Kaggle,kaggle_B_B_98.wav,kaggle_participant,1,48000,0.4
Kaggle,kaggle_B_B_99.wav,kaggle_participant,1,48000,0.4
Kaggle,kaggle_C_C_1.wav,kaggle_participant,1,48000,0.4
Kaggle,kaggle_C_C_10.wav,kaggle_participant,1,48000,0.4
Kaggle,kaggle_C_C_100.wav,kaggle_participant,1,48000,0.4
Kaggle,kaggle_C_C_101.wav,kaggle_participant,1,48000,0.4
Kaggle,kaggle_C_C_102.wav,kaggle_participant,1,48000,0.4
Kaggle,kaggle_C_C_103.wav,kaggle_participant,1,48000,0.4
Kaggle,kaggle_C_C_104.wav,kaggle_participant,1,48000,0.4
Kaggle,kaggle_C_C_105.wav,kaggle_participant,1,48000,0.4
Kaggle,kaggle_C_C_106.wav,kaggle_participant,1,48000,0.4
Kaggle,kaggle_C_C_107.wav,kaggle_participant,1,48000,0.4
Kaggle,kaggle_C_C_108.wav,kaggle_participant,1,48000,0.4
Kaggle,kaggle_C_C_109.wav,kaggle_participant,1,48000,0.4
Kaggle,kaggle_C_C_11.wav,kaggle_participant,1,48000,0.4
Kaggle,kaggle_C_C_110.wav,kaggle_participant,1,48000,0.4
Kaggle,kaggle_C_C_111.wav,kaggle_participant,1,48000,0.4
Kaggle,kaggle_C_C_112.wav,kaggle_participant,1,48000,0.4
Kaggle,kaggle_C_C_113.wav,kaggle_participant,1,48000,0.4
Kaggle,kaggle_C_C_114.wav,kaggle_participant,1,48000,0.4
Kaggle,kaggle_C_C_115.wav,kaggle_participant,1,48000,0.4
Kaggle,kaggle_C_C_116.wav,kaggle_participant,1,48000,0.4
Kaggle,kaggle_C_C_117.wav,kaggle_participant,1,48000,0.4
Kaggle,kaggle_C_C_118.wav,kaggle_participant,1,48000,0.4
Kaggle,kaggle_C_C_119.wav,kaggle_participant,1,48000,0.39997916666666666
Kaggle,kaggle_C_C_12.wav,kaggle_participant,1,48000,0.4
Kaggle,kaggle_C_C_120.wav,kaggle_participant,1,48000,0.4
Kaggle,kaggle_C_C_121.wav,kaggle_participant,1,48000,0.4
Kaggle,kaggle_C_C_122.wav,kaggle_participant,1,48000,0.4
Kaggle,kaggle_C_C_123.wav,kaggle_participant,1,48000,0.4
Kaggle,kaggle_C_C_124.wav,kaggle_participant,1,48000,0.4
Kaggle,kaggle_C_C_125.wav,kaggle_participant,1,48000,0.4
Kaggle,kaggle_C_C_126.wav,kaggle_participant,1,48000,0.4
Kaggle,kaggle_C_C_127.wav,kaggle_participant,1,48000,0.4
Kaggle,kaggle_C_C_128.wav,kaggle_participant,1,48000,0.4
Kaggle,kaggle_C_C_129.wav,kaggle_participant,1,48000,0.4
Kaggle,kaggle_C_C_13.wav,kaggle_participant,1,48000,0.4
Kaggle,kaggle_C_C_130.wav,kaggle_participant,1,48000,0.4
Kaggle,kaggle_C_C_131.wav,kaggle_participant,1,48000,0.4
Kaggle,kaggle_C_C_132.wav,kaggle_participant,1,48000,0.4
Kaggle,kaggle_C_C_133.wav,kaggle_participant,1,48000,0.4
Kaggle,kaggle_C_C_134.wav,kaggle_participant,1,48000,0.4
Kaggle,kaggle_C_C_135.wav,kaggle_participant,1,48000,0.4
Kaggle,kaggle_C_C_136.wav,kaggle_participant,1,48000,0.4
Kaggle,kaggle_C_C_137.wav,kaggle_participant,1,48000,0.4
Kaggle,kaggle_C_C_138.wav,kaggle_participant,1,48000,0.4
Kaggle,kaggle_C_C_139.wav,kaggle_participant,1,48000,0.4
Kaggle,kaggle_C_C_14.wav,kaggle_participant,1,48000,0.4
Kaggle,kaggle_C_C_140.wav,kaggle_participant,1,48000,0.4
Kaggle,kaggle_C_C_141.wav,kaggle_participant,1,48000,0.4
Kaggle,kaggle_C_C_142.wav,kaggle_participant,1,48000,0.4
Kaggle,kaggle_C_C_143.wav,kaggle_participant,1,48000,0.4
Kaggle,kaggle_C_C_144.wav,kaggle_participant,1,48000,0.4
Kaggle,kaggle_C_C_145.wav,kaggle_participant,1,48000,0.4
Kaggle,kaggle_C_C_146.wav,kaggle_participant,1,48000,0.4
Kaggle,kaggle_C_C_147.wav,kaggle_participant,1,48000,0.4
Kaggle,kaggle_C_C_148.wav,kaggle_participant,1,48000,0.4
Kaggle,kaggle_C_C_149.wav,kaggle_participant,1,48000,0.4
Kaggle,kaggle_C_C_15.wav,kaggle_participant,1,48000,0.4
Kaggle,kaggle_C_C_150.wav,kaggle_participant,1,48000,0.4
Kaggle,kaggle_C_C_151.wav,kaggle_participant,1,48000,0.4
Kaggle,kaggle_C_C_152.wav,kaggle_participant,1,48000,0.4
Kaggle,kaggle_C_C_153.wav,kaggle_participant,1,48000,0.4
Kaggle,kaggle_C_C_154.wav,kaggle_participant,1,48000,0.4
Kaggle,kaggle_C_C_155.wav,kaggle_participant,1,48000,0.4
Kaggle,kaggle_C_C_156.wav,kaggle_participant,1,48000,0.4
Kaggle,kaggle_C_C_157.wav,kaggle_participant,1,48000,0.4
Kaggle,kaggle_C_C_158.wav,kaggle_participant,1,48000,0.4
Kaggle,kaggle_C_C_159.wav,kaggle_participant,1,48000,0.4
Kaggle,kaggle_C_C_16.wav,kaggle_participant,1,48000,0.4
Kaggle,kaggle_C_C_160.wav,kaggle_participant,1,48000,0.4
Kaggle,kaggle_C_C_161.wav,kaggle_participant,1,48000,0.4
Kaggle,kaggle_C_C_162.wav,kaggle_participant,1,48000,0.4
Kaggle,kaggle_C_C_163.wav,kaggle_participant,1,48000,0.4
Kaggle,kaggle_C_C_164.wav,kaggle_participant,1,48000,0.4
Kaggle,kaggle_C_C_165.wav,kaggle_participant,1,48000,0.4
Kaggle,kaggle_C_C_166.wav,kaggle_participant,1,48000,0.4
Kaggle,kaggle_C_C_167.wav,kaggle_participant,1,48000,0.4
Kaggle,kaggle_C_C_168.wav,kaggle_participant,1,48000,0.4
Kaggle,kaggle_C_C_169.wav,kaggle_participant,1,48000,0.4
Kaggle,kaggle_C_C_17.wav,kaggle_participant,1,48000,0.4
Kaggle,kaggle_C_C_170.wav,kaggle_participant,1,48000,0.4
Kaggle,kaggle_C_C_171.wav,kaggle_participant,1,48000,0.4
Kaggle,kaggle_C_C_172.wav,kaggle_participant,1,48000,0.4
Kaggle,kaggle_C_C_173.wav,kaggle_participant,1,48000,0.4
Kaggle,kaggle_C_C_174.wav,kaggle_participant,1,48000,0.4
Kaggle,kaggle_C_C_175.wav,kaggle_participant,1,48000,0.4
Kaggle,kaggle_C_C_176.wav,kaggle_participant,1,48000,0.4
Kaggle,kaggle_C_C_177.wav,kaggle_participant,1,48000,0.4
Kaggle,kaggle_C_C_178.wav,kaggle_participant,1,48000,0.4
Kaggle,kaggle_C_C_179.wav,kaggle_participant,1,48000,0.4
Kaggle,kaggle_C_C_18.wav,kaggle_participant,1,48000,0.4
Kaggle,kaggle_C_C_180.wav,kaggle_participant,1,48000,0.4
Kaggle,kaggle_C_C_181.wav,kaggle_participant,1,48000,0.4
Kaggle,kaggle_C_C_182.wav,kaggle_participant,1,48000,0.4
Kaggle,kaggle_C_C_183.wav,kaggle_participant,1,48000,0.4
Kaggle,kaggle_C_C_184.wav,kaggle_participant,1,48000,0.4
Kaggle,kaggle_C_C_185.wav,kaggle_participant,1,48000,0.4
Kaggle,kaggle_C_C_186.wav,kaggle_participant,1,48000,0.4
Kaggle,kaggle_C_C_187.wav,kaggle_participant,1,48000,0.4
Kaggle,kaggle_C_C_188.wav,kaggle_participant,1,48000,0.4
Kaggle,kaggle_C_C_189.wav,kaggle_participant,1,48000,0.4
Kaggle,kaggle_C_C_19.wav,kaggle_participant,1,48000,0.4
Kaggle,kaggle_C_C_190.wav,kaggle_participant,1,48000,0.4
Kaggle,kaggle_C_C_191.wav,kaggle_participant,1,48000,0.4
Kaggle,kaggle_C_C_192.wav,kaggle_participant,1,48000,0.4
Kaggle,kaggle_C_C_193.wav,kaggle_participant,1,48000,0.4
Kaggle,kaggle_C_C_194.wav,kaggle_participant,1,48000,0.4
Kaggle,kaggle_C_C_195.wav,kaggle_participant,1,48000,0.4
Kaggle,kaggle_C_C_196.wav,kaggle_participant,1,48000,0.4
Kaggle,kaggle_C_C_197.wav,kaggle_participant,1,48000,0.4
Kaggle,kaggle_C_C_198.wav,kaggle_participant,1,48000,0.4
Kaggle,kaggle_C_C_199.wav,kaggle_participant,1,48000,0.4
Kaggle,kaggle_C_C_2.wav,kaggle_participant,1,48000,0.4
Kaggle,kaggle_C_C_20.wav,kaggle_participant,1,48000,0.4
Kaggle,kaggle_C_C_200.wav,kaggle_participant,1,48000,0.4
Kaggle,kaggle_C_C_201.wav,kaggle_participant,1,48000,0.4
Kaggle,kaggle_C_C_202.wav,kaggle_participant,1,48000,0.4
Kaggle,kaggle_C_C_203.wav,kaggle_participant,1,48000,0.4
Kaggle,kaggle_C_C_204.wav,kaggle_participant,1,48000,0.4
Kaggle,kaggle_C_C_205.wav,kaggle_participant,1,48000,0.4
Kaggle,kaggle_C_C_206.wav,kaggle_participant,1,48000,0.4
Kaggle,kaggle_C_C_207.wav,kaggle_participant,1,48000,0.4
Kaggle,kaggle_C_C_208.wav,kaggle_participant,1,48000,0.4
Kaggle,kaggle_C_C_209.wav,kaggle_participant,1,48000,0.4
Kaggle,kaggle_C_C_21.wav,kaggle_participant,1,48000,0.4000208333333333
Kaggle,kaggle_C_C_210.wav,kaggle_participant,1,48000,0.4
Kaggle,kaggle_C_C_211.wav,kaggle_participant,1,48000,0.4
Kaggle,kaggle_C_C_212.wav,kaggle_participant,1,48000,0.4
Kaggle,kaggle_C_C_213.wav,kaggle_participant,1,48000,0.4
Kaggle,kaggle_C_C_214.wav,kaggle_participant,1,48000,0.4
Kaggle,kaggle_C_C_215.wav,kaggle_participant,1,48000,0.4
Kaggle,kaggle_C_C_216.wav,kaggle_participant,1,48000,0.4
Kaggle,kaggle_C_C_217.wav,kaggle_participant,1,48000,0.4
Kaggle,kaggle_C_C_218.wav,kaggle_participant,1,48000,0.4
Kaggle,kaggle_C_C_219.wav,kaggle_participant,1,48000,0.4
Kaggle,kaggle_C_C_22.wav,kaggle_participant,1,48000,0.4000208333333333
Kaggle,kaggle_C_C_220.wav,kaggle_participant,1,48000,0.4
Kaggle,kaggle_C_C_221.wav,kaggle_participant,1,48000,0.4
Kaggle,kaggle_C_C_222.wav,kaggle_participant,1,48000,0.4
Kaggle,kaggle_C_C_223.wav,kaggle_participant,1,48000,0.4
Kaggle,kaggle_C_C_224.wav,kaggle_participant,1,48000,0.4
Kaggle,kaggle_C_C_225.wav,kaggle_participant,1,48000,0.4
Kaggle,kaggle_C_C_226.wav,kaggle_participant,1,48000,0.4
Kaggle,kaggle_C_C_227.wav,kaggle_participant,1,48000,0.4
Kaggle,kaggle_C_C_228.wav,kaggle_participant,1,48000,0.4
Kaggle,kaggle_C_C_229.wav,kaggle_participant,1,48000,0.4
Kaggle,kaggle_C_C_23.wav,kaggle_participant,1,48000,0.4
Kaggle,kaggle_C_C_230.wav,kaggle_participant,1,48000,0.4
Kaggle,kaggle_C_C_231.wav,kaggle_participant,1,48000,0.4
Kaggle,kaggle_C_C_232.wav,kaggle_participant,1,48000,0.4
Kaggle,kaggle_C_C_233.wav,kaggle_participant,1,48000,0.4
Kaggle,kaggle_C_C_234.wav,kaggle_participant,1,48000,0.4
Kaggle,kaggle_C_C_235.wav,kaggle_participant,1,48000,0.4
Kaggle,kaggle_C_C_236.wav,kaggle_participant,1,48000,0.4
Kaggle,kaggle_C_C_237.wav,kaggle_participant,1,48000,0.4
Kaggle,kaggle_C_C_238.wav,kaggle_participant,1,48000,0.4
Kaggle,kaggle_C_C_239.wav,kaggle_participant,1,48000,0.4
Kaggle,kaggle_C_C_24.wav,kaggle_participant,1,48000,0.4
Kaggle,kaggle_C_C_240.wav,kaggle_participant,1,48000,0.4
Kaggle,kaggle_C_C_241.wav,kaggle_participant,1,48000,0.4
Kaggle,kaggle_C_C_242.wav,kaggle_participant,1,48000,0.4
Kaggle,kaggle_C_C_243.wav,kaggle_participant,1,48000,0.4
Kaggle,kaggle_C_C_244.wav,kaggle_participant,1,48000,0.4
Kaggle,kaggle_C_C_245.wav,kaggle_participant,1,48000,0.4
Kaggle,kaggle_C_C_246.wav,kaggle_participant,1,48000,0.4
Kaggle,kaggle_C_C_247.wav,kaggle_participant,1,48000,0.4
Kaggle,kaggle_C_C_248.wav,kaggle_participant,1,48000,0.4
Kaggle,kaggle_C_C_249.wav,kaggle_participant,1,48000,0.4
Kaggle,kaggle_C_C_25.wav,kaggle_participant,1,48000,0.4
Kaggle,kaggle_C_C_250.wav,kaggle_participant,1,48000,0.4
Kaggle,kaggle_C_C_251.wav,kaggle_participant,1,48000,0.4
Kaggle,kaggle_C_C_252.wav,kaggle_participant,1,48000,0.4
Kaggle,kaggle_C_C_253.wav,kaggle_participant,1,48000,0.4
Kaggle,kaggle_C_C_254.wav,kaggle_participant,1,48000,0.4
Kaggle,kaggle_C_C_255.wav,kaggle_participant,1,48000,0.4
Kaggle,kaggle_C_C_256.wav,kaggle_participant,1,48000,0.4
Kaggle,kaggle_C_C_257.wav,kaggle_participant,1,48000,0.4
Kaggle,kaggle_C_C_258.wav,kaggle_participant,1,48000,0.4
Kaggle,kaggle_C_C_259.wav,kaggle_participant,1,48000,0.4
Kaggle,kaggle_C_C_26.wav,kaggle_participant,1,48000,0.4000208333333333
Kaggle,kaggle_C_C_260.wav,kaggle_participant,1,48000,0.4
Kaggle,kaggle_C_C_261.wav,kaggle_participant,1,48000,0.4
Kaggle,kaggle_C_C_262.wav,kaggle_participant,1,48000,0.4
Kaggle,kaggle_C_C_263.wav,kaggle_participant,1,48000,0.4
Kaggle,kaggle_C_C_264.wav,kaggle_participant,1,48000,0.4
Kaggle,kaggle_C_C_265.wav,kaggle_participant,1,48000,0.39997916666666666
Kaggle,kaggle_C_C_266.wav,kaggle_participant,1,48000,0.4
Kaggle,kaggle_C_C_267.wav,kaggle_participant,1,48000,0.4
Kaggle,kaggle_C_C_268.wav,kaggle_participant,1,48000,0.4000208333333333
Kaggle,kaggle_C_C_269.wav,kaggle_participant,1,48000,0.4000208333333333
Kaggle,kaggle_C_C_27.wav,kaggle_participant,1,48000,0.4
Kaggle,kaggle_C_C_270.wav,kaggle_participant,1,48000,0.4000208333333333
Kaggle,kaggle_C_C_271.wav,kaggle_participant,1,48000,0.4
Kaggle,kaggle_C_C_272.wav,kaggle_participant,1,48000,0.4000208333333333
Kaggle,kaggle_C_C_273.wav,kaggle_participant,1,48000,0.4000208333333333
Kaggle,kaggle_C_C_274.wav,kaggle_participant,1,48000,0.4000208333333333
Kaggle,kaggle_C_C_275.wav,kaggle_participant,1,48000,0.4
Kaggle,kaggle_C_C_276.wav,kaggle_participant,1,48000,0.4000208333333333
Kaggle,kaggle_C_C_277.wav,kaggle_participant,1,48000,0.4
Kaggle,kaggle_C_C_278.wav,kaggle_participant,1,48000,0.4000208333333333
Kaggle,kaggle_C_C_279.wav,kaggle_participant,1,48000,0.4
Kaggle,kaggle_C_C_28.wav,kaggle_participant,1,48000,0.4000208333333333
Kaggle,kaggle_C_C_280.wav,kaggle_participant,1,48000,0.4
Kaggle,kaggle_C_C_281.wav,kaggle_participant,1,48000,0.4000208333333333
Kaggle,kaggle_C_C_282.wav,kaggle_participant,1,48000,0.4000208333333333
Kaggle,kaggle_C_C_283.wav,kaggle_participant,1,48000,0.4
Kaggle,kaggle_C_C_284.wav,kaggle_participant,1,48000,0.4
Kaggle,kaggle_C_C_285.wav,kaggle_participant,1,48000,0.4000208333333333
Kaggle,kaggle_C_C_286.wav,kaggle_participant,1,48000,0.4
Kaggle,kaggle_C_C_287.wav,kaggle_participant,1,48000,0.4000208333333333
Kaggle,kaggle_C_C_288.wav,kaggle_participant,1,48000,0.4000208333333333
Kaggle,kaggle_C_C_289.wav,kaggle_participant,1,48000,0.4
Kaggle,kaggle_C_C_29.wav,kaggle_participant,1,48000,0.4
Kaggle,kaggle_C_C_290.wav,kaggle_participant,1,48000,0.4
Kaggle,kaggle_C_C_291.wav,kaggle_participant,1,48000,0.4000208333333333
Kaggle,kaggle_C_C_292.wav,kaggle_participant,1,48000,0.4
Kaggle,kaggle_C_C_293.wav,kaggle_participant,1,48000,0.4000208333333333
Kaggle,kaggle_C_C_294.wav,kaggle_participant,1,48000,0.4000208333333333
Kaggle,kaggle_C_C_295.wav,kaggle_participant,1,48000,0.4
Kaggle,kaggle_C_C_296.wav,kaggle_participant,1,48000,0.4000208333333333
Kaggle,kaggle_C_C_297.wav,kaggle_participant,1,48000,0.4000208333333333
Kaggle,kaggle_C_C_298.wav,kaggle_participant,1,48000,0.4
Kaggle,kaggle_C_C_299.wav,kaggle_participant,1,48000,0.4000208333333333
Kaggle,kaggle_C_C_3.wav,kaggle_participant,1,48000,0.4
Kaggle,kaggle_C_C_30.wav,kaggle_participant,1,48000,0.4
Kaggle,kaggle_C_C_300.wav,kaggle_participant,1,48000,0.4000208333333333
Kaggle,kaggle_C_C_301.wav,kaggle_participant,1,48000,0.4000208333333333
Kaggle,kaggle_C_C_302.wav,kaggle_participant,1,48000,0.4000208333333333
Kaggle,kaggle_C_C_303.wav,kaggle_participant,1,48000,0.4
Kaggle,kaggle_C_C_304.wav,kaggle_participant,1,48000,0.4
Kaggle,kaggle_C_C_305.wav,kaggle_participant,1,48000,0.4
Kaggle,kaggle_C_C_306.wav,kaggle_participant,1,48000,0.4
Kaggle,kaggle_C_C_307.wav,kaggle_participant,1,48000,0.4000208333333333
Kaggle,kaggle_C_C_308.wav,kaggle_participant,1,48000,0.4
Kaggle,kaggle_C_C_309.wav,kaggle_participant,1,48000,0.4000208333333333
Kaggle,kaggle_C_C_31.wav,kaggle_participant,1,48000,0.4
Kaggle,kaggle_C_C_310.wav,kaggle_participant,1,48000,0.4000208333333333
Kaggle,kaggle_C_C_311.wav,kaggle_participant,1,48000,0.4000208333333333
Kaggle,kaggle_C_C_312.wav,kaggle_participant,1,48000,0.4000208333333333
Kaggle,kaggle_C_C_313.wav,kaggle_participant,1,48000,0.4000208333333333
Kaggle,kaggle_C_C_32.wav,kaggle_participant,1,48000,0.4
Kaggle,kaggle_C_C_33.wav,kaggle_participant,1,48000,0.4
Kaggle,kaggle_C_C_34.wav,kaggle_participant,1,48000,0.4
Kaggle,kaggle_C_C_35.wav,kaggle_participant,1,48000,0.4
Kaggle,kaggle_C_C_36.wav,kaggle_participant,1,48000,0.4
Kaggle,kaggle_C_C_37.wav,kaggle_participant,1,48000,0.4
Kaggle,kaggle_C_C_38.wav,kaggle_participant,1,48000,0.4
Kaggle,kaggle_C_C_39.wav,kaggle_participant,1,48000,0.4
Kaggle,kaggle_C_C_4.wav,kaggle_participant,1,48000,0.4
Kaggle,kaggle_C_C_40.wav,kaggle_participant,1,48000,0.4
Kaggle,kaggle_C_C_41.wav,kaggle_participant,1,48000,0.4
Kaggle,kaggle_C_C_42.wav,kaggle_participant,1,48000,0.4
Kaggle,kaggle_C_C_43.wav,kaggle_participant,1,48000,0.39997916666666666
Kaggle,kaggle_C_C_44.wav,kaggle_participant,1,48000,0.4
Kaggle,kaggle_C_C_45.wav,kaggle_participant,1,48000,0.4
Kaggle,kaggle_C_C_46.wav,kaggle_participant,1,48000,0.4
Kaggle,kaggle_C_C_47.wav,kaggle_participant,1,48000,0.4
Kaggle,kaggle_C_C_48.wav,kaggle_participant,1,48000,0.39997916666666666
Kaggle,kaggle_C_C_49.wav,kaggle_participant,1,48000,0.4
Kaggle,kaggle_C_C_5.wav,kaggle_participant,1,48000,0.39997916666666666
Kaggle,kaggle_C_C_50.wav,kaggle_participant,1,48000,0.4
Kaggle,kaggle_C_C_51.wav,kaggle_participant,1,48000,0.4
Kaggle,kaggle_C_C_52.wav,kaggle_participant,1,48000,0.4
Kaggle,kaggle_C_C_53.wav,kaggle_participant,1,48000,0.39997916666666666
Kaggle,kaggle_C_C_54.wav,kaggle_participant,1,48000,0.4
Kaggle,kaggle_C_C_55.wav,kaggle_participant,1,48000,0.4
Kaggle,kaggle_C_C_56.wav,kaggle_participant,1,48000,0.4
Kaggle,kaggle_C_C_57.wav,kaggle_participant,1,48000,0.4
Kaggle,kaggle_C_C_58.wav,kaggle_participant,1,48000,0.39997916666666666
Kaggle,kaggle_C_C_59.wav,kaggle_participant,1,48000,0.4
Kaggle,kaggle_C_C_6.wav,kaggle_participant,1,48000,0.4
Kaggle,kaggle_C_C_60.wav,kaggle_participant,1,48000,0.4
Kaggle,kaggle_C_C_61.wav,kaggle_participant,1,48000,0.4
Kaggle,kaggle_C_C_62.wav,kaggle_participant,1,48000,0.4
Kaggle,kaggle_C_C_63.wav,kaggle_participant,1,48000,0.4
Kaggle,kaggle_C_C_64.wav,kaggle_participant,1,48000,0.4
Kaggle,kaggle_C_C_65.wav,kaggle_participant,1,48000,0.39997916666666666
Kaggle,kaggle_C_C_66.wav,kaggle_participant,1,48000,0.4
Kaggle,kaggle_C_C_67.wav,kaggle_participant,1,48000,0.39997916666666666
Kaggle,kaggle_C_C_68.wav,kaggle_participant,1,48000,0.4
Kaggle,kaggle_C_C_69.wav,kaggle_participant,1,48000,0.39997916666666666
Kaggle,kaggle_C_C_7.wav,kaggle_participant,1,48000,0.4
Kaggle,kaggle_C_C_70.wav,kaggle_participant,1,48000,0.4
Kaggle,kaggle_C_C_71.wav,kaggle_participant,1,48000,0.4
Kaggle,kaggle_C_C_72.wav,kaggle_participant,1,48000,0.39997916666666666
Kaggle,kaggle_C_C_73.wav,kaggle_participant,1,48000,0.4
Kaggle,kaggle_C_C_74.wav,kaggle_participant,1,48000,0.4
Kaggle,kaggle_C_C_75.wav,kaggle_participant,1,48000,0.39997916666666666
Kaggle,kaggle_C_C_76.wav,kaggle_participant,1,48000,0.4
Kaggle,kaggle_C_C_77.wav,kaggle_participant,1,48000,0.39997916666666666
Kaggle,kaggle_C_C_78.wav,kaggle_participant,1,48000,0.4
Kaggle,kaggle_C_C_79.wav,kaggle_participant,1,48000,0.4
Kaggle,kaggle_C_C_8.wav,kaggle_participant,1,48000,0.39997916666666666
Kaggle,kaggle_C_C_80.wav,kaggle_participant,1,48000,0.4
Kaggle,kaggle_C_C_81.wav,kaggle_participant,1,48000,0.39997916666666666
Kaggle,kaggle_C_C_82.wav,kaggle_participant,1,48000,0.39997916666666666
Kaggle,kaggle_C_C_83.wav,kaggle_participant,1,48000,0.4
Kaggle,kaggle_C_C_84.wav,kaggle_participant,1,48000,0.4
Kaggle,kaggle_C_C_85.wav,kaggle_participant,1,48000,0.4
Kaggle,kaggle_C_C_86.wav,kaggle_participant,1,48000,0.4
Kaggle,kaggle_C_C_87.wav,kaggle_participant,1,48000,0.39997916666666666
Kaggle,kaggle_C_C_88.wav,kaggle_participant,1,48000,0.39997916666666666
Kaggle,kaggle_C_C_89.wav,kaggle_participant,1,48000,0.4
Kaggle,kaggle_C_C_9.wav,kaggle_participant,1,48000,0.4
Kaggle,kaggle_C_C_90.wav,kaggle_participant,1,48000,0.4
Kaggle,kaggle_C_C_91.wav,kaggle_participant,1,48000,0.4
Kaggle,kaggle_C_C_92.wav,kaggle_participant,1,48000,0.4
Kaggle,kaggle_C_C_93.wav,kaggle_participant,1,48000,0.4
Kaggle,kaggle_C_C_94.wav,kaggle_participant,1,48000,0.4
Kaggle,kaggle_C_C_95.wav,kaggle_participant,1,48000,0.4
Kaggle,kaggle_C_C_96.wav,kaggle_participant,1,48000,0.4
Kaggle,kaggle_C_C_97.wav,kaggle_participant,1,48000,0.4
Kaggle,kaggle_C_C_98.wav,kaggle_participant,1,48000,0.4
Kaggle,kaggle_C_C_99.wav,kaggle_participant,1,48000,0.4
Kaggle,kaggle_D_D_1.wav,kaggle_participant,1,48000,0.4
Kaggle,kaggle_D_D_10.wav,kaggle_participant,1,48000,0.4
Kaggle,kaggle_D_D_100.wav,kaggle_participant,1,48000,0.4
Kaggle,kaggle_D_D_101.wav,kaggle_participant,1,48000,0.4
Kaggle,kaggle_D_D_102.wav,kaggle_participant,1,48000,0.4
Kaggle,kaggle_D_D_103.wav,kaggle_participant,1,48000,0.4
Kaggle,kaggle_D_D_104.wav,kaggle_participant,1,48000,0.4
Kaggle,kaggle_D_D_105.wav,kaggle_participant,1,48000,0.4
Kaggle,kaggle_D_D_106.wav,kaggle_participant,1,48000,0.4
Kaggle,kaggle_D_D_107.wav,kaggle_participant,1,48000,0.4
Kaggle,kaggle_D_D_108.wav,kaggle_participant,1,48000,0.4
Kaggle,kaggle_D_D_109.wav,kaggle_participant,1,48000,0.4
Kaggle,kaggle_D_D_11.wav,kaggle_participant,1,48000,0.4
Kaggle,kaggle_D_D_110.wav,kaggle_participant,1,48000,0.4
Kaggle,kaggle_D_D_111.wav,kaggle_participant,1,48000,0.4
Kaggle,kaggle_D_D_112.wav,kaggle_participant,1,48000,0.4
Kaggle,kaggle_D_D_113.wav,kaggle_participant,1,48000,0.4
Kaggle,kaggle_D_D_114.wav,kaggle_participant,1,48000,0.4
Kaggle,kaggle_D_D_115.wav,kaggle_participant,1,48000,0.4
Kaggle,kaggle_D_D_116.wav,kaggle_participant,1,48000,0.4
Kaggle,kaggle_D_D_117.wav,kaggle_participant,1,48000,0.4
Kaggle,kaggle_D_D_118.wav,kaggle_participant,1,48000,0.4
Kaggle,kaggle_D_D_119.wav,kaggle_participant,1,48000,0.4
Kaggle,kaggle_D_D_12.wav,kaggle_participant,1,48000,0.4
Kaggle,kaggle_D_D_120.wav,kaggle_participant,1,48000,0.4
Kaggle,kaggle_D_D_121.wav,kaggle_participant,1,48000,0.4
Kaggle,kaggle_D_D_122.wav,kaggle_participant,1,48000,0.4
Kaggle,kaggle_D_D_123.wav,kaggle_participant,1,48000,0.4
Kaggle,kaggle_D_D_124.wav,kaggle_participant,1,48000,0.4
Kaggle,kaggle_D_D_125.wav,kaggle_participant,1,48000,0.4
Kaggle,kaggle_D_D_126.wav,kaggle_participant,1,48000,0.4
Kaggle,kaggle_D_D_127.wav,kaggle_participant,1,48000,0.4
Kaggle,kaggle_D_D_128.wav,kaggle_participant,1,48000,0.4
Kaggle,kaggle_D_D_129.wav,kaggle_participant,1,48000,0.4
Kaggle,kaggle_D_D_13.wav,kaggle_participant,1,48000,0.4
Kaggle,kaggle_D_D_130.wav,kaggle_participant,1,48000,0.4
Kaggle,kaggle_D_D_131.wav,kaggle_participant,1,48000,0.4
Kaggle,kaggle_D_D_132.wav,kaggle_participant,1,48000,0.4
Kaggle,kaggle_D_D_133.wav,kaggle_participant,1,48000,0.4
Kaggle,kaggle_D_D_134.wav,kaggle_participant,1,48000,0.4
Kaggle,kaggle_D_D_135.wav,kaggle_participant,1,48000,0.4
Kaggle,kaggle_D_D_136.wav,kaggle_participant,1,48000,0.4
Kaggle,kaggle_D_D_137.wav,kaggle_participant,1,48000,0.4
Kaggle,kaggle_D_D_138.wav,kaggle_participant,1,48000,0.4
Kaggle,kaggle_D_D_139.wav,kaggle_participant,1,48000,0.4
Kaggle,kaggle_D_D_14.wav,kaggle_participant,1,48000,0.4
Kaggle,kaggle_D_D_140.wav,kaggle_participant,1,48000,0.4
Kaggle,kaggle_D_D_141.wav,kaggle_participant,1,48000,0.4
Kaggle,kaggle_D_D_142.wav,kaggle_participant,1,48000,0.4
Kaggle,kaggle_D_D_143.wav,kaggle_participant,1,48000,0.4
Kaggle,kaggle_D_D_144.wav,kaggle_participant,1,48000,0.4
Kaggle,kaggle_D_D_145.wav,kaggle_participant,1,48000,0.4
Kaggle,kaggle_D_D_146.wav,kaggle_participant,1,48000,0.4
Kaggle,kaggle_D_D_147.wav,kaggle_participant,1,48000,0.4
Kaggle,kaggle_D_D_148.wav,kaggle_participant,1,48000,0.4
Kaggle,kaggle_D_D_149.wav,kaggle_participant,1,48000,0.4
Kaggle,kaggle_D_D_15.wav,kaggle_participant,1,48000,0.4
Kaggle,kaggle_D_D_150.wav,kaggle_participant,1,48000,0.4
Kaggle,kaggle_D_D_151.wav,kaggle_participant,1,48000,0.4
Kaggle,kaggle_D_D_152.wav,kaggle_participant,1,48000,0.4
Kaggle,kaggle_D_D_153.wav,kaggle_participant,1,48000,0.4
Kaggle,kaggle_D_D_154.wav,kaggle_participant,1,48000,0.4
Kaggle,kaggle_D_D_155.wav,kaggle_participant,1,48000,0.4
Kaggle,kaggle_D_D_156.wav,kaggle_participant,1,48000,0.4
Kaggle,kaggle_D_D_157.wav,kaggle_participant,1,48000,0.4
Kaggle,kaggle_D_D_158.wav,kaggle_participant,1,48000,0.4
Kaggle,kaggle_D_D_159.wav,kaggle_participant,1,48000,0.4
Kaggle,kaggle_D_D_16.wav,kaggle_participant,1,48000,0.39997916666666666
Kaggle,kaggle_D_D_160.wav,kaggle_participant,1,48000,0.4
Kaggle,kaggle_D_D_161.wav,kaggle_participant,1,48000,0.4
Kaggle,kaggle_D_D_162.wav,kaggle_participant,1,48000,0.4
Kaggle,kaggle_D_D_163.wav,kaggle_participant,1,48000,0.4
Kaggle,kaggle_D_D_164.wav,kaggle_participant,1,48000,0.4
Kaggle,kaggle_D_D_165.wav,kaggle_participant,1,48000,0.4
Kaggle,kaggle_D_D_166.wav,kaggle_participant,1,48000,0.4
Kaggle,kaggle_D_D_167.wav,kaggle_participant,1,48000,0.4
Kaggle,kaggle_D_D_168.wav,kaggle_participant,1,48000,0.4
Kaggle,kaggle_D_D_169.wav,kaggle_participant,1,48000,0.4
Kaggle,kaggle_D_D_17.wav,kaggle_participant,1,48000,0.4000208333333333
Kaggle,kaggle_D_D_170.wav,kaggle_participant,1,48000,0.4
Kaggle,kaggle_D_D_171.wav,kaggle_participant,1,48000,0.4
Kaggle,kaggle_D_D_172.wav,kaggle_participant,1,48000,0.4
Kaggle,kaggle_D_D_173.wav,kaggle_participant,1,48000,0.4
Kaggle,kaggle_D_D_174.wav,kaggle_participant,1,48000,0.4
Kaggle,kaggle_D_D_175.wav,kaggle_participant,1,48000,0.4
Kaggle,kaggle_D_D_176.wav,kaggle_participant,1,48000,0.4
Kaggle,kaggle_D_D_177.wav,kaggle_participant,1,48000,0.4
Kaggle,kaggle_D_D_178.wav,kaggle_participant,1,48000,0.4
Kaggle,kaggle_D_D_179.wav,kaggle_participant,1,48000,0.4
Kaggle,kaggle_D_D_18.wav,kaggle_participant,1,48000,0.4000208333333333
Kaggle,kaggle_D_D_180.wav,kaggle_participant,1,48000,0.4
Kaggle,kaggle_D_D_181.wav,kaggle_participant,1,48000,0.4
Kaggle,kaggle_D_D_182.wav,kaggle_participant,1,48000,0.4
Kaggle,kaggle_D_D_183.wav,kaggle_participant,1,48000,0.4
Kaggle,kaggle_D_D_184.wav,kaggle_participant,1,48000,0.4
Kaggle,kaggle_D_D_185.wav,kaggle_participant,1,48000,0.4
Kaggle,kaggle_D_D_186.wav,kaggle_participant,1,48000,0.4
Kaggle,kaggle_D_D_187.wav,kaggle_participant,1,48000,0.4
Kaggle,kaggle_D_D_188.wav,kaggle_participant,1,48000,0.4
Kaggle,kaggle_D_D_189.wav,kaggle_participant,1,48000,0.4
Kaggle,kaggle_D_D_19.wav,kaggle_participant,1,48000,0.4000208333333333
Kaggle,kaggle_D_D_190.wav,kaggle_participant,1,48000,0.4
Kaggle,kaggle_D_D_191.wav,kaggle_participant,1,48000,0.4
Kaggle,kaggle_D_D_192.wav,kaggle_participant,1,48000,0.4
Kaggle,kaggle_D_D_193.wav,kaggle_participant,1,48000,0.4
Kaggle,kaggle_D_D_194.wav,kaggle_participant,1,48000,0.4
Kaggle,kaggle_D_D_195.wav,kaggle_participant,1,48000,0.4
Kaggle,kaggle_D_D_196.wav,kaggle_participant,1,48000,0.4
Kaggle,kaggle_D_D_197.wav,kaggle_participant,1,48000,0.4
Kaggle,kaggle_D_D_198.wav,kaggle_participant,1,48000,0.4
Kaggle,kaggle_D_D_199.wav,kaggle_participant,1,48000,0.4
Kaggle,kaggle_D_D_2.wav,kaggle_participant,1,48000,0.4
Kaggle,kaggle_D_D_20.wav,kaggle_participant,1,48000,0.4000208333333333
Kaggle,kaggle_D_D_200.wav,kaggle_participant,1,48000,0.4
Kaggle,kaggle_D_D_201.wav,kaggle_participant,1,48000,0.4
Kaggle,kaggle_D_D_202.wav,kaggle_participant,1,48000,0.4
Kaggle,kaggle_D_D_203.wav,kaggle_participant,1,48000,0.4
Kaggle,kaggle_D_D_204.wav,kaggle_participant,1,48000,0.4
Kaggle,kaggle_D_D_205.wav,kaggle_participant,1,48000,0.4
Kaggle,kaggle_D_D_206.wav,kaggle_participant,1,48000,0.4
Kaggle,kaggle_D_D_207.wav,kaggle_participant,1,48000,0.4
Kaggle,kaggle_D_D_208.wav,kaggle_participant,1,48000,0.4
Kaggle,kaggle_D_D_209.wav,kaggle_participant,1,48000,0.4
Kaggle,kaggle_D_D_21.wav,kaggle_participant,1,48000,0.4
Kaggle,kaggle_D_D_210.wav,kaggle_participant,1,48000,0.4
Kaggle,kaggle_D_D_211.wav,kaggle_participant,1,48000,0.4
Kaggle,kaggle_D_D_212.wav,kaggle_participant,1,48000,0.4
Kaggle,kaggle_D_D_213.wav,kaggle_participant,1,48000,0.4
Kaggle,kaggle_D_D_214.wav,kaggle_participant,1,48000,0.4
Kaggle,kaggle_D_D_215.wav,kaggle_participant,1,48000,0.4
Kaggle,kaggle_D_D_216.wav,kaggle_participant,1,48000,0.4
Kaggle,kaggle_D_D_217.wav,kaggle_participant,1,48000,0.4
Kaggle,kaggle_D_D_218.wav,kaggle_participant,1,48000,0.4
Kaggle,kaggle_D_D_219.wav,kaggle_participant,1,48000,0.4
Kaggle,kaggle_D_D_22.wav,kaggle_participant,1,48000,0.4000208333333333
Kaggle,kaggle_D_D_220.wav,kaggle_participant,1,48000,0.4
Kaggle,kaggle_D_D_221.wav,kaggle_participant,1,48000,0.4
Kaggle,kaggle_D_D_222.wav,kaggle_participant,1,48000,0.4
Kaggle,kaggle_D_D_223.wav,kaggle_participant,1,48000,0.4
Kaggle,kaggle_D_D_224.wav,kaggle_participant,1,48000,0.4
Kaggle,kaggle_D_D_225.wav,kaggle_participant,1,48000,0.4
Kaggle,kaggle_D_D_226.wav,kaggle_participant,1,48000,0.4
Kaggle,kaggle_D_D_227.wav,kaggle_participant,1,48000,0.4
Kaggle,kaggle_D_D_228.wav,kaggle_participant,1,48000,0.4
Kaggle,kaggle_D_D_229.wav,kaggle_participant,1,48000,0.4
Kaggle,kaggle_D_D_23.wav,kaggle_participant,1,48000,0.4
Kaggle,kaggle_D_D_230.wav,kaggle_participant,1,48000,0.4
Kaggle,kaggle_D_D_231.wav,kaggle_participant,1,48000,0.4
Kaggle,kaggle_D_D_232.wav,kaggle_participant,1,48000,0.4
Kaggle,kaggle_D_D_233.wav,kaggle_participant,1,48000,0.4
Kaggle,kaggle_D_D_234.wav,kaggle_participant,1,48000,0.4
Kaggle,kaggle_D_D_235.wav,kaggle_participant,1,48000,0.4
Kaggle,kaggle_D_D_236.wav,kaggle_participant,1,48000,0.4
Kaggle,kaggle_D_D_237.wav,kaggle_participant,1,48000,0.4
Kaggle,kaggle_D_D_238.wav,kaggle_participant,1,48000,0.4
Kaggle,kaggle_D_D_239.wav,kaggle_participant,1,48000,0.4
Kaggle,kaggle_D_D_24.wav,kaggle_participant,1,48000,0.4
Kaggle,kaggle_D_D_240.wav,kaggle_participant,1,48000,0.4
Kaggle,kaggle_D_D_241.wav,kaggle_participant,1,48000,0.4
Kaggle,kaggle_D_D_242.wav,kaggle_participant,1,48000,0.4
Kaggle,kaggle_D_D_243.wav,kaggle_participant,1,48000,0.4
Kaggle,kaggle_D_D_244.wav,kaggle_participant,1,48000,0.4
Kaggle,kaggle_D_D_245.wav,kaggle_participant,1,48000,0.4
Kaggle,kaggle_D_D_246.wav,kaggle_participant,1,48000,0.4
Kaggle,kaggle_D_D_247.wav,kaggle_participant,1,48000,0.4
Kaggle,kaggle_D_D_248.wav,kaggle_participant,1,48000,0.4
Kaggle,kaggle_D_D_249.wav,kaggle_participant,1,48000,0.4
Kaggle,kaggle_D_D_25.wav,kaggle_participant,1,48000,0.4
Kaggle,kaggle_D_D_250.wav,kaggle_participant,1,48000,0.4
Kaggle,kaggle_D_D_251.wav,kaggle_participant,1,48000,0.4
Kaggle,kaggle_D_D_252.wav,kaggle_participant,1,48000,0.4
Kaggle,kaggle_D_D_253.wav,kaggle_participant,1,48000,0.4
Kaggle,kaggle_D_D_254.wav,kaggle_participant,1,48000,0.4
Kaggle,kaggle_D_D_255.wav,kaggle_participant,1,48000,0.4
Kaggle,kaggle_D_D_256.wav,kaggle_participant,1,48000,0.4
Kaggle,kaggle_D_D_257.wav,kaggle_participant,1,48000,0.4
Kaggle,kaggle_D_D_258.wav,kaggle_participant,1,48000,0.4
Kaggle,kaggle_D_D_259.wav,kaggle_participant,1,48000,0.4000208333333333
Kaggle,kaggle_D_D_26.wav,kaggle_participant,1,48000,0.4
Kaggle,kaggle_D_D_260.wav,kaggle_participant,1,48000,0.4000208333333333
Kaggle,kaggle_D_D_261.wav,kaggle_participant,1,48000,0.4
Kaggle,kaggle_D_D_262.wav,kaggle_participant,1,48000,0.4000208333333333
Kaggle,kaggle_D_D_263.wav,kaggle_participant,1,48000,0.4
Kaggle,kaggle_D_D_264.wav,kaggle_participant,1,48000,0.4
Kaggle,kaggle_D_D_265.wav,kaggle_participant,1,48000,0.4
Kaggle,kaggle_D_D_266.wav,kaggle_participant,1,48000,0.4000208333333333
Kaggle,kaggle_D_D_267.wav,kaggle_participant,1,48000,0.4
Kaggle,kaggle_D_D_268.wav,kaggle_participant,1,48000,0.4000208333333333
Kaggle,kaggle_D_D_269.wav,kaggle_participant,1,48000,0.4000208333333333
Kaggle,kaggle_D_D_27.wav,kaggle_participant,1,48000,0.4
Kaggle,kaggle_D_D_270.wav,kaggle_participant,1,48000,0.4000208333333333
Kaggle,kaggle_D_D_271.wav,kaggle_participant,1,48000,0.4000208333333333
Kaggle,kaggle_D_D_272.wav,kaggle_participant,1,48000,0.4000208333333333
Kaggle,kaggle_D_D_273.wav,kaggle_participant,1,48000,0.4000208333333333
Kaggle,kaggle_D_D_274.wav,kaggle_participant,1,48000,0.4000208333333333
Kaggle,kaggle_D_D_275.wav,kaggle_participant,1,48000,0.4000208333333333
Kaggle,kaggle_D_D_276.wav,kaggle_participant,1,48000,0.4000208333333333
Kaggle,kaggle_D_D_277.wav,kaggle_participant,1,48000,0.4000208333333333
Kaggle,kaggle_D_D_278.wav,kaggle_participant,1,48000,0.4000208333333333
Kaggle,kaggle_D_D_279.wav,kaggle_participant,1,48000,0.4
Kaggle,kaggle_D_D_28.wav,kaggle_participant,1,48000,0.4000208333333333
Kaggle,kaggle_D_D_280.wav,kaggle_participant,1,48000,0.4
Kaggle,kaggle_D_D_281.wav,kaggle_participant,1,48000,0.4
Kaggle,kaggle_D_D_282.wav,kaggle_participant,1,48000,0.4000208333333333
Kaggle,kaggle_D_D_283.wav,kaggle_participant,1,48000,0.4000208333333333
Kaggle,kaggle_D_D_284.wav,kaggle_participant,1,48000,0.4
Kaggle,kaggle_D_D_285.wav,kaggle_participant,1,48000,0.4
Kaggle,kaggle_D_D_286.wav,kaggle_participant,1,48000,0.4
Kaggle,kaggle_D_D_287.wav,kaggle_participant,1,48000,0.4
Kaggle,kaggle_D_D_288.wav,kaggle_participant,1,48000,0.4000208333333333
Kaggle,kaggle_D_D_289.wav,kaggle_participant,1,48000,0.4
Kaggle,kaggle_D_D_29.wav,kaggle_participant,1,48000,0.4
Kaggle,kaggle_D_D_290.wav,kaggle_participant,1,48000,0.4000208333333333
Kaggle,kaggle_D_D_291.wav,kaggle_participant,1,48000,0.4
Kaggle,kaggle_D_D_292.wav,kaggle_participant,1,48000,0.4000208333333333
Kaggle,kaggle_D_D_293.wav,kaggle_participant,1,48000,0.4
Kaggle,kaggle_D_D_294.wav,kaggle_participant,1,48000,0.4
Kaggle,kaggle_D_D_295.wav,kaggle_participant,1,48000,0.4
Kaggle,kaggle_D_D_296.wav,kaggle_participant,1,48000,0.4000208333333333
Kaggle,kaggle_D_D_297.wav,kaggle_participant,1,48000,0.4
Kaggle,kaggle_D_D_298.wav,kaggle_participant,1,48000,0.4
Kaggle,kaggle_D_D_299.wav,kaggle_participant,1,48000,0.4
Kaggle,kaggle_D_D_3.wav,kaggle_participant,1,48000,0.4
Kaggle,kaggle_D_D_30.wav,kaggle_participant,1,48000,0.4
Kaggle,kaggle_D_D_300.wav,kaggle_participant,1,48000,0.4
Kaggle,kaggle_D_D_301.wav,kaggle_participant,1,48000,0.4
Kaggle,kaggle_D_D_302.wav,kaggle_participant,1,48000,0.4
Kaggle,kaggle_D_D_303.wav,kaggle_participant,1,48000,0.4000208333333333
Kaggle,kaggle_D_D_304.wav,kaggle_participant,1,48000,0.10995833333333334
Kaggle,kaggle_D_D_31.wav,kaggle_participant,1,48000,0.4000208333333333
Kaggle,kaggle_D_D_32.wav,kaggle_participant,1,48000,0.39997916666666666
Kaggle,kaggle_D_D_33.wav,kaggle_participant,1,48000,0.4
Kaggle,kaggle_D_D_34.wav,kaggle_participant,1,48000,0.4
Kaggle,kaggle_D_D_35.wav,kaggle_participant,1,48000,0.4
Kaggle,kaggle_D_D_36.wav,kaggle_participant,1,48000,0.4
Kaggle,kaggle_D_D_37.wav,kaggle_participant,1,48000,0.4
Kaggle,kaggle_D_D_38.wav,kaggle_participant,1,48000,0.39997916666666666
Kaggle,kaggle_D_D_39.wav,kaggle_participant,1,48000,0.4
Kaggle,kaggle_D_D_4.wav,kaggle_participant,1,48000,0.4
Kaggle,kaggle_D_D_40.wav,kaggle_participant,1,48000,0.4
Kaggle,kaggle_D_D_41.wav,kaggle_participant,1,48000,0.4
Kaggle,kaggle_D_D_42.wav,kaggle_participant,1,48000,0.4
Kaggle,kaggle_D_D_43.wav,kaggle_participant,1,48000,0.4
Kaggle,kaggle_D_D_44.wav,kaggle_participant,1,48000,0.4
Kaggle,kaggle_D_D_45.wav,kaggle_participant,1,48000,0.4
Kaggle,kaggle_D_D_46.wav,kaggle_participant,1,48000,0.4
Kaggle,kaggle_D_D_47.wav,kaggle_participant,1,48000,0.4
Kaggle,kaggle_D_D_48.wav,kaggle_participant,1,48000,0.4
Kaggle,kaggle_D_D_49.wav,kaggle_participant,1,48000,0.4
Kaggle,kaggle_D_D_5.wav,kaggle_participant,1,48000,0.4
Kaggle,kaggle_D_D_50.wav,kaggle_participant,1,48000,0.39997916666666666
Kaggle,kaggle_D_D_51.wav,kaggle_participant,1,48000,0.39997916666666666
Kaggle,kaggle_D_D_52.wav,kaggle_participant,1,48000,0.39997916666666666
Kaggle,kaggle_D_D_53.wav,kaggle_participant,1,48000,0.4
Kaggle,kaggle_D_D_54.wav,kaggle_participant,1,48000,0.4
Kaggle,kaggle_D_D_55.wav,kaggle_participant,1,48000,0.4
Kaggle,kaggle_D_D_56.wav,kaggle_participant,1,48000,0.4
Kaggle,kaggle_D_D_57.wav,kaggle_participant,1,48000,0.4
Kaggle,kaggle_D_D_58.wav,kaggle_participant,1,48000,0.4
Kaggle,kaggle_D_D_59.wav,kaggle_participant,1,48000,0.4
Kaggle,kaggle_D_D_6.wav,kaggle_participant,1,48000,0.4
Kaggle,kaggle_D_D_60.wav,kaggle_participant,1,48000,0.4
Kaggle,kaggle_D_D_61.wav,kaggle_participant,1,48000,0.4
Kaggle,kaggle_D_D_62.wav,kaggle_participant,1,48000,0.4
Kaggle,kaggle_D_D_63.wav,kaggle_participant,1,48000,0.4
Kaggle,kaggle_D_D_64.wav,kaggle_participant,1,48000,0.4
Kaggle,kaggle_D_D_65.wav,kaggle_participant,1,48000,0.4
Kaggle,kaggle_D_D_66.wav,kaggle_participant,1,48000,0.4
Kaggle,kaggle_D_D_67.wav,kaggle_participant,1,48000,0.4
Kaggle,kaggle_D_D_68.wav,kaggle_participant,1,48000,0.4
Kaggle,kaggle_D_D_69.wav,kaggle_participant,1,48000,0.4
Kaggle,kaggle_D_D_7.wav,kaggle_participant,1,48000,0.4
Kaggle,kaggle_D_D_70.wav,kaggle_participant,1,48000,0.39997916666666666
Kaggle,kaggle_D_D_71.wav,kaggle_participant,1,48000,0.39997916666666666
Kaggle,kaggle_D_D_72.wav,kaggle_participant,1,48000,0.39997916666666666
Kaggle,kaggle_D_D_73.wav,kaggle_participant,1,48000,0.4
Kaggle,kaggle_D_D_74.wav,kaggle_participant,1,48000,0.39997916666666666
Kaggle,kaggle_D_D_75.wav,kaggle_participant,1,48000,0.4
Kaggle,kaggle_D_D_76.wav,kaggle_participant,1,48000,0.4
Kaggle,kaggle_D_D_77.wav,kaggle_participant,1,48000,0.4
Kaggle,kaggle_D_D_78.wav,kaggle_participant,1,48000,0.4
Kaggle,kaggle_D_D_79.wav,kaggle_participant,1,48000,0.4
Kaggle,kaggle_D_D_8.wav,kaggle_participant,1,48000,0.4
Kaggle,kaggle_D_D_80.wav,kaggle_participant,1,48000,0.39997916666666666
Kaggle,kaggle_D_D_81.wav,kaggle_participant,1,48000,0.4
Kaggle,kaggle_D_D_82.wav,kaggle_participant,1,48000,0.4
Kaggle,kaggle_D_D_83.wav,kaggle_participant,1,48000,0.39997916666666666
Kaggle,kaggle_D_D_84.wav,kaggle_participant,1,48000,0.4
Kaggle,kaggle_D_D_85.wav,kaggle_participant,1,48000,0.4
Kaggle,kaggle_D_D_86.wav,kaggle_participant,1,48000,0.4
Kaggle,kaggle_D_D_87.wav,kaggle_participant,1,48000,0.4
Kaggle,kaggle_D_D_88.wav,kaggle_participant,1,48000,0.4
Kaggle,kaggle_D_D_89.wav,kaggle_participant,1,48000,0.4
Kaggle,kaggle_D_D_9.wav,kaggle_participant,1,48000,0.4
Kaggle,kaggle_D_D_90.wav,kaggle_participant,1,48000,0.4
Kaggle,kaggle_D_D_91.wav,kaggle_participant,1,48000,0.4
Kaggle,kaggle_D_D_92.wav,kaggle_participant,1,48000,0.4
Kaggle,kaggle_D_D_93.wav,kaggle_participant,1,48000,0.4
Kaggle,kaggle_D_D_94.wav,kaggle_participant,1,48000,0.4
Kaggle,kaggle_D_D_95.wav,kaggle_participant,1,48000,0.4
Kaggle,kaggle_D_D_96.wav,kaggle_participant,1,48000,0.4
Kaggle,kaggle_D_D_97.wav,kaggle_participant,1,48000,0.4
Kaggle,kaggle_D_D_98.wav,kaggle_participant,1,48000,0.4
Kaggle,kaggle_D_D_99.wav,kaggle_participant,1,48000,0.4
Kaggle,kaggle_E_E_1.wav,kaggle_participant,1,48000,0.39997916666666666
Kaggle,kaggle_E_E_10.wav,kaggle_participant,1,48000,0.4
Kaggle,kaggle_E_E_100.wav,kaggle_participant,1,48000,0.4
Kaggle,kaggle_E_E_101.wav,kaggle_participant,1,48000,0.4
Kaggle,kaggle_E_E_102.wav,kaggle_participant,1,48000,0.4
Kaggle,kaggle_E_E_103.wav,kaggle_participant,1,48000,0.4
Kaggle,kaggle_E_E_104.wav,kaggle_participant,1,48000,0.39997916666666666
Kaggle,kaggle_E_E_105.wav,kaggle_participant,1,48000,0.39997916666666666
Kaggle,kaggle_E_E_106.wav,kaggle_participant,1,48000,0.4
Kaggle,kaggle_E_E_107.wav,kaggle_participant,1,48000,0.4
Kaggle,kaggle_E_E_108.wav,kaggle_participant,1,48000,0.4
Kaggle,kaggle_E_E_109.wav,kaggle_participant,1,48000,0.4
Kaggle,kaggle_E_E_11.wav,kaggle_participant,1,48000,0.4
Kaggle,kaggle_E_E_110.wav,kaggle_participant,1,48000,0.4
Kaggle,kaggle_E_E_111.wav,kaggle_participant,1,48000,0.4
Kaggle,kaggle_E_E_112.wav,kaggle_participant,1,48000,0.4
Kaggle,kaggle_E_E_113.wav,kaggle_participant,1,48000,0.4
Kaggle,kaggle_E_E_114.wav,kaggle_participant,1,48000,0.4
Kaggle,kaggle_E_E_115.wav,kaggle_participant,1,48000,0.4
Kaggle,kaggle_E_E_116.wav,kaggle_participant,1,48000,0.4
Kaggle,kaggle_E_E_117.wav,kaggle_participant,1,48000,0.4
Kaggle,kaggle_E_E_118.wav,kaggle_participant,1,48000,0.4
Kaggle,kaggle_E_E_119.wav,kaggle_participant,1,48000,0.4
Kaggle,kaggle_E_E_12.wav,kaggle_participant,1,48000,0.4
Kaggle,kaggle_E_E_120.wav,kaggle_participant,1,48000,0.4
Kaggle,kaggle_E_E_121.wav,kaggle_participant,1,48000,0.4
Kaggle,kaggle_E_E_122.wav,kaggle_participant,1,48000,0.4
Kaggle,kaggle_E_E_123.wav,kaggle_participant,1,48000,0.4
Kaggle,kaggle_E_E_124.wav,kaggle_participant,1,48000,0.4
Kaggle,kaggle_E_E_125.wav,kaggle_participant,1,48000,0.4
Kaggle,kaggle_E_E_126.wav,kaggle_participant,1,48000,0.4
Kaggle,kaggle_E_E_127.wav,kaggle_participant,1,48000,0.4
Kaggle,kaggle_E_E_128.wav,kaggle_participant,1,48000,0.4
Kaggle,kaggle_E_E_129.wav,kaggle_participant,1,48000,0.4
Kaggle,kaggle_E_E_13.wav,kaggle_participant,1,48000,0.4
Kaggle,kaggle_E_E_130.wav,kaggle_participant,1,48000,0.4
Kaggle,kaggle_E_E_131.wav,kaggle_participant,1,48000,0.4
Kaggle,kaggle_E_E_132.wav,kaggle_participant,1,48000,0.4
Kaggle,kaggle_E_E_133.wav,kaggle_participant,1,48000,0.4
Kaggle,kaggle_E_E_134.wav,kaggle_participant,1,48000,0.4
Kaggle,kaggle_E_E_135.wav,kaggle_participant,1,48000,0.4
Kaggle,kaggle_E_E_136.wav,kaggle_participant,1,48000,0.4
Kaggle,kaggle_E_E_137.wav,kaggle_participant,1,48000,0.4
Kaggle,kaggle_E_E_138.wav,kaggle_participant,1,48000,0.4
Kaggle,kaggle_E_E_139.wav,kaggle_participant,1,48000,0.4
Kaggle,kaggle_E_E_14.wav,kaggle_participant,1,48000,0.4
Kaggle,kaggle_E_E_140.wav,kaggle_participant,1,48000,0.4
Kaggle,kaggle_E_E_141.wav,kaggle_participant,1,48000,0.4
Kaggle,kaggle_E_E_142.wav,kaggle_participant,1,48000,0.4
Kaggle,kaggle_E_E_143.wav,kaggle_participant,1,48000,0.4
Kaggle,kaggle_E_E_144.wav,kaggle_participant,1,48000,0.4
Kaggle,kaggle_E_E_145.wav,kaggle_participant,1,48000,0.4
Kaggle,kaggle_E_E_146.wav,kaggle_participant,1,48000,0.4
Kaggle,kaggle_E_E_147.wav,kaggle_participant,1,48000,0.4
Kaggle,kaggle_E_E_148.wav,kaggle_participant,1,48000,0.4
Kaggle,kaggle_E_E_149.wav,kaggle_participant,1,48000,0.4
Kaggle,kaggle_E_E_15.wav,kaggle_participant,1,48000,0.4
Kaggle,kaggle_E_E_150.wav,kaggle_participant,1,48000,0.4
Kaggle,kaggle_E_E_151.wav,kaggle_participant,1,48000,0.4
Kaggle,kaggle_E_E_152.wav,kaggle_participant,1,48000,0.4
Kaggle,kaggle_E_E_153.wav,kaggle_participant,1,48000,0.4
Kaggle,kaggle_E_E_154.wav,kaggle_participant,1,48000,0.4
Kaggle,kaggle_E_E_155.wav,kaggle_participant,1,48000,0.4
Kaggle,kaggle_E_E_156.wav,kaggle_participant,1,48000,0.4
Kaggle,kaggle_E_E_157.wav,kaggle_participant,1,48000,0.4
Kaggle,kaggle_E_E_158.wav,kaggle_participant,1,48000,0.4
Kaggle,kaggle_E_E_159.wav,kaggle_participant,1,48000,0.4
Kaggle,kaggle_E_E_16.wav,kaggle_participant,1,48000,0.4
Kaggle,kaggle_E_E_160.wav,kaggle_participant,1,48000,0.4
Kaggle,kaggle_E_E_161.wav,kaggle_participant,1,48000,0.4
Kaggle,kaggle_E_E_162.wav,kaggle_participant,1,48000,0.4
Kaggle,kaggle_E_E_163.wav,kaggle_participant,1,48000,0.4
Kaggle,kaggle_E_E_164.wav,kaggle_participant,1,48000,0.4
Kaggle,kaggle_E_E_165.wav,kaggle_participant,1,48000,0.4
Kaggle,kaggle_E_E_166.wav,kaggle_participant,1,48000,0.4
Kaggle,kaggle_E_E_167.wav,kaggle_participant,1,48000,0.4
Kaggle,kaggle_E_E_168.wav,kaggle_participant,1,48000,0.4
Kaggle,kaggle_E_E_169.wav,kaggle_participant,1,48000,0.4
Kaggle,kaggle_E_E_17.wav,kaggle_participant,1,48000,0.4
Kaggle,kaggle_E_E_170.wav,kaggle_participant,1,48000,0.4
Kaggle,kaggle_E_E_171.wav,kaggle_participant,1,48000,0.4
Kaggle,kaggle_E_E_172.wav,kaggle_participant,1,48000,0.4
Kaggle,kaggle_E_E_173.wav,kaggle_participant,1,48000,0.4
Kaggle,kaggle_E_E_174.wav,kaggle_participant,1,48000,0.4
Kaggle,kaggle_E_E_175.wav,kaggle_participant,1,48000,0.4
Kaggle,kaggle_E_E_176.wav,kaggle_participant,1,48000,0.4
Kaggle,kaggle_E_E_177.wav,kaggle_participant,1,48000,0.4
Kaggle,kaggle_E_E_178.wav,kaggle_participant,1,48000,0.4
Kaggle,kaggle_E_E_179.wav,kaggle_participant,1,48000,0.4
Kaggle,kaggle_E_E_18.wav,kaggle_participant,1,48000,0.4
Kaggle,kaggle_E_E_180.wav,kaggle_participant,1,48000,0.4
Kaggle,kaggle_E_E_181.wav,kaggle_participant,1,48000,0.4
Kaggle,kaggle_E_E_182.wav,kaggle_participant,1,48000,0.4
Kaggle,kaggle_E_E_183.wav,kaggle_participant,1,48000,0.4
Kaggle,kaggle_E_E_184.wav,kaggle_participant,1,48000,0.4
Kaggle,kaggle_E_E_185.wav,kaggle_participant,1,48000,0.4
Kaggle,kaggle_E_E_186.wav,kaggle_participant,1,48000,0.4
Kaggle,kaggle_E_E_187.wav,kaggle_participant,1,48000,0.4
Kaggle,kaggle_E_E_188.wav,kaggle_participant,1,48000,0.4
Kaggle,kaggle_E_E_189.wav,kaggle_participant,1,48000,0.4
Kaggle,kaggle_E_E_19.wav,kaggle_participant,1,48000,0.4000208333333333
Kaggle,kaggle_E_E_190.wav,kaggle_participant,1,48000,0.4
Kaggle,kaggle_E_E_191.wav,kaggle_participant,1,48000,0.4
Kaggle,kaggle_E_E_192.wav,kaggle_participant,1,48000,0.4
Kaggle,kaggle_E_E_193.wav,kaggle_participant,1,48000,0.4
Kaggle,kaggle_E_E_194.wav,kaggle_participant,1,48000,0.4
Kaggle,kaggle_E_E_195.wav,kaggle_participant,1,48000,0.4
Kaggle,kaggle_E_E_196.wav,kaggle_participant,1,48000,0.4
Kaggle,kaggle_E_E_197.wav,kaggle_participant,1,48000,0.4
Kaggle,kaggle_E_E_198.wav,kaggle_participant,1,48000,0.4
Kaggle,kaggle_E_E_199.wav,kaggle_participant,1,48000,0.4
Kaggle,kaggle_E_E_2.wav,kaggle_participant,1,48000,0.4000208333333333
Kaggle,kaggle_E_E_20.wav,kaggle_participant,1,48000,0.4
Kaggle,kaggle_E_E_200.wav,kaggle_participant,1,48000,0.4
Kaggle,kaggle_E_E_201.wav,kaggle_participant,1,48000,0.4
Kaggle,kaggle_E_E_202.wav,kaggle_participant,1,48000,0.4
Kaggle,kaggle_E_E_203.wav,kaggle_participant,1,48000,0.4
Kaggle,kaggle_E_E_204.wav,kaggle_participant,1,48000,0.4
Kaggle,kaggle_E_E_205.wav,kaggle_participant,1,48000,0.4
Kaggle,kaggle_E_E_206.wav,kaggle_participant,1,48000,0.4
Kaggle,kaggle_E_E_207.wav,kaggle_participant,1,48000,0.4
Kaggle,kaggle_E_E_208.wav,kaggle_participant,1,48000,0.4
Kaggle,kaggle_E_E_209.wav,kaggle_participant,1,48000,0.4
Kaggle,kaggle_E_E_21.wav,kaggle_participant,1,48000,0.4000208333333333
Kaggle,kaggle_E_E_210.wav,kaggle_participant,1,48000,0.4
Kaggle,kaggle_E_E_211.wav,kaggle_participant,1,48000,0.4
Kaggle,kaggle_E_E_212.wav,kaggle_participant,1,48000,0.4
Kaggle,kaggle_E_E_213.wav,kaggle_participant,1,48000,0.4
Kaggle,kaggle_E_E_214.wav,kaggle_participant,1,48000,0.4
Kaggle,kaggle_E_E_215.wav,kaggle_participant,1,48000,0.4
Kaggle,kaggle_E_E_216.wav,kaggle_participant,1,48000,0.4
Kaggle,kaggle_E_E_217.wav,kaggle_participant,1,48000,0.4
Kaggle,kaggle_E_E_218.wav,kaggle_participant,1,48000,0.4
Kaggle,kaggle_E_E_219.wav,kaggle_participant,1,48000,0.4
Kaggle,kaggle_E_E_22.wav,kaggle_participant,1,48000,0.4000208333333333
Kaggle,kaggle_E_E_220.wav,kaggle_participant,1,48000,0.4
Kaggle,kaggle_E_E_221.wav,kaggle_participant,1,48000,0.4
Kaggle,kaggle_E_E_222.wav,kaggle_participant,1,48000,0.4
Kaggle,kaggle_E_E_223.wav,kaggle_participant,1,48000,0.4
Kaggle,kaggle_E_E_224.wav,kaggle_participant,1,48000,0.4
Kaggle,kaggle_E_E_225.wav,kaggle_participant,1,48000,0.4
Kaggle,kaggle_E_E_226.wav,kaggle_participant,1,48000,0.4
Kaggle,kaggle_E_E_227.wav,kaggle_participant,1,48000,0.4
Kaggle,kaggle_E_E_228.wav,kaggle_participant,1,48000,0.4
Kaggle,kaggle_E_E_229.wav,kaggle_participant,1,48000,0.4
Kaggle,kaggle_E_E_23.wav,kaggle_participant,1,48000,0.4000208333333333
Kaggle,kaggle_E_E_230.wav,kaggle_participant,1,48000,0.4
Kaggle,kaggle_E_E_231.wav,kaggle_participant,1,48000,0.4
Kaggle,kaggle_E_E_232.wav,kaggle_participant,1,48000,0.4
Kaggle,kaggle_E_E_233.wav,kaggle_participant,1,48000,0.4
Kaggle,kaggle_E_E_234.wav,kaggle_participant,1,48000,0.4
Kaggle,kaggle_E_E_235.wav,kaggle_participant,1,48000,0.4
Kaggle,kaggle_E_E_236.wav,kaggle_participant,1,48000,0.4
Kaggle,kaggle_E_E_237.wav,kaggle_participant,1,48000,0.4
Kaggle,kaggle_E_E_238.wav,kaggle_participant,1,48000,0.4
Kaggle,kaggle_E_E_239.wav,kaggle_participant,1,48000,0.4
Kaggle,kaggle_E_E_24.wav,kaggle_participant,1,48000,0.4
Kaggle,kaggle_E_E_240.wav,kaggle_participant,1,48000,0.4
Kaggle,kaggle_E_E_241.wav,kaggle_participant,1,48000,0.4
Kaggle,kaggle_E_E_242.wav,kaggle_participant,1,48000,0.4
Kaggle,kaggle_E_E_243.wav,kaggle_participant,1,48000,0.4
Kaggle,kaggle_E_E_244.wav,kaggle_participant,1,48000,0.4
Kaggle,kaggle_E_E_245.wav,kaggle_participant,1,48000,0.4
Kaggle,kaggle_E_E_246.wav,kaggle_participant,1,48000,0.4
Kaggle,kaggle_E_E_247.wav,kaggle_participant,1,48000,0.4
Kaggle,kaggle_E_E_248.wav,kaggle_participant,1,48000,0.4
Kaggle,kaggle_E_E_249.wav,kaggle_participant,1,48000,0.4
Kaggle,kaggle_E_E_25.wav,kaggle_participant,1,48000,0.4
Kaggle,kaggle_E_E_250.wav,kaggle_participant,1,48000,0.4
Kaggle,kaggle_E_E_251.wav,kaggle_participant,1,48000,0.4
Kaggle,kaggle_E_E_252.wav,kaggle_participant,1,48000,0.4
Kaggle,kaggle_E_E_253.wav,kaggle_participant,1,48000,0.4
Kaggle,kaggle_E_E_254.wav,kaggle_participant,1,48000,0.4
Kaggle,kaggle_E_E_255.wav,kaggle_participant,1,48000,0.4
Kaggle,kaggle_E_E_256.wav,kaggle_participant,1,48000,0.4
Kaggle,kaggle_E_E_257.wav,kaggle_participant,1,48000,0.4
Kaggle,kaggle_E_E_258.wav,kaggle_participant,1,48000,0.4
Kaggle,kaggle_E_E_259.wav,kaggle_participant,1,48000,0.4
Kaggle,kaggle_E_E_26.wav,kaggle_participant,1,48000,0.4000208333333333
Kaggle,kaggle_E_E_260.wav,kaggle_participant,1,48000,0.4
Kaggle,kaggle_E_E_261.wav,kaggle_participant,1,48000,0.4
Kaggle,kaggle_E_E_262.wav,kaggle_participant,1,48000,0.4
Kaggle,kaggle_E_E_263.wav,kaggle_participant,1,48000,0.4
Kaggle,kaggle_E_E_264.wav,kaggle_participant,1,48000,0.4
Kaggle,kaggle_E_E_265.wav,kaggle_participant,1,48000,0.4
Kaggle,kaggle_E_E_266.wav,kaggle_participant,1,48000,0.4
Kaggle,kaggle_E_E_267.wav,kaggle_participant,1,48000,0.26447916666666665
Kaggle,kaggle_E_E_27.wav,kaggle_participant,1,48000,0.4
Kaggle,kaggle_E_E_28.wav,kaggle_participant,1,48000,0.4
Kaggle,kaggle_E_E_29.wav,kaggle_participant,1,48000,0.4
Kaggle,kaggle_E_E_3.wav,kaggle_participant,1,48000,0.4
Kaggle,kaggle_E_E_30.wav,kaggle_participant,1,48000,0.4
Kaggle,kaggle_E_E_31.wav,kaggle_participant,1,48000,0.4000208333333333
Kaggle,kaggle_E_E_32.wav,kaggle_participant,1,48000,0.4
Kaggle,kaggle_E_E_33.wav,kaggle_participant,1,48000,0.4
Kaggle,kaggle_E_E_34.wav,kaggle_participant,1,48000,0.4
Kaggle,kaggle_E_E_35.wav,kaggle_participant,1,48000,0.4
Kaggle,kaggle_E_E_36.wav,kaggle_participant,1,48000,0.4000208333333333
Kaggle,kaggle_E_E_37.wav,kaggle_participant,1,48000,0.4
Kaggle,kaggle_E_E_38.wav,kaggle_participant,1,48000,0.4
Kaggle,kaggle_E_E_39.wav,kaggle_participant,1,48000,0.4
Kaggle,kaggle_E_E_4.wav,kaggle_participant,1,48000,0.4
Kaggle,kaggle_E_E_40.wav,kaggle_participant,1,48000,0.4
Kaggle,kaggle_E_E_41.wav,kaggle_participant,1,48000,0.39997916666666666
Kaggle,kaggle_E_E_42.wav,kaggle_participant,1,48000,0.4
Kaggle,kaggle_E_E_43.wav,kaggle_participant,1,48000,0.4
Kaggle,kaggle_E_E_44.wav,kaggle_participant,1,48000,0.4
Kaggle,kaggle_E_E_45.wav,kaggle_participant,1,48000,0.4
Kaggle,kaggle_E_E_46.wav,kaggle_participant,1,48000,0.39997916666666666
Kaggle,kaggle_E_E_47.wav,kaggle_participant,1,48000,0.39997916666666666
Kaggle,kaggle_E_E_48.wav,kaggle_participant,1,48000,0.39997916666666666
Kaggle,kaggle_E_E_49.wav,kaggle_participant,1,48000,0.4
Kaggle,kaggle_E_E_5.wav,kaggle_participant,1,48000,0.4
Kaggle,kaggle_E_E_50.wav,kaggle_participant,1,48000,0.4
Kaggle,kaggle_E_E_51.wav,kaggle_participant,1,48000,0.4
Kaggle,kaggle_E_E_52.wav,kaggle_participant,1,48000,0.39997916666666666
Kaggle,kaggle_E_E_53.wav,kaggle_participant,1,48000,0.39997916666666666
Kaggle,kaggle_E_E_54.wav,kaggle_participant,1,48000,0.39997916666666666
Kaggle,kaggle_E_E_55.wav,kaggle_participant,1,48000,0.4
Kaggle,kaggle_E_E_56.wav,kaggle_participant,1,48000,0.4
Kaggle,kaggle_E_E_57.wav,kaggle_participant,1,48000,0.4
Kaggle,kaggle_E_E_58.wav,kaggle_participant,1,48000,0.4
Kaggle,kaggle_E_E_59.wav,kaggle_participant,1,48000,0.4
Kaggle,kaggle_E_E_6.wav,kaggle_participant,1,48000,0.4
Kaggle,kaggle_E_E_60.wav,kaggle_participant,1,48000,0.4
Kaggle,kaggle_E_E_61.wav,kaggle_participant,1,48000,0.4
Kaggle,kaggle_E_E_62.wav,kaggle_participant,1,48000,0.4
Kaggle,kaggle_E_E_63.wav,kaggle_participant,1,48000,0.4
Kaggle,kaggle_E_E_64.wav,kaggle_participant,1,48000,0.4
Kaggle,kaggle_E_E_65.wav,kaggle_participant,1,48000,0.4
Kaggle,kaggle_E_E_66.wav,kaggle_participant,1,48000,0.4
Kaggle,kaggle_E_E_67.wav,kaggle_participant,1,48000,0.4
Kaggle,kaggle_E_E_68.wav,kaggle_participant,1,48000,0.4
Kaggle,kaggle_E_E_69.wav,kaggle_participant,1,48000,0.4
Kaggle,kaggle_E_E_7.wav,kaggle_participant,1,48000,0.4
Kaggle,kaggle_E_E_70.wav,kaggle_participant,1,48000,0.39997916666666666
Kaggle,kaggle_E_E_71.wav,kaggle_participant,1,48000,0.4
Kaggle,kaggle_E_E_72.wav,kaggle_participant,1,48000,0.4
Kaggle,kaggle_E_E_73.wav,kaggle_participant,1,48000,0.4
Kaggle,kaggle_E_E_74.wav,kaggle_participant,1,48000,0.4
Kaggle,kaggle_E_E_75.wav,kaggle_participant,1,48000,0.39997916666666666
Kaggle,kaggle_E_E_76.wav,kaggle_participant,1,48000,0.4
Kaggle,kaggle_E_E_77.wav,kaggle_participant,1,48000,0.4
Kaggle,kaggle_E_E_78.wav,kaggle_participant,1,48000,0.4
Kaggle,kaggle_E_E_79.wav,kaggle_participant,1,48000,0.39997916666666666
Kaggle,kaggle_E_E_8.wav,kaggle_participant,1,48000,0.4
Kaggle,kaggle_E_E_80.wav,kaggle_participant,1,48000,0.4
Kaggle,kaggle_E_E_81.wav,kaggle_participant,1,48000,0.39997916666666666
Kaggle,kaggle_E_E_82.wav,kaggle_participant,1,48000,0.4
Kaggle,kaggle_E_E_83.wav,kaggle_participant,1,48000,0.4
Kaggle,kaggle_E_E_84.wav,kaggle_participant,1,48000,0.39997916666666666
Kaggle,kaggle_E_E_85.wav,kaggle_participant,1,48000,0.4
Kaggle,kaggle_E_E_86.wav,kaggle_participant,1,48000,0.4
Kaggle,kaggle_E_E_87.wav,kaggle_participant,1,48000,0.39997916666666666
Kaggle,kaggle_E_E_88.wav,kaggle_participant,1,48000,0.39997916666666666
Kaggle,kaggle_E_E_89.wav,kaggle_participant,1,48000,0.4
Kaggle,kaggle_E_E_9.wav,kaggle_participant,1,48000,0.4
Kaggle,kaggle_E_E_90.wav,kaggle_participant,1,48000,0.4
Kaggle,kaggle_E_E_91.wav,kaggle_participant,1,48000,0.4
Kaggle,kaggle_E_E_92.wav,kaggle_participant,1,48000,0.39997916666666666
Kaggle,kaggle_E_E_93.wav,kaggle_participant,1,48000,0.39997916666666666
Kaggle,kaggle_E_E_94.wav,kaggle_participant,1,48000,0.4
Kaggle,kaggle_E_E_95.wav,kaggle_participant,1,48000,0.39997916666666666
Kaggle,kaggle_E_E_96.wav,kaggle_participant,1,48000,0.39997916666666666
Kaggle,kaggle_E_E_97.wav,kaggle_participant,1,48000,0.4
Kaggle,kaggle_E_E_98.wav,kaggle_participant,1,48000,0.39997916666666666
Kaggle,kaggle_E_E_99.wav,kaggle_participant,1,48000,0.39997916666666666
Kaggle,kaggle_F_F_1.wav,kaggle_participant,1,48000,0.39997916666666666
Kaggle,kaggle_F_F_10.wav,kaggle_participant,1,48000,0.4
Kaggle,kaggle_F_F_100.wav,kaggle_participant,1,48000,0.4
Kaggle,kaggle_F_F_101.wav,kaggle_participant,1,48000,0.4
Kaggle,kaggle_F_F_102.wav,kaggle_participant,1,48000,0.4
Kaggle,kaggle_F_F_103.wav,kaggle_participant,1,48000,0.4
Kaggle,kaggle_F_F_104.wav,kaggle_participant,1,48000,0.4
Kaggle,kaggle_F_F_105.wav,kaggle_participant,1,48000,0.4
Kaggle,kaggle_F_F_106.wav,kaggle_participant,1,48000,0.4
Kaggle,kaggle_F_F_107.wav,kaggle_participant,1,48000,0.4
Kaggle,kaggle_F_F_108.wav,kaggle_participant,1,48000,0.4
Kaggle,kaggle_F_F_109.wav,kaggle_participant,1,48000,0.4
Kaggle,kaggle_F_F_11.wav,kaggle_participant,1,48000,0.4
Kaggle,kaggle_F_F_110.wav,kaggle_participant,1,48000,0.4
Kaggle,kaggle_F_F_111.wav,kaggle_participant,1,48000,0.4
Kaggle,kaggle_F_F_112.wav,kaggle_participant,1,48000,0.4
Kaggle,kaggle_F_F_113.wav,kaggle_participant,1,48000,0.4
Kaggle,kaggle_F_F_114.wav,kaggle_participant,1,48000,0.4
Kaggle,kaggle_F_F_115.wav,kaggle_participant,1,48000,0.4
Kaggle,kaggle_F_F_116.wav,kaggle_participant,1,48000,0.4
Kaggle,kaggle_F_F_117.wav,kaggle_participant,1,48000,0.4
Kaggle,kaggle_F_F_118.wav,kaggle_participant,1,48000,0.4
Kaggle,kaggle_F_F_119.wav,kaggle_participant,1,48000,0.4
Kaggle,kaggle_F_F_12.wav,kaggle_participant,1,48000,0.4
Kaggle,kaggle_F_F_120.wav,kaggle_participant,1,48000,0.4
Kaggle,kaggle_F_F_121.wav,kaggle_participant,1,48000,0.4
Kaggle,kaggle_F_F_122.wav,kaggle_participant,1,48000,0.4
Kaggle,kaggle_F_F_123.wav,kaggle_participant,1,48000,0.4
Kaggle,kaggle_F_F_124.wav,kaggle_participant,1,48000,0.4
Kaggle,kaggle_F_F_125.wav,kaggle_participant,1,48000,0.4
Kaggle,kaggle_F_F_126.wav,kaggle_participant,1,48000,0.4
Kaggle,kaggle_F_F_127.wav,kaggle_participant,1,48000,0.4
Kaggle,kaggle_F_F_128.wav,kaggle_participant,1,48000,0.4
Kaggle,kaggle_F_F_129.wav,kaggle_participant,1,48000,0.4
Kaggle,kaggle_F_F_13.wav,kaggle_participant,1,48000,0.4
Kaggle,kaggle_F_F_130.wav,kaggle_participant,1,48000,0.4
Kaggle,kaggle_F_F_131.wav,kaggle_participant,1,48000,0.39997916666666666
Kaggle,kaggle_F_F_132.wav,kaggle_participant,1,48000,0.4
Kaggle,kaggle_F_F_133.wav,kaggle_participant,1,48000,0.4
Kaggle,kaggle_F_F_134.wav,kaggle_participant,1,48000,0.4
Kaggle,kaggle_F_F_135.wav,kaggle_participant,1,48000,0.4
Kaggle,kaggle_F_F_136.wav,kaggle_participant,1,48000,0.4
Kaggle,kaggle_F_F_137.wav,kaggle_participant,1,48000,0.4
Kaggle,kaggle_F_F_138.wav,kaggle_participant,1,48000,0.4
Kaggle,kaggle_F_F_139.wav,kaggle_participant,1,48000,0.4
Kaggle,kaggle_F_F_14.wav,kaggle_participant,1,48000,0.4
Kaggle,kaggle_F_F_140.wav,kaggle_participant,1,48000,0.4
Kaggle,kaggle_F_F_141.wav,kaggle_participant,1,48000,0.4
Kaggle,kaggle_F_F_142.wav,kaggle_participant,1,48000,0.4
Kaggle,kaggle_F_F_143.wav,kaggle_participant,1,48000,0.4
Kaggle,kaggle_F_F_144.wav,kaggle_participant,1,48000,0.4
Kaggle,kaggle_F_F_145.wav,kaggle_participant,1,48000,0.4
Kaggle,kaggle_F_F_146.wav,kaggle_participant,1,48000,0.4
Kaggle,kaggle_F_F_147.wav,kaggle_participant,1,48000,0.4
Kaggle,kaggle_F_F_148.wav,kaggle_participant,1,48000,0.4
Kaggle,kaggle_F_F_149.wav,kaggle_participant,1,48000,0.4
Kaggle,kaggle_F_F_15.wav,kaggle_participant,1,48000,0.4
Kaggle,kaggle_F_F_150.wav,kaggle_participant,1,48000,0.4
Kaggle,kaggle_F_F_151.wav,kaggle_participant,1,48000,0.4
Kaggle,kaggle_F_F_152.wav,kaggle_participant,1,48000,0.4
Kaggle,kaggle_F_F_153.wav,kaggle_participant,1,48000,0.4
Kaggle,kaggle_F_F_154.wav,kaggle_participant,1,48000,0.4
Kaggle,kaggle_F_F_155.wav,kaggle_participant,1,48000,0.4
Kaggle,kaggle_F_F_156.wav,kaggle_participant,1,48000,0.4
Kaggle,kaggle_F_F_157.wav,kaggle_participant,1,48000,0.4
Kaggle,kaggle_F_F_158.wav,kaggle_participant,1,48000,0.4
Kaggle,kaggle_F_F_159.wav,kaggle_participant,1,48000,0.4
Kaggle,kaggle_F_F_16.wav,kaggle_participant,1,48000,0.4000208333333333
Kaggle,kaggle_F_F_160.wav,kaggle_participant,1,48000,0.4
Kaggle,kaggle_F_F_161.wav,kaggle_participant,1,48000,0.4
Kaggle,kaggle_F_F_162.wav,kaggle_participant,1,48000,0.4
Kaggle,kaggle_F_F_163.wav,kaggle_participant,1,48000,0.4
Kaggle,kaggle_F_F_164.wav,kaggle_participant,1,48000,0.4
Kaggle,kaggle_F_F_165.wav,kaggle_participant,1,48000,0.4
Kaggle,kaggle_F_F_166.wav,kaggle_participant,1,48000,0.4
Kaggle,kaggle_F_F_167.wav,kaggle_participant,1,48000,0.4
Kaggle,kaggle_F_F_168.wav,kaggle_participant,1,48000,0.4
Kaggle,kaggle_F_F_169.wav,kaggle_participant,1,48000,0.4
Kaggle,kaggle_F_F_17.wav,kaggle_participant,1,48000,0.4
Kaggle,kaggle_F_F_170.wav,kaggle_participant,1,48000,0.4
Kaggle,kaggle_F_F_171.wav,kaggle_participant,1,48000,0.4
Kaggle,kaggle_F_F_172.wav,kaggle_participant,1,48000,0.4
Kaggle,kaggle_F_F_173.wav,kaggle_participant,1,48000,0.4
Kaggle,kaggle_F_F_174.wav,kaggle_participant,1,48000,0.4
Kaggle,kaggle_F_F_175.wav,kaggle_participant,1,48000,0.4
Kaggle,kaggle_F_F_176.wav,kaggle_participant,1,48000,0.4
Kaggle,kaggle_F_F_177.wav,kaggle_participant,1,48000,0.4
Kaggle,kaggle_F_F_178.wav,kaggle_participant,1,48000,0.4
Kaggle,kaggle_F_F_179.wav,kaggle_participant,1,48000,0.4
Kaggle,kaggle_F_F_18.wav,kaggle_participant,1,48000,0.4000208333333333
Kaggle,kaggle_F_F_180.wav,kaggle_participant,1,48000,0.4
Kaggle,kaggle_F_F_181.wav,kaggle_participant,1,48000,0.4
Kaggle,kaggle_F_F_182.wav,kaggle_participant,1,48000,0.4
Kaggle,kaggle_F_F_183.wav,kaggle_participant,1,48000,0.4
Kaggle,kaggle_F_F_184.wav,kaggle_participant,1,48000,0.4
Kaggle,kaggle_F_F_185.wav,kaggle_participant,1,48000,0.4
Kaggle,kaggle_F_F_186.wav,kaggle_participant,1,48000,0.4
Kaggle,kaggle_F_F_187.wav,kaggle_participant,1,48000,0.4
Kaggle,kaggle_F_F_188.wav,kaggle_participant,1,48000,0.4
Kaggle,kaggle_F_F_189.wav,kaggle_participant,1,48000,0.4
Kaggle,kaggle_F_F_19.wav,kaggle_participant,1,48000,0.4000208333333333
Kaggle,kaggle_F_F_190.wav,kaggle_participant,1,48000,0.4
Kaggle,kaggle_F_F_191.wav,kaggle_participant,1,48000,0.4
Kaggle,kaggle_F_F_192.wav,kaggle_participant,1,48000,0.4
Kaggle,kaggle_F_F_193.wav,kaggle_participant,1,48000,0.4
Kaggle,kaggle_F_F_194.wav,kaggle_participant,1,48000,0.4
Kaggle,kaggle_F_F_195.wav,kaggle_participant,1,48000,0.4
Kaggle,kaggle_F_F_196.wav,kaggle_participant,1,48000,0.4
Kaggle,kaggle_F_F_197.wav,kaggle_participant,1,48000,0.4
Kaggle,kaggle_F_F_198.wav,kaggle_participant,1,48000,0.4
Kaggle,kaggle_F_F_199.wav,kaggle_participant,1,48000,0.4
Kaggle,kaggle_F_F_2.wav,kaggle_participant,1,48000,0.4
Kaggle,kaggle_F_F_20.wav,kaggle_participant,1,48000,0.4000208333333333
Kaggle,kaggle_F_F_200.wav,kaggle_participant,1,48000,0.4
Kaggle,kaggle_F_F_201.wav,kaggle_participant,1,48000,0.4
Kaggle,kaggle_F_F_202.wav,kaggle_participant,1,48000,0.4
Kaggle,kaggle_F_F_203.wav,kaggle_participant,1,48000,0.4
Kaggle,kaggle_F_F_204.wav,kaggle_participant,1,48000,0.4
Kaggle,kaggle_F_F_205.wav,kaggle_participant,1,48000,0.4
Kaggle,kaggle_F_F_206.wav,kaggle_participant,1,48000,0.4
Kaggle,kaggle_F_F_207.wav,kaggle_participant,1,48000,0.4
Kaggle,kaggle_F_F_208.wav,kaggle_participant,1,48000,0.4
Kaggle,kaggle_F_F_209.wav,kaggle_participant,1,48000,0.4
Kaggle,kaggle_F_F_21.wav,kaggle_participant,1,48000,0.4000208333333333
Kaggle,kaggle_F_F_210.wav,kaggle_participant,1,48000,0.4
Kaggle,kaggle_F_F_211.wav,kaggle_participant,1,48000,0.4
Kaggle,kaggle_F_F_212.wav,kaggle_participant,1,48000,0.4
Kaggle,kaggle_F_F_213.wav,kaggle_participant,1,48000,0.4
Kaggle,kaggle_F_F_214.wav,kaggle_participant,1,48000,0.4
Kaggle,kaggle_F_F_215.wav,kaggle_participant,1,48000,0.4
Kaggle,kaggle_F_F_216.wav,kaggle_participant,1,48000,0.4
Kaggle,kaggle_F_F_217.wav,kaggle_participant,1,48000,0.4
Kaggle,kaggle_F_F_218.wav,kaggle_participant,1,48000,0.4
Kaggle,kaggle_F_F_219.wav,kaggle_participant,1,48000,0.4
Kaggle,kaggle_F_F_22.wav,kaggle_participant,1,48000,0.4
Kaggle,kaggle_F_F_220.wav,kaggle_participant,1,48000,0.4
Kaggle,kaggle_F_F_221.wav,kaggle_participant,1,48000,0.4
Kaggle,kaggle_F_F_222.wav,kaggle_participant,1,48000,0.4
Kaggle,kaggle_F_F_223.wav,kaggle_participant,1,48000,0.4
Kaggle,kaggle_F_F_224.wav,kaggle_participant,1,48000,0.4
Kaggle,kaggle_F_F_225.wav,kaggle_participant,1,48000,0.4
Kaggle,kaggle_F_F_226.wav,kaggle_participant,1,48000,0.4
Kaggle,kaggle_F_F_227.wav,kaggle_participant,1,48000,0.4
Kaggle,kaggle_F_F_228.wav,kaggle_participant,1,48000,0.4
Kaggle,kaggle_F_F_229.wav,kaggle_participant,1,48000,0.4
Kaggle,kaggle_F_F_23.wav,kaggle_participant,1,48000,0.4
Kaggle,kaggle_F_F_230.wav,kaggle_participant,1,48000,0.4
Kaggle,kaggle_F_F_231.wav,kaggle_participant,1,48000,0.4
Kaggle,kaggle_F_F_232.wav,kaggle_participant,1,48000,0.4
Kaggle,kaggle_F_F_233.wav,kaggle_participant,1,48000,0.4
Kaggle,kaggle_F_F_234.wav,kaggle_participant,1,48000,0.4
Kaggle,kaggle_F_F_235.wav,kaggle_participant,1,48000,0.4
Kaggle,kaggle_F_F_236.wav,kaggle_participant,1,48000,0.4
Kaggle,kaggle_F_F_237.wav,kaggle_participant,1,48000,0.4
Kaggle,kaggle_F_F_238.wav,kaggle_participant,1,48000,0.4
Kaggle,kaggle_F_F_239.wav,kaggle_participant,1,48000,0.4
Kaggle,kaggle_F_F_24.wav,kaggle_participant,1,48000,0.4
Kaggle,kaggle_F_F_240.wav,kaggle_participant,1,48000,0.4
Kaggle,kaggle_F_F_241.wav,kaggle_participant,1,48000,0.4
Kaggle,kaggle_F_F_242.wav,kaggle_participant,1,48000,0.4
Kaggle,kaggle_F_F_243.wav,kaggle_participant,1,48000,0.4
Kaggle,kaggle_F_F_244.wav,kaggle_participant,1,48000,0.4
Kaggle,kaggle_F_F_245.wav,kaggle_participant,1,48000,0.4
Kaggle,kaggle_F_F_246.wav,kaggle_participant,1,48000,0.4
Kaggle,kaggle_F_F_247.wav,kaggle_participant,1,48000,0.4
Kaggle,kaggle_F_F_248.wav,kaggle_participant,1,48000,0.4
Kaggle,kaggle_F_F_249.wav,kaggle_participant,1,48000,0.4
Kaggle,kaggle_F_F_25.wav,kaggle_participant,1,48000,0.4000208333333333
Kaggle,kaggle_F_F_250.wav,kaggle_participant,1,48000,0.4
Kaggle,kaggle_F_F_251.wav,kaggle_participant,1,48000,0.4
Kaggle,kaggle_F_F_252.wav,kaggle_participant,1,48000,0.4
Kaggle,kaggle_F_F_253.wav,kaggle_participant,1,48000,0.4
Kaggle,kaggle_F_F_254.wav,kaggle_participant,1,48000,0.4
Kaggle,kaggle_F_F_255.wav,kaggle_participant,1,48000,0.4
Kaggle,kaggle_F_F_256.wav,kaggle_participant,1,48000,0.4
Kaggle,kaggle_F_F_257.wav,kaggle_participant,1,48000,0.4
Kaggle,kaggle_F_F_258.wav,kaggle_participant,1,48000,0.4
Kaggle,kaggle_F_F_259.wav,kaggle_participant,1,48000,0.4
Kaggle,kaggle_F_F_26.wav,kaggle_participant,1,48000,0.4
Kaggle,kaggle_F_F_260.wav,kaggle_participant,1,48000,0.4
Kaggle,kaggle_F_F_261.wav,kaggle_participant,1,48000,0.4
Kaggle,kaggle_F_F_262.wav,kaggle_participant,1,48000,0.4
Kaggle,kaggle_F_F_263.wav,kaggle_participant,1,48000,0.4
Kaggle,kaggle_F_F_264.wav,kaggle_participant,1,48000,0.4
Kaggle,kaggle_F_F_265.wav,kaggle_participant,1,48000,0.4
Kaggle,kaggle_F_F_266.wav,kaggle_participant,1,48000,0.4
Kaggle,kaggle_F_F_267.wav,kaggle_participant,1,48000,0.4
Kaggle,kaggle_F_F_268.wav,kaggle_participant,1,48000,0.4000208333333333
Kaggle,kaggle_F_F_269.wav,kaggle_participant,1,48000,0.4000208333333333
Kaggle,kaggle_F_F_27.wav,kaggle_participant,1,48000,0.4
Kaggle,kaggle_F_F_270.wav,kaggle_participant,1,48000,0.4000208333333333
Kaggle,kaggle_F_F_271.wav,kaggle_participant,1,48000,0.4
Kaggle,kaggle_F_F_272.wav,kaggle_participant,1,48000,0.4000208333333333
Kaggle,kaggle_F_F_273.wav,kaggle_participant,1,48000,0.4000208333333333
Kaggle,kaggle_F_F_274.wav,kaggle_participant,1,48000,0.4000208333333333
Kaggle,kaggle_F_F_275.wav,kaggle_participant,1,48000,0.4000208333333333
Kaggle,kaggle_F_F_276.wav,kaggle_participant,1,48000,0.4
Kaggle,kaggle_F_F_277.wav,kaggle_participant,1,48000,0.4
Kaggle,kaggle_F_F_278.wav,kaggle_participant,1,48000,0.4000208333333333
Kaggle,kaggle_F_F_279.wav,kaggle_participant,1,48000,0.4000208333333333
Kaggle,kaggle_F_F_28.wav,kaggle_participant,1,48000,0.4
Kaggle,kaggle_F_F_280.wav,kaggle_participant,1,48000,0.4000208333333333
Kaggle,kaggle_F_F_281.wav,kaggle_participant,1,48000,0.4000208333333333
Kaggle,kaggle_F_F_282.wav,kaggle_participant,1,48000,0.4000208333333333
Kaggle,kaggle_F_F_283.wav,kaggle_participant,1,48000,0.4000208333333333
Kaggle,kaggle_F_F_284.wav,kaggle_participant,1,48000,0.4
Kaggle,kaggle_F_F_285.wav,kaggle_participant,1,48000,0.4000208333333333
Kaggle,kaggle_F_F_286.wav,kaggle_participant,1,48000,0.4
Kaggle,kaggle_F_F_287.wav,kaggle_participant,1,48000,0.4
Kaggle,kaggle_F_F_288.wav,kaggle_participant,1,48000,0.4000208333333333
Kaggle,kaggle_F_F_289.wav,kaggle_participant,1,48000,0.4000208333333333
Kaggle,kaggle_F_F_29.wav,kaggle_participant,1,48000,0.4000208333333333
Kaggle,kaggle_F_F_290.wav,kaggle_participant,1,48000,0.4
Kaggle,kaggle_F_F_291.wav,kaggle_participant,1,48000,0.4
Kaggle,kaggle_F_F_292.wav,kaggle_participant,1,48000,0.4000208333333333
Kaggle,kaggle_F_F_293.wav,kaggle_participant,1,48000,0.4
Kaggle,kaggle_F_F_294.wav,kaggle_participant,1,48000,0.4
Kaggle,kaggle_F_F_295.wav,kaggle_participant,1,48000,0.4000208333333333
Kaggle,kaggle_F_F_296.wav,kaggle_participant,1,48000,0.4
Kaggle,kaggle_F_F_297.wav,kaggle_participant,1,48000,0.4000208333333333
Kaggle,kaggle_F_F_298.wav,kaggle_participant,1,48000,0.4000208333333333
Kaggle,kaggle_F_F_299.wav,kaggle_participant,1,48000,0.4
Kaggle,kaggle_F_F_3.wav,kaggle_participant,1,48000,0.4
Kaggle,kaggle_F_F_30.wav,kaggle_participant,1,48000,0.4
Kaggle,kaggle_F_F_300.wav,kaggle_participant,1,48000,0.4000208333333333
Kaggle,kaggle_F_F_301.wav,kaggle_participant,1,48000,0.4000208333333333
Kaggle,kaggle_F_F_302.wav,kaggle_participant,1,48000,0.4000208333333333
Kaggle,kaggle_F_F_303.wav,kaggle_participant,1,48000,0.4000208333333333
Kaggle,kaggle_F_F_304.wav,kaggle_participant,1,48000,0.4000208333333333
Kaggle,kaggle_F_F_305.wav,kaggle_participant,1,48000,0.4000208333333333
Kaggle,kaggle_F_F_306.wav,kaggle_participant,1,48000,0.4
Kaggle,kaggle_F_F_307.wav,kaggle_participant,1,48000,0.4
Kaggle,kaggle_F_F_308.wav,kaggle_participant,1,48000,0.4
Kaggle,kaggle_F_F_309.wav,kaggle_participant,1,48000,0.4
Kaggle,kaggle_F_F_31.wav,kaggle_participant,1,48000,0.4
Kaggle,kaggle_F_F_310.wav,kaggle_participant,1,48000,0.4
Kaggle,kaggle_F_F_311.wav,kaggle_participant,1,48000,0.4
Kaggle,kaggle_F_F_312.wav,kaggle_participant,1,48000,0.4
Kaggle,kaggle_F_F_313.wav,kaggle_participant,1,48000,0.4000208333333333
Kaggle,kaggle_F_F_32.wav,kaggle_participant,1,48000,0.4
Kaggle,kaggle_F_F_33.wav,kaggle_participant,1,48000,0.4
Kaggle,kaggle_F_F_34.wav,kaggle_participant,1,48000,0.4
Kaggle,kaggle_F_F_35.wav,kaggle_participant,1,48000,0.4
Kaggle,kaggle_F_F_36.wav,kaggle_participant,1,48000,0.4
Kaggle,kaggle_F_F_37.wav,kaggle_participant,1,48000,0.4
Kaggle,kaggle_F_F_38.wav,kaggle_participant,1,48000,0.39997916666666666
Kaggle,kaggle_F_F_39.wav,kaggle_participant,1,48000,0.4
Kaggle,kaggle_F_F_4.wav,kaggle_participant,1,48000,0.4
Kaggle,kaggle_F_F_40.wav,kaggle_participant,1,48000,0.4
Kaggle,kaggle_F_F_41.wav,kaggle_participant,1,48000,0.4
Kaggle,kaggle_F_F_42.wav,kaggle_participant,1,48000,0.4
Kaggle,kaggle_F_F_43.wav,kaggle_participant,1,48000,0.39997916666666666
Kaggle,kaggle_F_F_44.wav,kaggle_participant,1,48000,0.4
Kaggle,kaggle_F_F_45.wav,kaggle_participant,1,48000,0.4
Kaggle,kaggle_F_F_46.wav,kaggle_participant,1,48000,0.4
Kaggle,kaggle_F_F_47.wav,kaggle_participant,1,48000,0.4
Kaggle,kaggle_F_F_48.wav,kaggle_participant,1,48000,0.4
Kaggle,kaggle_F_F_49.wav,kaggle_participant,1,48000,0.39997916666666666
Kaggle,kaggle_F_F_5.wav,kaggle_participant,1,48000,0.4
Kaggle,kaggle_F_F_50.wav,kaggle_participant,1,48000,0.4
Kaggle,kaggle_F_F_51.wav,kaggle_participant,1,48000,0.4
Kaggle,kaggle_F_F_52.wav,kaggle_participant,1,48000,0.4
Kaggle,kaggle_F_F_53.wav,kaggle_participant,1,48000,0.4
Kaggle,kaggle_F_F_54.wav,kaggle_participant,1,48000,0.4
Kaggle,kaggle_F_F_55.wav,kaggle_participant,1,48000,0.4
Kaggle,kaggle_F_F_56.wav,kaggle_participant,1,48000,0.4
Kaggle,kaggle_F_F_57.wav,kaggle_participant,1,48000,0.4
Kaggle,kaggle_F_F_58.wav,kaggle_participant,1,48000,0.4
Kaggle,kaggle_F_F_59.wav,kaggle_participant,1,48000,0.39997916666666666
Kaggle,kaggle_F_F_6.wav,kaggle_participant,1,48000,0.4
Kaggle,kaggle_F_F_60.wav,kaggle_participant,1,48000,0.4
Kaggle,kaggle_F_F_61.wav,kaggle_participant,1,48000,0.4
Kaggle,kaggle_F_F_62.wav,kaggle_participant,1,48000,0.4
Kaggle,kaggle_F_F_63.wav,kaggle_participant,1,48000,0.4
Kaggle,kaggle_F_F_64.wav,kaggle_participant,1,48000,0.4
Kaggle,kaggle_F_F_65.wav,kaggle_participant,1,48000,0.4
Kaggle,kaggle_F_F_66.wav,kaggle_participant,1,48000,0.4
Kaggle,kaggle_F_F_67.wav,kaggle_participant,1,48000,0.39997916666666666
Kaggle,kaggle_F_F_68.wav,kaggle_participant,1,48000,0.4
Kaggle,kaggle_F_F_69.wav,kaggle_participant,1,48000,0.4
Kaggle,kaggle_F_F_7.wav,kaggle_participant,1,48000,0.4
Kaggle,kaggle_F_F_70.wav,kaggle_participant,1,48000,0.39997916666666666
Kaggle,kaggle_F_F_71.wav,kaggle_participant,1,48000,0.39997916666666666
Kaggle,kaggle_F_F_72.wav,kaggle_participant,1,48000,0.39997916666666666
Kaggle,kaggle_F_F_73.wav,kaggle_participant,1,48000,0.39997916666666666
Kaggle,kaggle_F_F_74.wav,kaggle_participant,1,48000,0.4
Kaggle,kaggle_F_F_75.wav,kaggle_participant,1,48000,0.39997916666666666
Kaggle,kaggle_F_F_76.wav,kaggle_participant,1,48000,0.4
Kaggle,kaggle_F_F_77.wav,kaggle_participant,1,48000,0.39997916666666666
Kaggle,kaggle_F_F_78.wav,kaggle_participant,1,48000,0.39997916666666666
Kaggle,kaggle_F_F_79.wav,kaggle_participant,1,48000,0.4
Kaggle,kaggle_F_F_8.wav,kaggle_participant,1,48000,0.4
Kaggle,kaggle_F_F_80.wav,kaggle_participant,1,48000,0.4
Kaggle,kaggle_F_F_81.wav,kaggle_participant,1,48000,0.4
Kaggle,kaggle_F_F_82.wav,kaggle_participant,1,48000,0.39997916666666666
Kaggle,kaggle_F_F_83.wav,kaggle_participant,1,48000,0.39997916666666666
Kaggle,kaggle_F_F_84.wav,kaggle_participant,1,48000,0.4
Kaggle,kaggle_F_F_85.wav,kaggle_participant,1,48000,0.39997916666666666
Kaggle,kaggle_F_F_86.wav,kaggle_participant,1,48000,0.39997916666666666
Kaggle,kaggle_F_F_87.wav,kaggle_participant,1,48000,0.4
Kaggle,kaggle_F_F_88.wav,kaggle_participant,1,48000,0.4
Kaggle,kaggle_F_F_89.wav,kaggle_participant,1,48000,0.4
Kaggle,kaggle_F_F_9.wav,kaggle_participant,1,48000,0.4
Kaggle,kaggle_F_F_90.wav,kaggle_participant,1,48000,0.4
Kaggle,kaggle_F_F_91.wav,kaggle_participant,1,48000,0.4
Kaggle,kaggle_F_F_92.wav,kaggle_participant,1,48000,0.4
Kaggle,kaggle_F_F_93.wav,kaggle_participant,1,48000,0.4
Kaggle,kaggle_F_F_94.wav,kaggle_participant,1,48000,0.4
Kaggle,kaggle_F_F_95.wav,kaggle_participant,1,48000,0.4
Kaggle,kaggle_F_F_96.wav,kaggle_participant,1,48000,0.4
Kaggle,kaggle_F_F_97.wav,kaggle_participant,1,48000,0.4
Kaggle,kaggle_F_F_98.wav,kaggle_participant,1,48000,0.4
Kaggle,kaggle_F_F_99.wav,kaggle_participant,1,48000,0.4
Kaggle,kaggle_G_G_1.wav,kaggle_participant,1,48000,0.4
Kaggle,kaggle_G_G_10.wav,kaggle_participant,1,48000,0.4
Kaggle,kaggle_G_G_100.wav,kaggle_participant,1,48000,0.4
Kaggle,kaggle_G_G_101.wav,kaggle_participant,1,48000,0.4
Kaggle,kaggle_G_G_102.wav,kaggle_participant,1,48000,0.4
Kaggle,kaggle_G_G_103.wav,kaggle_participant,1,48000,0.4
Kaggle,kaggle_G_G_104.wav,kaggle_participant,1,48000,0.4
Kaggle,kaggle_G_G_105.wav,kaggle_participant,1,48000,0.4
Kaggle,kaggle_G_G_106.wav,kaggle_participant,1,48000,0.4
Kaggle,kaggle_G_G_107.wav,kaggle_participant,1,48000,0.4
Kaggle,kaggle_G_G_108.wav,kaggle_participant,1,48000,0.4
Kaggle,kaggle_G_G_109.wav,kaggle_participant,1,48000,0.4
Kaggle,kaggle_G_G_11.wav,kaggle_participant,1,48000,0.4
Kaggle,kaggle_G_G_110.wav,kaggle_participant,1,48000,0.4
Kaggle,kaggle_G_G_111.wav,kaggle_participant,1,48000,0.4
Kaggle,kaggle_G_G_112.wav,kaggle_participant,1,48000,0.4
Kaggle,kaggle_G_G_113.wav,kaggle_participant,1,48000,0.4
Kaggle,kaggle_G_G_114.wav,kaggle_participant,1,48000,0.4
Kaggle,kaggle_G_G_115.wav,kaggle_participant,1,48000,0.4
Kaggle,kaggle_G_G_116.wav,kaggle_participant,1,48000,0.4
Kaggle,kaggle_G_G_117.wav,kaggle_participant,1,48000,0.4
Kaggle,kaggle_G_G_118.wav,kaggle_participant,1,48000,0.4
Kaggle,kaggle_G_G_119.wav,kaggle_participant,1,48000,0.4
Kaggle,kaggle_G_G_12.wav,kaggle_participant,1,48000,0.4
Kaggle,kaggle_G_G_120.wav,kaggle_participant,1,48000,0.4
Kaggle,kaggle_G_G_121.wav,kaggle_participant,1,48000,0.4
Kaggle,kaggle_G_G_122.wav,kaggle_participant,1,48000,0.4
Kaggle,kaggle_G_G_123.wav,kaggle_participant,1,48000,0.4
Kaggle,kaggle_G_G_124.wav,kaggle_participant,1,48000,0.4
Kaggle,kaggle_G_G_125.wav,kaggle_participant,1,48000,0.4
Kaggle,kaggle_G_G_126.wav,kaggle_participant,1,48000,0.4
Kaggle,kaggle_G_G_127.wav,kaggle_participant,1,48000,0.4
Kaggle,kaggle_G_G_128.wav,kaggle_participant,1,48000,0.4
Kaggle,kaggle_G_G_129.wav,kaggle_participant,1,48000,0.4
Kaggle,kaggle_G_G_13.wav,kaggle_participant,1,48000,0.4
Kaggle,kaggle_G_G_130.wav,kaggle_participant,1,48000,0.4
Kaggle,kaggle_G_G_131.wav,kaggle_participant,1,48000,0.4
Kaggle,kaggle_G_G_132.wav,kaggle_participant,1,48000,0.4
Kaggle,kaggle_G_G_133.wav,kaggle_participant,1,48000,0.4
Kaggle,kaggle_G_G_134.wav,kaggle_participant,1,48000,0.4
Kaggle,kaggle_G_G_135.wav,kaggle_participant,1,48000,0.4
Kaggle,kaggle_G_G_136.wav,kaggle_participant,1,48000,0.4
Kaggle,kaggle_G_G_137.wav,kaggle_participant,1,48000,0.4
Kaggle,kaggle_G_G_138.wav,kaggle_participant,1,48000,0.4
Kaggle,kaggle_G_G_139.wav,kaggle_participant,1,48000,0.4
Kaggle,kaggle_G_G_14.wav,kaggle_participant,1,48000,0.4
Kaggle,kaggle_G_G_140.wav,kaggle_participant,1,48000,0.4
Kaggle,kaggle_G_G_141.wav,kaggle_participant,1,48000,0.4
Kaggle,kaggle_G_G_142.wav,kaggle_participant,1,48000,0.4
Kaggle,kaggle_G_G_143.wav,kaggle_participant,1,48000,0.4
Kaggle,kaggle_G_G_144.wav,kaggle_participant,1,48000,0.4
Kaggle,kaggle_G_G_145.wav,kaggle_participant,1,48000,0.4
Kaggle,kaggle_G_G_146.wav,kaggle_participant,1,48000,0.4
Kaggle,kaggle_G_G_147.wav,kaggle_participant,1,48000,0.4
Kaggle,kaggle_G_G_148.wav,kaggle_participant,1,48000,0.4
Kaggle,kaggle_G_G_149.wav,kaggle_participant,1,48000,0.4
Kaggle,kaggle_G_G_15.wav,kaggle_participant,1,48000,0.4
Kaggle,kaggle_G_G_150.wav,kaggle_participant,1,48000,0.4
Kaggle,kaggle_G_G_151.wav,kaggle_participant,1,48000,0.4
Kaggle,kaggle_G_G_152.wav,kaggle_participant,1,48000,0.4
Kaggle,kaggle_G_G_153.wav,kaggle_participant,1,48000,0.4
Kaggle,kaggle_G_G_154.wav,kaggle_participant,1,48000,0.4
Kaggle,kaggle_G_G_155.wav,kaggle_participant,1,48000,0.4
Kaggle,kaggle_G_G_156.wav,kaggle_participant,1,48000,0.4
Kaggle,kaggle_G_G_157.wav,kaggle_participant,1,48000,0.4
Kaggle,kaggle_G_G_158.wav,kaggle_participant,1,48000,0.4
Kaggle,kaggle_G_G_159.wav,kaggle_participant,1,48000,0.4
Kaggle,kaggle_G_G_16.wav,kaggle_participant,1,48000,0.4
Kaggle,kaggle_G_G_160.wav,kaggle_participant,1,48000,0.4
Kaggle,kaggle_G_G_161.wav,kaggle_participant,1,48000,0.4
Kaggle,kaggle_G_G_162.wav,kaggle_participant,1,48000,0.4
Kaggle,kaggle_G_G_163.wav,kaggle_participant,1,48000,0.4
Kaggle,kaggle_G_G_164.wav,kaggle_participant,1,48000,0.4
Kaggle,kaggle_G_G_165.wav,kaggle_participant,1,48000,0.4
Kaggle,kaggle_G_G_166.wav,kaggle_participant,1,48000,0.4
Kaggle,kaggle_G_G_167.wav,kaggle_participant,1,48000,0.4
Kaggle,kaggle_G_G_168.wav,kaggle_participant,1,48000,0.4
Kaggle,kaggle_G_G_169.wav,kaggle_participant,1,48000,0.4
Kaggle,kaggle_G_G_17.wav,kaggle_participant,1,48000,0.4
Kaggle,kaggle_G_G_170.wav,kaggle_participant,1,48000,0.4
Kaggle,kaggle_G_G_171.wav,kaggle_participant,1,48000,0.4
Kaggle,kaggle_G_G_172.wav,kaggle_participant,1,48000,0.4
Kaggle,kaggle_G_G_173.wav,kaggle_participant,1,48000,0.4
Kaggle,kaggle_G_G_174.wav,kaggle_participant,1,48000,0.4
Kaggle,kaggle_G_G_175.wav,kaggle_participant,1,48000,0.4
Kaggle,kaggle_G_G_176.wav,kaggle_participant,1,48000,0.4
Kaggle,kaggle_G_G_177.wav,kaggle_participant,1,48000,0.4
Kaggle,kaggle_G_G_178.wav,kaggle_participant,1,48000,0.4
Kaggle,kaggle_G_G_179.wav,kaggle_participant,1,48000,0.4
Kaggle,kaggle_G_G_18.wav,kaggle_participant,1,48000,0.4000208333333333
Kaggle,kaggle_G_G_180.wav,kaggle_participant,1,48000,0.4
Kaggle,kaggle_G_G_181.wav,kaggle_participant,1,48000,0.4
Kaggle,kaggle_G_G_182.wav,kaggle_participant,1,48000,0.4
Kaggle,kaggle_G_G_183.wav,kaggle_participant,1,48000,0.4
Kaggle,kaggle_G_G_184.wav,kaggle_participant,1,48000,0.4
Kaggle,kaggle_G_G_185.wav,kaggle_participant,1,48000,0.4
Kaggle,kaggle_G_G_186.wav,kaggle_participant,1,48000,0.4
Kaggle,kaggle_G_G_187.wav,kaggle_participant,1,48000,0.4
Kaggle,kaggle_G_G_188.wav,kaggle_participant,1,48000,0.4
Kaggle,kaggle_G_G_189.wav,kaggle_participant,1,48000,0.4
Kaggle,kaggle_G_G_19.wav,kaggle_participant,1,48000,0.4000208333333333
Kaggle,kaggle_G_G_190.wav,kaggle_participant,1,48000,0.4
Kaggle,kaggle_G_G_191.wav,kaggle_participant,1,48000,0.4
Kaggle,kaggle_G_G_192.wav,kaggle_participant,1,48000,0.4
Kaggle,kaggle_G_G_193.wav,kaggle_participant,1,48000,0.4
Kaggle,kaggle_G_G_194.wav,kaggle_participant,1,48000,0.4
Kaggle,kaggle_G_G_195.wav,kaggle_participant,1,48000,0.4
Kaggle,kaggle_G_G_196.wav,kaggle_participant,1,48000,0.4
Kaggle,kaggle_G_G_197.wav,kaggle_participant,1,48000,0.4
Kaggle,kaggle_G_G_198.wav,kaggle_participant,1,48000,0.4
Kaggle,kaggle_G_G_199.wav,kaggle_participant,1,48000,0.4
Kaggle,kaggle_G_G_2.wav,kaggle_participant,1,48000,0.4000208333333333
Kaggle,kaggle_G_G_20.wav,kaggle_participant,1,48000,0.4000208333333333
Kaggle,kaggle_G_G_200.wav,kaggle_participant,1,48000,0.4
Kaggle,kaggle_G_G_201.wav,kaggle_participant,1,48000,0.4
Kaggle,kaggle_G_G_202.wav,kaggle_participant,1,48000,0.4
Kaggle,kaggle_G_G_203.wav,kaggle_participant,1,48000,0.4
Kaggle,kaggle_G_G_204.wav,kaggle_participant,1,48000,0.4
Kaggle,kaggle_G_G_205.wav,kaggle_participant,1,48000,0.4
Kaggle,kaggle_G_G_206.wav,kaggle_participant,1,48000,0.4
Kaggle,kaggle_G_G_207.wav,kaggle_participant,1,48000,0.4
Kaggle,kaggle_G_G_208.wav,kaggle_participant,1,48000,0.4
Kaggle,kaggle_G_G_209.wav,kaggle_participant,1,48000,0.4
Kaggle,kaggle_G_G_21.wav,kaggle_participant,1,48000,0.4
Kaggle,kaggle_G_G_210.wav,kaggle_participant,1,48000,0.4
Kaggle,kaggle_G_G_211.wav,kaggle_participant,1,48000,0.4
Kaggle,kaggle_G_G_212.wav,kaggle_participant,1,48000,0.4
Kaggle,kaggle_G_G_213.wav,kaggle_participant,1,48000,0.4
Kaggle,kaggle_G_G_214.wav,kaggle_participant,1,48000,0.4
Kaggle,kaggle_G_G_215.wav,kaggle_participant,1,48000,0.4
Kaggle,kaggle_G_G_216.wav,kaggle_participant,1,48000,0.4
Kaggle,kaggle_G_G_217.wav,kaggle_participant,1,48000,0.4
Kaggle,kaggle_G_G_218.wav,kaggle_participant,1,48000,0.4
Kaggle,kaggle_G_G_219.wav,kaggle_participant,1,48000,0.4
Kaggle,kaggle_G_G_22.wav,kaggle_participant,1,48000,0.4
Kaggle,kaggle_G_G_220.wav,kaggle_participant,1,48000,0.4
Kaggle,kaggle_G_G_221.wav,kaggle_participant,1,48000,0.4
Kaggle,kaggle_G_G_222.wav,kaggle_participant,1,48000,0.4
Kaggle,kaggle_G_G_223.wav,kaggle_participant,1,48000,0.4
Kaggle,kaggle_G_G_224.wav,kaggle_participant,1,48000,0.4
Kaggle,kaggle_G_G_225.wav,kaggle_participant,1,48000,0.4
Kaggle,kaggle_G_G_226.wav,kaggle_participant,1,48000,0.4
Kaggle,kaggle_G_G_227.wav,kaggle_participant,1,48000,0.4
Kaggle,kaggle_G_G_228.wav,kaggle_participant,1,48000,0.4
Kaggle,kaggle_G_G_229.wav,kaggle_participant,1,48000,0.4
Kaggle,kaggle_G_G_23.wav,kaggle_participant,1,48000,0.4000208333333333
Kaggle,kaggle_G_G_230.wav,kaggle_participant,1,48000,0.4
Kaggle,kaggle_G_G_231.wav,kaggle_participant,1,48000,0.4
Kaggle,kaggle_G_G_232.wav,kaggle_participant,1,48000,0.4
Kaggle,kaggle_G_G_233.wav,kaggle_participant,1,48000,0.4
Kaggle,kaggle_G_G_234.wav,kaggle_participant,1,48000,0.4
Kaggle,kaggle_G_G_235.wav,kaggle_participant,1,48000,0.4
Kaggle,kaggle_G_G_236.wav,kaggle_participant,1,48000,0.4
Kaggle,kaggle_G_G_237.wav,kaggle_participant,1,48000,0.4
Kaggle,kaggle_G_G_238.wav,kaggle_participant,1,48000,0.4
Kaggle,kaggle_G_G_239.wav,kaggle_participant,1,48000,0.4
Kaggle,kaggle_G_G_24.wav,kaggle_participant,1,48000,0.4
Kaggle,kaggle_G_G_240.wav,kaggle_participant,1,48000,0.4
Kaggle,kaggle_G_G_241.wav,kaggle_participant,1,48000,0.4
Kaggle,kaggle_G_G_242.wav,kaggle_participant,1,48000,0.4
Kaggle,kaggle_G_G_243.wav,kaggle_participant,1,48000,0.4
Kaggle,kaggle_G_G_244.wav,kaggle_participant,1,48000,0.4
Kaggle,kaggle_G_G_245.wav,kaggle_participant,1,48000,0.4
Kaggle,kaggle_G_G_246.wav,kaggle_participant,1,48000,0.4
Kaggle,kaggle_G_G_247.wav,kaggle_participant,1,48000,0.4
Kaggle,kaggle_G_G_248.wav,kaggle_participant,1,48000,0.4
Kaggle,kaggle_G_G_249.wav,kaggle_participant,1,48000,0.4
Kaggle,kaggle_G_G_25.wav,kaggle_participant,1,48000,0.4
Kaggle,kaggle_G_G_250.wav,kaggle_participant,1,48000,0.4
Kaggle,kaggle_G_G_251.wav,kaggle_participant,1,48000,0.4
Kaggle,kaggle_G_G_252.wav,kaggle_participant,1,48000,0.4
Kaggle,kaggle_G_G_253.wav,kaggle_participant,1,48000,0.4
Kaggle,kaggle_G_G_254.wav,kaggle_participant,1,48000,0.4
Kaggle,kaggle_G_G_255.wav,kaggle_participant,1,48000,0.4
Kaggle,kaggle_G_G_256.wav,kaggle_participant,1,48000,0.4
Kaggle,kaggle_G_G_257.wav,kaggle_participant,1,48000,0.4
Kaggle,kaggle_G_G_258.wav,kaggle_participant,1,48000,0.4
Kaggle,kaggle_G_G_259.wav,kaggle_participant,1,48000,0.4
Kaggle,kaggle_G_G_26.wav,kaggle_participant,1,48000,0.4000208333333333
Kaggle,kaggle_G_G_260.wav,kaggle_participant,1,48000,0.4
Kaggle,kaggle_G_G_261.wav,kaggle_participant,1,48000,0.4
Kaggle,kaggle_G_G_262.wav,kaggle_participant,1,48000,0.4
Kaggle,kaggle_G_G_263.wav,kaggle_participant,1,48000,0.4
Kaggle,kaggle_G_G_264.wav,kaggle_participant,1,48000,0.4
Kaggle,kaggle_G_G_265.wav,kaggle_participant,1,48000,0.4000208333333333
Kaggle,kaggle_G_G_266.wav,kaggle_participant,1,48000,0.4000208333333333
Kaggle,kaggle_G_G_267.wav,kaggle_participant,1,48000,0.4000208333333333
Kaggle,kaggle_G_G_268.wav,kaggle_participant,1,48000,0.4000208333333333
Kaggle,kaggle_G_G_269.wav,kaggle_participant,1,48000,0.4000208333333333
Kaggle,kaggle_G_G_27.wav,kaggle_participant,1,48000,0.4
Kaggle,kaggle_G_G_270.wav,kaggle_participant,1,48000,0.4
Kaggle,kaggle_G_G_271.wav,kaggle_participant,1,48000,0.4000208333333333
Kaggle,kaggle_G_G_272.wav,kaggle_participant,1,48000,0.4000208333333333
Kaggle,kaggle_G_G_273.wav,kaggle_participant,1,48000,0.4
Kaggle,kaggle_G_G_274.wav,kaggle_participant,1,48000,0.4000208333333333
Kaggle,kaggle_G_G_275.wav,kaggle_participant,1,48000,0.4
Kaggle,kaggle_G_G_276.wav,kaggle_participant,1,48000,0.4
Kaggle,kaggle_G_G_277.wav,kaggle_participant,1,48000,0.4
Kaggle,kaggle_G_G_278.wav,kaggle_participant,1,48000,0.4
Kaggle,kaggle_G_G_279.wav,kaggle_participant,1,48000,0.4000208333333333
Kaggle,kaggle_G_G_28.wav,kaggle_participant,1,48000,0.4
Kaggle,kaggle_G_G_280.wav,kaggle_participant,1,48000,0.4
Kaggle,kaggle_G_G_281.wav,kaggle_participant,1,48000,0.4000208333333333
Kaggle,kaggle_G_G_282.wav,kaggle_participant,1,48000,0.4000208333333333
Kaggle,kaggle_G_G_283.wav,kaggle_participant,1,48000,0.4000208333333333
Kaggle,kaggle_G_G_284.wav,kaggle_participant,1,48000,0.4
Kaggle,kaggle_G_G_285.wav,kaggle_participant,1,48000,0.4
Kaggle,kaggle_G_G_286.wav,kaggle_participant,1,48000,0.4
Kaggle,kaggle_G_G_287.wav,kaggle_participant,1,48000,0.4
Kaggle,kaggle_G_G_288.wav,kaggle_participant,1,48000,0.4
Kaggle,kaggle_G_G_289.wav,kaggle_participant,1,48000,0.4
Kaggle,kaggle_G_G_29.wav,kaggle_participant,1,48000,0.4
Kaggle,kaggle_G_G_290.wav,kaggle_participant,1,48000,0.4000208333333333
Kaggle,kaggle_G_G_291.wav,kaggle_participant,1,48000,0.4000208333333333
Kaggle,kaggle_G_G_292.wav,kaggle_participant,1,48000,0.4000208333333333
Kaggle,kaggle_G_G_293.wav,kaggle_participant,1,48000,0.4000208333333333
Kaggle,kaggle_G_G_294.wav,kaggle_participant,1,48000,0.4
Kaggle,kaggle_G_G_295.wav,kaggle_participant,1,48000,0.4000208333333333
Kaggle,kaggle_G_G_296.wav,kaggle_participant,1,48000,0.4000208333333333
Kaggle,kaggle_G_G_297.wav,kaggle_participant,1,48000,0.4
Kaggle,kaggle_G_G_298.wav,kaggle_participant,1,48000,0.4000208333333333
Kaggle,kaggle_G_G_299.wav,kaggle_participant,1,48000,0.4
Kaggle,kaggle_G_G_3.wav,kaggle_participant,1,48000,0.4
Kaggle,kaggle_G_G_30.wav,kaggle_participant,1,48000,0.4
Kaggle,kaggle_G_G_300.wav,kaggle_participant,1,48000,0.4000208333333333
Kaggle,kaggle_G_G_301.wav,kaggle_participant,1,48000,0.4
Kaggle,kaggle_G_G_302.wav,kaggle_participant,1,48000,0.4000208333333333
Kaggle,kaggle_G_G_303.wav,kaggle_participant,1,48000,0.4
Kaggle,kaggle_G_G_304.wav,kaggle_participant,1,48000,0.4
Kaggle,kaggle_G_G_305.wav,kaggle_participant,1,48000,0.4000208333333333
Kaggle,kaggle_G_G_306.wav,kaggle_participant,1,48000,0.4
Kaggle,kaggle_G_G_307.wav,kaggle_participant,1,48000,0.4000208333333333
Kaggle,kaggle_G_G_308.wav,kaggle_participant,1,48000,0.4000208333333333
Kaggle,kaggle_G_G_31.wav,kaggle_participant,1,48000,0.4000208333333333
Kaggle,kaggle_G_G_32.wav,kaggle_participant,1,48000,0.4000208333333333
Kaggle,kaggle_G_G_33.wav,kaggle_participant,1,48000,0.4
Kaggle,kaggle_G_G_34.wav,kaggle_participant,1,48000,0.4
Kaggle,kaggle_G_G_35.wav,kaggle_participant,1,48000,0.4
Kaggle,kaggle_G_G_36.wav,kaggle_participant,1,48000,0.4
Kaggle,kaggle_G_G_37.wav,kaggle_participant,1,48000,0.4
Kaggle,kaggle_G_G_38.wav,kaggle_participant,1,48000,0.39997916666666666
Kaggle,kaggle_G_G_39.wav,kaggle_participant,1,48000,0.4
Kaggle,kaggle_G_G_4.wav,kaggle_participant,1,48000,0.4
Kaggle,kaggle_G_G_40.wav,kaggle_participant,1,48000,0.4
Kaggle,kaggle_G_G_41.wav,kaggle_participant,1,48000,0.4
Kaggle,kaggle_G_G_42.wav,kaggle_participant,1,48000,0.4
Kaggle,kaggle_G_G_43.wav,kaggle_participant,1,48000,0.4
Kaggle,kaggle_G_G_44.wav,kaggle_participant,1,48000,0.4
Kaggle,kaggle_G_G_45.wav,kaggle_participant,1,48000,0.4
Kaggle,kaggle_G_G_46.wav,kaggle_participant,1,48000,0.39997916666666666
Kaggle,kaggle_G_G_47.wav,kaggle_participant,1,48000,0.4
Kaggle,kaggle_G_G_48.wav,kaggle_participant,1,48000,0.39997916666666666
Kaggle,kaggle_G_G_49.wav,kaggle_participant,1,48000,0.4
Kaggle,kaggle_G_G_5.wav,kaggle_participant,1,48000,0.4
Kaggle,kaggle_G_G_50.wav,kaggle_participant,1,48000,0.4
Kaggle,kaggle_G_G_51.wav,kaggle_participant,1,48000,0.4
Kaggle,kaggle_G_G_52.wav,kaggle_participant,1,48000,0.4
Kaggle,kaggle_G_G_53.wav,kaggle_participant,1,48000,0.4
Kaggle,kaggle_G_G_54.wav,kaggle_participant,1,48000,0.39997916666666666
Kaggle,kaggle_G_G_55.wav,kaggle_participant,1,48000,0.4
Kaggle,kaggle_G_G_56.wav,kaggle_participant,1,48000,0.4
Kaggle,kaggle_G_G_57.wav,kaggle_participant,1,48000,0.4
Kaggle,kaggle_G_G_58.wav,kaggle_participant,1,48000,0.4
Kaggle,kaggle_G_G_59.wav,kaggle_participant,1,48000,0.39997916666666666
Kaggle,kaggle_G_G_6.wav,kaggle_participant,1,48000,0.4
Kaggle,kaggle_G_G_60.wav,kaggle_participant,1,48000,0.4
Kaggle,kaggle_G_G_61.wav,kaggle_participant,1,48000,0.4
Kaggle,kaggle_G_G_62.wav,kaggle_participant,1,48000,0.4
Kaggle,kaggle_G_G_63.wav,kaggle_participant,1,48000,0.4
Kaggle,kaggle_G_G_64.wav,kaggle_participant,1,48000,0.4
Kaggle,kaggle_G_G_65.wav,kaggle_participant,1,48000,0.4
Kaggle,kaggle_G_G_66.wav,kaggle_participant,1,48000,0.4
Kaggle,kaggle_G_G_67.wav,kaggle_participant,1,48000,0.4
Kaggle,kaggle_G_G_68.wav,kaggle_participant,1,48000,0.4
Kaggle,kaggle_G_G_69.wav,kaggle_participant,1,48000,0.4
Kaggle,kaggle_G_G_7.wav,kaggle_participant,1,48000,0.4
Kaggle,kaggle_G_G_70.wav,kaggle_participant,1,48000,0.4
Kaggle,kaggle_G_G_71.wav,kaggle_participant,1,48000,0.39997916666666666
Kaggle,kaggle_G_G_72.wav,kaggle_participant,1,48000,0.4
Kaggle,kaggle_G_G_73.wav,kaggle_participant,1,48000,0.39997916666666666
Kaggle,kaggle_G_G_74.wav,kaggle_participant,1,48000,0.4
Kaggle,kaggle_G_G_75.wav,kaggle_participant,1,48000,0.4
Kaggle,kaggle_G_G_76.wav,kaggle_participant,1,48000,0.4
Kaggle,kaggle_G_G_77.wav,kaggle_participant,1,48000,0.4
Kaggle,kaggle_G_G_78.wav,kaggle_participant,1,48000,0.4
Kaggle,kaggle_G_G_79.wav,kaggle_participant,1,48000,0.39997916666666666
Kaggle,kaggle_G_G_8.wav,kaggle_participant,1,48000,0.4
Kaggle,kaggle_G_G_80.wav,kaggle_participant,1,48000,0.4
Kaggle,kaggle_G_G_81.wav,kaggle_participant,1,48000,0.39997916666666666
Kaggle,kaggle_G_G_82.wav,kaggle_participant,1,48000,0.4
Kaggle,kaggle_G_G_83.wav,kaggle_participant,1,48000,0.4
Kaggle,kaggle_G_G_84.wav,kaggle_participant,1,48000,0.4
Kaggle,kaggle_G_G_85.wav,kaggle_participant,1,48000,0.4
Kaggle,kaggle_G_G_86.wav,kaggle_participant,1,48000,0.4
Kaggle,kaggle_G_G_87.wav,kaggle_participant,1,48000,0.4
Kaggle,kaggle_G_G_88.wav,kaggle_participant,1,48000,0.39997916666666666
Kaggle,kaggle_G_G_89.wav,kaggle_participant,1,48000,0.4
Kaggle,kaggle_G_G_9.wav,kaggle_participant,1,48000,0.4
Kaggle,kaggle_G_G_90.wav,kaggle_participant,1,48000,0.4
Kaggle,kaggle_G_G_91.wav,kaggle_participant,1,48000,0.4
Kaggle,kaggle_G_G_92.wav,kaggle_participant,1,48000,0.4
Kaggle,kaggle_G_G_93.wav,kaggle_participant,1,48000,0.4
Kaggle,kaggle_G_G_94.wav,kaggle_participant,1,48000,0.4
Kaggle,kaggle_G_G_95.wav,kaggle_participant,1,48000,0.4
Kaggle,kaggle_G_G_96.wav,kaggle_participant,1,48000,0.4
Kaggle,kaggle_G_G_97.wav,kaggle_participant,1,48000,0.4
Kaggle,kaggle_G_G_98.wav,kaggle_participant,1,48000,0.4
Kaggle,kaggle_G_G_99.wav,kaggle_participant,1,48000,0.4
Kaggle,kaggle_H_H_1.wav,kaggle_participant,1,48000,0.4
Kaggle,kaggle_H_H_10.wav,kaggle_participant,1,48000,0.4
Kaggle,kaggle_H_H_100.wav,kaggle_participant,1,48000,0.4
Kaggle,kaggle_H_H_101.wav,kaggle_participant,1,48000,0.4
Kaggle,kaggle_H_H_102.wav,kaggle_participant,1,48000,0.4
Kaggle,kaggle_H_H_103.wav,kaggle_participant,1,48000,0.4
Kaggle,kaggle_H_H_104.wav,kaggle_participant,1,48000,0.4
Kaggle,kaggle_H_H_105.wav,kaggle_participant,1,48000,0.4
Kaggle,kaggle_H_H_106.wav,kaggle_participant,1,48000,0.4
Kaggle,kaggle_H_H_107.wav,kaggle_participant,1,48000,0.4
Kaggle,kaggle_H_H_108.wav,kaggle_participant,1,48000,0.4
Kaggle,kaggle_H_H_109.wav,kaggle_participant,1,48000,0.4
Kaggle,kaggle_H_H_11.wav,kaggle_participant,1,48000,0.4
Kaggle,kaggle_H_H_110.wav,kaggle_participant,1,48000,0.4
Kaggle,kaggle_H_H_111.wav,kaggle_participant,1,48000,0.4
Kaggle,kaggle_H_H_112.wav,kaggle_participant,1,48000,0.4
Kaggle,kaggle_H_H_113.wav,kaggle_participant,1,48000,0.4
Kaggle,kaggle_H_H_114.wav,kaggle_participant,1,48000,0.4
Kaggle,kaggle_H_H_115.wav,kaggle_participant,1,48000,0.4
Kaggle,kaggle_H_H_116.wav,kaggle_participant,1,48000,0.4
Kaggle,kaggle_H_H_117.wav,kaggle_participant,1,48000,0.4
Kaggle,kaggle_H_H_118.wav,kaggle_participant,1,48000,0.4
Kaggle,kaggle_H_H_119.wav,kaggle_participant,1,48000,0.4
Kaggle,kaggle_H_H_12.wav,kaggle_participant,1,48000,0.4
Kaggle,kaggle_H_H_120.wav,kaggle_participant,1,48000,0.4
Kaggle,kaggle_H_H_121.wav,kaggle_participant,1,48000,0.4
Kaggle,kaggle_H_H_122.wav,kaggle_participant,1,48000,0.4
Kaggle,kaggle_H_H_123.wav,kaggle_participant,1,48000,0.4
Kaggle,kaggle_H_H_124.wav,kaggle_participant,1,48000,0.4
Kaggle,kaggle_H_H_125.wav,kaggle_participant,1,48000,0.4
Kaggle,kaggle_H_H_126.wav,kaggle_participant,1,48000,0.4
Kaggle,kaggle_H_H_127.wav,kaggle_participant,1,48000,0.4
Kaggle,kaggle_H_H_128.wav,kaggle_participant,1,48000,0.4
Kaggle,kaggle_H_H_129.wav,kaggle_participant,1,48000,0.4
Kaggle,kaggle_H_H_13.wav,kaggle_participant,1,48000,0.4
Kaggle,kaggle_H_H_130.wav,kaggle_participant,1,48000,0.4
Kaggle,kaggle_H_H_131.wav,kaggle_participant,1,48000,0.4
Kaggle,kaggle_H_H_132.wav,kaggle_participant,1,48000,0.4
Kaggle,kaggle_H_H_133.wav,kaggle_participant,1,48000,0.4
Kaggle,kaggle_H_H_134.wav,kaggle_participant,1,48000,0.4
Kaggle,kaggle_H_H_135.wav,kaggle_participant,1,48000,0.4
Kaggle,kaggle_H_H_136.wav,kaggle_participant,1,48000,0.4
Kaggle,kaggle_H_H_137.wav,kaggle_participant,1,48000,0.4
Kaggle,kaggle_H_H_138.wav,kaggle_participant,1,48000,0.4
Kaggle,kaggle_H_H_139.wav,kaggle_participant,1,48000,0.4
Kaggle,kaggle_H_H_14.wav,kaggle_participant,1,48000,0.4
Kaggle,kaggle_H_H_140.wav,kaggle_participant,1,48000,0.4
Kaggle,kaggle_H_H_141.wav,kaggle_participant,1,48000,0.4
Kaggle,kaggle_H_H_142.wav,kaggle_participant,1,48000,0.4
Kaggle,kaggle_H_H_143.wav,kaggle_participant,1,48000,0.4
Kaggle,kaggle_H_H_144.wav,kaggle_participant,1,48000,0.4
Kaggle,kaggle_H_H_145.wav,kaggle_participant,1,48000,0.4
Kaggle,kaggle_H_H_146.wav,kaggle_participant,1,48000,0.4
Kaggle,kaggle_H_H_147.wav,kaggle_participant,1,48000,0.4
Kaggle,kaggle_H_H_148.wav,kaggle_participant,1,48000,0.4
Kaggle,kaggle_H_H_149.wav,kaggle_participant,1,48000,0.4
Kaggle,kaggle_H_H_15.wav,kaggle_participant,1,48000,0.4000208333333333
Kaggle,kaggle_H_H_150.wav,kaggle_participant,1,48000,0.4
Kaggle,kaggle_H_H_151.wav,kaggle_participant,1,48000,0.4
Kaggle,kaggle_H_H_152.wav,kaggle_participant,1,48000,0.4
Kaggle,kaggle_H_H_153.wav,kaggle_participant,1,48000,0.4
Kaggle,kaggle_H_H_154.wav,kaggle_participant,1,48000,0.4
Kaggle,kaggle_H_H_155.wav,kaggle_participant,1,48000,0.4
Kaggle,kaggle_H_H_156.wav,kaggle_participant,1,48000,0.4
Kaggle,kaggle_H_H_157.wav,kaggle_participant,1,48000,0.4
Kaggle,kaggle_H_H_158.wav,kaggle_participant,1,48000,0.4
Kaggle,kaggle_H_H_159.wav,kaggle_participant,1,48000,0.4
Kaggle,kaggle_H_H_16.wav,kaggle_participant,1,48000,0.4
Kaggle,kaggle_H_H_160.wav,kaggle_participant,1,48000,0.4
Kaggle,kaggle_H_H_161.wav,kaggle_participant,1,48000,0.4
Kaggle,kaggle_H_H_162.wav,kaggle_participant,1,48000,0.4
Kaggle,kaggle_H_H_163.wav,kaggle_participant,1,48000,0.4
Kaggle,kaggle_H_H_164.wav,kaggle_participant,1,48000,0.4
Kaggle,kaggle_H_H_165.wav,kaggle_participant,1,48000,0.4
Kaggle,kaggle_H_H_166.wav,kaggle_participant,1,48000,0.4
Kaggle,kaggle_H_H_167.wav,kaggle_participant,1,48000,0.4
Kaggle,kaggle_H_H_168.wav,kaggle_participant,1,48000,0.4
Kaggle,kaggle_H_H_169.wav,kaggle_participant,1,48000,0.4
Kaggle,kaggle_H_H_17.wav,kaggle_participant,1,48000,0.4000208333333333
Kaggle,kaggle_H_H_170.wav,kaggle_participant,1,48000,0.4
Kaggle,kaggle_H_H_171.wav,kaggle_participant,1,48000,0.4
Kaggle,kaggle_H_H_172.wav,kaggle_participant,1,48000,0.4
Kaggle,kaggle_H_H_173.wav,kaggle_participant,1,48000,0.4
Kaggle,kaggle_H_H_174.wav,kaggle_participant,1,48000,0.4
Kaggle,kaggle_H_H_175.wav,kaggle_participant,1,48000,0.4
Kaggle,kaggle_H_H_176.wav,kaggle_participant,1,48000,0.4
Kaggle,kaggle_H_H_177.wav,kaggle_participant,1,48000,0.4
Kaggle,kaggle_H_H_178.wav,kaggle_participant,1,48000,0.4
Kaggle,kaggle_H_H_179.wav,kaggle_participant,1,48000,0.4
Kaggle,kaggle_H_H_18.wav,kaggle_participant,1,48000,0.4000208333333333
Kaggle,kaggle_H_H_180.wav,kaggle_participant,1,48000,0.4
Kaggle,kaggle_H_H_181.wav,kaggle_participant,1,48000,0.4
Kaggle,kaggle_H_H_182.wav,kaggle_participant,1,48000,0.4
Kaggle,kaggle_H_H_183.wav,kaggle_participant,1,48000,0.4
Kaggle,kaggle_H_H_184.wav,kaggle_participant,1,48000,0.4
Kaggle,kaggle_H_H_185.wav,kaggle_participant,1,48000,0.4
Kaggle,kaggle_H_H_186.wav,kaggle_participant,1,48000,0.4
Kaggle,kaggle_H_H_187.wav,kaggle_participant,1,48000,0.4
Kaggle,kaggle_H_H_188.wav,kaggle_participant,1,48000,0.4
Kaggle,kaggle_H_H_189.wav,kaggle_participant,1,48000,0.4
Kaggle,kaggle_H_H_19.wav,kaggle_participant,1,48000,0.4
Kaggle,kaggle_H_H_190.wav,kaggle_participant,1,48000,0.4
Kaggle,kaggle_H_H_191.wav,kaggle_participant,1,48000,0.4
Kaggle,kaggle_H_H_192.wav,kaggle_participant,1,48000,0.4
Kaggle,kaggle_H_H_193.wav,kaggle_participant,1,48000,0.4
Kaggle,kaggle_H_H_194.wav,kaggle_participant,1,48000,0.4
Kaggle,kaggle_H_H_195.wav,kaggle_participant,1,48000,0.4
Kaggle,kaggle_H_H_196.wav,kaggle_participant,1,48000,0.4
Kaggle,kaggle_H_H_197.wav,kaggle_participant,1,48000,0.4
Kaggle,kaggle_H_H_198.wav,kaggle_participant,1,48000,0.4
Kaggle,kaggle_H_H_199.wav,kaggle_participant,1,48000,0.4
Kaggle,kaggle_H_H_2.wav,kaggle_participant,1,48000,0.4
Kaggle,kaggle_H_H_20.wav,kaggle_participant,1,48000,0.4
Kaggle,kaggle_H_H_200.wav,kaggle_participant,1,48000,0.4
Kaggle,kaggle_H_H_201.wav,kaggle_participant,1,48000,0.4
Kaggle,kaggle_H_H_202.wav,kaggle_participant,1,48000,0.4
Kaggle,kaggle_H_H_203.wav,kaggle_participant,1,48000,0.4
Kaggle,kaggle_H_H_204.wav,kaggle_participant,1,48000,0.4
Kaggle,kaggle_H_H_205.wav,kaggle_participant,1,48000,0.4
Kaggle,kaggle_H_H_206.wav,kaggle_participant,1,48000,0.4
Kaggle,kaggle_H_H_207.wav,kaggle_participant,1,48000,0.4
Kaggle,kaggle_H_H_208.wav,kaggle_participant,1,48000,0.4
Kaggle,kaggle_H_H_209.wav,kaggle_participant,1,48000,0.4
Kaggle,kaggle_H_H_21.wav,kaggle_participant,1,48000,0.4000208333333333
Kaggle,kaggle_H_H_210.wav,kaggle_participant,1,48000,0.4
Kaggle,kaggle_H_H_211.wav,kaggle_participant,1,48000,0.4
Kaggle,kaggle_H_H_212.wav,kaggle_participant,1,48000,0.4
Kaggle,kaggle_H_H_213.wav,kaggle_participant,1,48000,0.4
Kaggle,kaggle_H_H_214.wav,kaggle_participant,1,48000,0.4
Kaggle,kaggle_H_H_215.wav,kaggle_participant,1,48000,0.4
Kaggle,kaggle_H_H_216.wav,kaggle_participant,1,48000,0.4
Kaggle,kaggle_H_H_217.wav,kaggle_participant,1,48000,0.4
Kaggle,kaggle_H_H_218.wav,kaggle_participant,1,48000,0.4
Kaggle,kaggle_H_H_219.wav,kaggle_participant,1,48000,0.4
Kaggle,kaggle_H_H_22.wav,kaggle_participant,1,48000,0.4
Kaggle,kaggle_H_H_220.wav,kaggle_participant,1,48000,0.4
Kaggle,kaggle_H_H_221.wav,kaggle_participant,1,48000,0.4
Kaggle,kaggle_H_H_222.wav,kaggle_participant,1,48000,0.4
Kaggle,kaggle_H_H_223.wav,kaggle_participant,1,48000,0.4
Kaggle,kaggle_H_H_224.wav,kaggle_participant,1,48000,0.4
Kaggle,kaggle_H_H_225.wav,kaggle_participant,1,48000,0.4
Kaggle,kaggle_H_H_226.wav,kaggle_participant,1,48000,0.4
Kaggle,kaggle_H_H_227.wav,kaggle_participant,1,48000,0.4
Kaggle,kaggle_H_H_228.wav,kaggle_participant,1,48000,0.4
Kaggle,kaggle_H_H_229.wav,kaggle_participant,1,48000,0.4
Kaggle,kaggle_H_H_23.wav,kaggle_participant,1,48000,0.4
Kaggle,kaggle_H_H_230.wav,kaggle_participant,1,48000,0.4
Kaggle,kaggle_H_H_231.wav,kaggle_participant,1,48000,0.4
Kaggle,kaggle_H_H_232.wav,kaggle_participant,1,48000,0.4
Kaggle,kaggle_H_H_233.wav,kaggle_participant,1,48000,0.4
Kaggle,kaggle_H_H_234.wav,kaggle_participant,1,48000,0.4
Kaggle,kaggle_H_H_235.wav,kaggle_participant,1,48000,0.4
Kaggle,kaggle_H_H_236.wav,kaggle_participant,1,48000,0.4
Kaggle,kaggle_H_H_237.wav,kaggle_participant,1,48000,0.4
Kaggle,kaggle_H_H_238.wav,kaggle_participant,1,48000,0.4
Kaggle,kaggle_H_H_239.wav,kaggle_participant,1,48000,0.4
Kaggle,kaggle_H_H_24.wav,kaggle_participant,1,48000,0.4
Kaggle,kaggle_H_H_240.wav,kaggle_participant,1,48000,0.4
Kaggle,kaggle_H_H_241.wav,kaggle_participant,1,48000,0.4
Kaggle,kaggle_H_H_242.wav,kaggle_participant,1,48000,0.4
Kaggle,kaggle_H_H_243.wav,kaggle_participant,1,48000,0.4
Kaggle,kaggle_H_H_244.wav,kaggle_participant,1,48000,0.4
Kaggle,kaggle_H_H_245.wav,kaggle_participant,1,48000,0.4
Kaggle,kaggle_H_H_246.wav,kaggle_participant,1,48000,0.4
Kaggle,kaggle_H_H_247.wav,kaggle_participant,1,48000,0.4
Kaggle,kaggle_H_H_248.wav,kaggle_participant,1,48000,0.4
Kaggle,kaggle_H_H_249.wav,kaggle_participant,1,48000,0.4
Kaggle,kaggle_H_H_25.wav,kaggle_participant,1,48000,0.4
Kaggle,kaggle_H_H_250.wav,kaggle_participant,1,48000,0.4
Kaggle,kaggle_H_H_251.wav,kaggle_participant,1,48000,0.4
Kaggle,kaggle_H_H_252.wav,kaggle_participant,1,48000,0.4
Kaggle,kaggle_H_H_253.wav,kaggle_participant,1,48000,0.4
Kaggle,kaggle_H_H_254.wav,kaggle_participant,1,48000,0.4
Kaggle,kaggle_H_H_255.wav,kaggle_participant,1,48000,0.4
Kaggle,kaggle_H_H_256.wav,kaggle_participant,1,48000,0.4
Kaggle,kaggle_H_H_257.wav,kaggle_participant,1,48000,0.4
Kaggle,kaggle_H_H_258.wav,kaggle_participant,1,48000,0.4
Kaggle,kaggle_H_H_259.wav,kaggle_participant,1,48000,0.4
Kaggle,kaggle_H_H_26.wav,kaggle_participant,1,48000,0.4
Kaggle,kaggle_H_H_260.wav,kaggle_participant,1,48000,0.4
Kaggle,kaggle_H_H_261.wav,kaggle_participant,1,48000,0.4
Kaggle,kaggle_H_H_262.wav,kaggle_participant,1,48000,0.4
Kaggle,kaggle_H_H_263.wav,kaggle_participant,1,48000,0.4
Kaggle,kaggle_H_H_264.wav,kaggle_participant,1,48000,0.4
Kaggle,kaggle_H_H_265.wav,kaggle_participant,1,48000,0.4
Kaggle,kaggle_H_H_266.wav,kaggle_participant,1,48000,0.4
Kaggle,kaggle_H_H_267.wav,kaggle_participant,1,48000,0.4
Kaggle,kaggle_H_H_268.wav,kaggle_participant,1,48000,0.4
Kaggle,kaggle_H_H_269.wav,kaggle_participant,1,48000,0.4
Kaggle,kaggle_H_H_27.wav,kaggle_participant,1,48000,0.4
Kaggle,kaggle_H_H_270.wav,kaggle_participant,1,48000,0.4000208333333333
Kaggle,kaggle_H_H_271.wav,kaggle_participant,1,48000,0.4
Kaggle,kaggle_H_H_272.wav,kaggle_participant,1,48000,0.4
Kaggle,kaggle_H_H_273.wav,kaggle_participant,1,48000,0.4
Kaggle,kaggle_H_H_274.wav,kaggle_participant,1,48000,0.4000208333333333
Kaggle,kaggle_H_H_275.wav,kaggle_participant,1,48000,0.4000208333333333
Kaggle,kaggle_H_H_276.wav,kaggle_participant,1,48000,0.4000208333333333
Kaggle,kaggle_H_H_277.wav,kaggle_participant,1,48000,0.4000208333333333
Kaggle,kaggle_H_H_278.wav,kaggle_participant,1,48000,0.4000208333333333
Kaggle,kaggle_H_H_279.wav,kaggle_participant,1,48000,0.4
Kaggle,kaggle_H_H_28.wav,kaggle_participant,1,48000,0.4
Kaggle,kaggle_H_H_280.wav,kaggle_participant,1,48000,0.4000208333333333
Kaggle,kaggle_H_H_281.wav,kaggle_participant,1,48000,0.4000208333333333
Kaggle,kaggle_H_H_282.wav,kaggle_participant,1,48000,0.4000208333333333
Kaggle,kaggle_H_H_283.wav,kaggle_participant,1,48000,0.4000208333333333
Kaggle,kaggle_H_H_284.wav,kaggle_participant,1,48000,0.4000208333333333
Kaggle,kaggle_H_H_285.wav,kaggle_participant,1,48000,0.4000208333333333
Kaggle,kaggle_H_H_286.wav,kaggle_participant,1,48000,0.4000208333333333
Kaggle,kaggle_H_H_287.wav,kaggle_participant,1,48000,0.4000208333333333
Kaggle,kaggle_H_H_288.wav,kaggle_participant,1,48000,0.4
Kaggle,kaggle_H_H_289.wav,kaggle_participant,1,48000,0.4
Kaggle,kaggle_H_H_29.wav,kaggle_participant,1,48000,0.4
Kaggle,kaggle_H_H_290.wav,kaggle_participant,1,48000,0.4
Kaggle,kaggle_H_H_291.wav,kaggle_participant,1,48000,0.4000208333333333
Kaggle,kaggle_H_H_292.wav,kaggle_participant,1,48000,0.4
Kaggle,kaggle_H_H_293.wav,kaggle_participant,1,48000,0.4000208333333333
Kaggle,kaggle_H_H_294.wav,kaggle_participant,1,48000,0.4000208333333333
Kaggle,kaggle_H_H_295.wav,kaggle_participant,1,48000,0.4000208333333333
Kaggle,kaggle_H_H_296.wav,kaggle_participant,1,48000,0.4000208333333333
Kaggle,kaggle_H_H_297.wav,kaggle_participant,1,48000,0.4
Kaggle,kaggle_H_H_298.wav,kaggle_participant,1,48000,0.4000208333333333
Kaggle,kaggle_H_H_299.wav,kaggle_participant,1,48000,0.4000208333333333
Kaggle,kaggle_H_H_3.wav,kaggle_participant,1,48000,0.4
Kaggle,kaggle_H_H_30.wav,kaggle_participant,1,48000,0.4
Kaggle,kaggle_H_H_300.wav,kaggle_participant,1,48000,0.4
Kaggle,kaggle_H_H_301.wav,kaggle_participant,1,48000,0.4000208333333333
Kaggle,kaggle_H_H_302.wav,kaggle_participant,1,48000,0.4
Kaggle,kaggle_H_H_303.wav,kaggle_participant,1,48000,0.4000208333333333
Kaggle,kaggle_H_H_304.wav,kaggle_participant,1,48000,0.4
Kaggle,kaggle_H_H_305.wav,kaggle_participant,1,48000,0.4
Kaggle,kaggle_H_H_306.wav,kaggle_participant,1,48000,0.4
Kaggle,kaggle_H_H_307.wav,kaggle_participant,1,48000,0.4000208333333333
Kaggle,kaggle_H_H_308.wav,kaggle_participant,1,48000,0.4000208333333333
Kaggle,kaggle_H_H_309.wav,kaggle_participant,1,48000,0.4000208333333333
Kaggle,kaggle_H_H_31.wav,kaggle_participant,1,48000,0.4
Kaggle,kaggle_H_H_310.wav,kaggle_participant,1,48000,0.4
Kaggle,kaggle_H_H_311.wav,kaggle_participant,1,48000,0.4
Kaggle,kaggle_H_H_312.wav,kaggle_participant,1,48000,0.4000208333333333
Kaggle,kaggle_H_H_313.wav,kaggle_participant,1,48000,0.4
Kaggle,kaggle_H_H_314.wav,kaggle_participant,1,48000,0.4000208333333333
Kaggle,kaggle_H_H_315.wav,kaggle_participant,1,48000,0.4000208333333333
Kaggle,kaggle_H_H_32.wav,kaggle_participant,1,48000,0.4
Kaggle,kaggle_H_H_33.wav,kaggle_participant,1,48000,0.4
Kaggle,kaggle_H_H_34.wav,kaggle_participant,1,48000,0.4
Kaggle,kaggle_H_H_35.wav,kaggle_participant,1,48000,0.4
Kaggle,kaggle_H_H_36.wav,kaggle_participant,1,48000,0.4
Kaggle,kaggle_H_H_37.wav,kaggle_participant,1,48000,0.39997916666666666
Kaggle,kaggle_H_H_38.wav,kaggle_participant,1,48000,0.4
Kaggle,kaggle_H_H_39.wav,kaggle_participant,1,48000,0.4
Kaggle,kaggle_H_H_4.wav,kaggle_participant,1,48000,0.39997916666666666
Kaggle,kaggle_H_H_40.wav,kaggle_participant,1,48000,0.4
Kaggle,kaggle_H_H_41.wav,kaggle_participant,1,48000,0.4
Kaggle,kaggle_H_H_42.wav,kaggle_participant,1,48000,0.39997916666666666
Kaggle,kaggle_H_H_43.wav,kaggle_participant,1,48000,0.4
Kaggle,kaggle_H_H_44.wav,kaggle_participant,1,48000,0.4
Kaggle,kaggle_H_H_45.wav,kaggle_participant,1,48000,0.4
Kaggle,kaggle_H_H_46.wav,kaggle_participant,1,48000,0.4
Kaggle,kaggle_H_H_47.wav,kaggle_participant,1,48000,0.4
Kaggle,kaggle_H_H_48.wav,kaggle_participant,1,48000,0.4
Kaggle,kaggle_H_H_49.wav,kaggle_participant,1,48000,0.4
Kaggle,kaggle_H_H_5.wav,kaggle_participant,1,48000,0.4
Kaggle,kaggle_H_H_50.wav,kaggle_participant,1,48000,0.4
Kaggle,kaggle_H_H_51.wav,kaggle_participant,1,48000,0.39997916666666666
Kaggle,kaggle_H_H_52.wav,kaggle_participant,1,48000,0.4
Kaggle,kaggle_H_H_53.wav,kaggle_participant,1,48000,0.4
Kaggle,kaggle_H_H_54.wav,kaggle_participant,1,48000,0.4
Kaggle,kaggle_H_H_55.wav,kaggle_participant,1,48000,0.39997916666666666
Kaggle,kaggle_H_H_56.wav,kaggle_participant,1,48000,0.39997916666666666
Kaggle,kaggle_H_H_57.wav,kaggle_participant,1,48000,0.4
Kaggle,kaggle_H_H_58.wav,kaggle_participant,1,48000,0.4
Kaggle,kaggle_H_H_59.wav,kaggle_participant,1,48000,0.4
Kaggle,kaggle_H_H_6.wav,kaggle_participant,1,48000,0.4
Kaggle,kaggle_H_H_60.wav,kaggle_participant,1,48000,0.4
Kaggle,kaggle_H_H_61.wav,kaggle_participant,1,48000,0.4
Kaggle,kaggle_H_H_62.wav,kaggle_participant,1,48000,0.4
Kaggle,kaggle_H_H_63.wav,kaggle_participant,1,48000,0.4
Kaggle,kaggle_H_H_64.wav,kaggle_participant,1,48000,0.4
Kaggle,kaggle_H_H_65.wav,kaggle_participant,1,48000,0.4
Kaggle,kaggle_H_H_66.wav,kaggle_participant,1,48000,0.4
Kaggle,kaggle_H_H_67.wav,kaggle_participant,1,48000,0.4
Kaggle,kaggle_H_H_68.wav,kaggle_participant,1,48000,0.4
Kaggle,kaggle_H_H_69.wav,kaggle_participant,1,48000,0.4
Kaggle,kaggle_H_H_7.wav,kaggle_participant,1,48000,0.4
Kaggle,kaggle_H_H_70.wav,kaggle_participant,1,48000,0.39997916666666666
Kaggle,kaggle_H_H_71.wav,kaggle_participant,1,48000,0.4
Kaggle,kaggle_H_H_72.wav,kaggle_participant,1,48000,0.39997916666666666
Kaggle,kaggle_H_H_73.wav,kaggle_participant,1,48000,0.39997916666666666
Kaggle,kaggle_H_H_74.wav,kaggle_participant,1,48000,0.4
Kaggle,kaggle_H_H_75.wav,kaggle_participant,1,48000,0.39997916666666666
Kaggle,kaggle_H_H_76.wav,kaggle_participant,1,48000,0.39997916666666666
Kaggle,kaggle_H_H_77.wav,kaggle_participant,1,48000,0.39997916666666666
Kaggle,kaggle_H_H_78.wav,kaggle_participant,1,48000,0.39997916666666666
Kaggle,kaggle_H_H_79.wav,kaggle_participant,1,48000,0.39997916666666666
Kaggle,kaggle_H_H_8.wav,kaggle_participant,1,48000,0.4
Kaggle,kaggle_H_H_80.wav,kaggle_participant,1,48000,0.39997916666666666
Kaggle,kaggle_H_H_81.wav,kaggle_participant,1,48000,0.39997916666666666
Kaggle,kaggle_H_H_82.wav,kaggle_participant,1,48000,0.4
Kaggle,kaggle_H_H_83.wav,kaggle_participant,1,48000,0.39997916666666666
Kaggle,kaggle_H_H_84.wav,kaggle_participant,1,48000,0.4
Kaggle,kaggle_H_H_85.wav,kaggle_participant,1,48000,0.39997916666666666
Kaggle,kaggle_H_H_86.wav,kaggle_participant,1,48000,0.4
Kaggle,kaggle_H_H_87.wav,kaggle_participant,1,48000,0.4
Kaggle,kaggle_H_H_88.wav,kaggle_participant,1,48000,0.39997916666666666
Kaggle,kaggle_H_H_89.wav,kaggle_participant,1,48000,0.4
Kaggle,kaggle_H_H_9.wav,kaggle_participant,1,48000,0.4
Kaggle,kaggle_H_H_90.wav,kaggle_participant,1,48000,0.4
Kaggle,kaggle_H_H_91.wav,kaggle_participant,1,48000,0.4
Kaggle,kaggle_H_H_92.wav,kaggle_participant,1,48000,0.4
Kaggle,kaggle_H_H_93.wav,kaggle_participant,1,48000,0.4
Kaggle,kaggle_H_H_94.wav,kaggle_participant,1,48000,0.4
Kaggle,kaggle_H_H_95.wav,kaggle_participant,1,48000,0.4
Kaggle,kaggle_H_H_96.wav,kaggle_participant,1,48000,0.4
Kaggle,kaggle_H_H_97.wav,kaggle_participant,1,48000,0.4
Kaggle,kaggle_H_H_98.wav,kaggle_participant,1,48000,0.4
Kaggle,kaggle_H_H_99.wav,kaggle_participant,1,48000,0.4
Kaggle,kaggle_I_I_1.wav,kaggle_participant,1,48000,0.4
Kaggle,kaggle_I_I_10.wav,kaggle_participant,1,48000,0.4
Kaggle,kaggle_I_I_100.wav,kaggle_participant,1,48000,0.4
Kaggle,kaggle_I_I_101.wav,kaggle_participant,1,48000,0.4
Kaggle,kaggle_I_I_102.wav,kaggle_participant,1,48000,0.4
Kaggle,kaggle_I_I_103.wav,kaggle_participant,1,48000,0.4
Kaggle,kaggle_I_I_104.wav,kaggle_participant,1,48000,0.4
Kaggle,kaggle_I_I_105.wav,kaggle_participant,1,48000,0.4
Kaggle,kaggle_I_I_106.wav,kaggle_participant,1,48000,0.4
Kaggle,kaggle_I_I_107.wav,kaggle_participant,1,48000,0.4
Kaggle,kaggle_I_I_108.wav,kaggle_participant,1,48000,0.4
Kaggle,kaggle_I_I_109.wav,kaggle_participant,1,48000,0.4
Kaggle,kaggle_I_I_11.wav,kaggle_participant,1,48000,0.4
Kaggle,kaggle_I_I_110.wav,kaggle_participant,1,48000,0.4
Kaggle,kaggle_I_I_111.wav,kaggle_participant,1,48000,0.4
Kaggle,kaggle_I_I_112.wav,kaggle_participant,1,48000,0.4
Kaggle,kaggle_I_I_113.wav,kaggle_participant,1,48000,0.4
Kaggle,kaggle_I_I_114.wav,kaggle_participant,1,48000,0.4
Kaggle,kaggle_I_I_115.wav,kaggle_participant,1,48000,0.4
Kaggle,kaggle_I_I_116.wav,kaggle_participant,1,48000,0.4
Kaggle,kaggle_I_I_117.wav,kaggle_participant,1,48000,0.4
Kaggle,kaggle_I_I_118.wav,kaggle_participant,1,48000,0.4
Kaggle,kaggle_I_I_119.wav,kaggle_participant,1,48000,0.4
Kaggle,kaggle_I_I_12.wav,kaggle_participant,1,48000,0.4
Kaggle,kaggle_I_I_120.wav,kaggle_participant,1,48000,0.4
Kaggle,kaggle_I_I_121.wav,kaggle_participant,1,48000,0.4
Kaggle,kaggle_I_I_122.wav,kaggle_participant,1,48000,0.4
Kaggle,kaggle_I_I_123.wav,kaggle_participant,1,48000,0.4
Kaggle,kaggle_I_I_124.wav,kaggle_participant,1,48000,0.4
Kaggle,kaggle_I_I_125.wav,kaggle_participant,1,48000,0.4
Kaggle,kaggle_I_I_126.wav,kaggle_participant,1,48000,0.4
Kaggle,kaggle_I_I_127.wav,kaggle_participant,1,48000,0.4
Kaggle,kaggle_I_I_128.wav,kaggle_participant,1,48000,0.4
Kaggle,kaggle_I_I_129.wav,kaggle_participant,1,48000,0.4
Kaggle,kaggle_I_I_13.wav,kaggle_participant,1,48000,0.4
Kaggle,kaggle_I_I_130.wav,kaggle_participant,1,48000,0.4
Kaggle,kaggle_I_I_131.wav,kaggle_participant,1,48000,0.4
Kaggle,kaggle_I_I_132.wav,kaggle_participant,1,48000,0.4
Kaggle,kaggle_I_I_133.wav,kaggle_participant,1,48000,0.4
Kaggle,kaggle_I_I_134.wav,kaggle_participant,1,48000,0.4
Kaggle,kaggle_I_I_135.wav,kaggle_participant,1,48000,0.4
Kaggle,kaggle_I_I_136.wav,kaggle_participant,1,48000,0.4
Kaggle,kaggle_I_I_137.wav,kaggle_participant,1,48000,0.4
Kaggle,kaggle_I_I_138.wav,kaggle_participant,1,48000,0.4
Kaggle,kaggle_I_I_139.wav,kaggle_participant,1,48000,0.4
Kaggle,kaggle_I_I_14.wav,kaggle_participant,1,48000,0.4
Kaggle,kaggle_I_I_140.wav,kaggle_participant,1,48000,0.4
Kaggle,kaggle_I_I_141.wav,kaggle_participant,1,48000,0.4
Kaggle,kaggle_I_I_142.wav,kaggle_participant,1,48000,0.4
Kaggle,kaggle_I_I_143.wav,kaggle_participant,1,48000,0.4
Kaggle,kaggle_I_I_144.wav,kaggle_participant,1,48000,0.4
Kaggle,kaggle_I_I_145.wav,kaggle_participant,1,48000,0.4
Kaggle,kaggle_I_I_146.wav,kaggle_participant,1,48000,0.4
Kaggle,kaggle_I_I_147.wav,kaggle_participant,1,48000,0.4
Kaggle,kaggle_I_I_148.wav,kaggle_participant,1,48000,0.4
Kaggle,kaggle_I_I_149.wav,kaggle_participant,1,48000,0.4
Kaggle,kaggle_I_I_15.wav,kaggle_participant,1,48000,0.4
Kaggle,kaggle_I_I_150.wav,kaggle_participant,1,48000,0.4
Kaggle,kaggle_I_I_151.wav,kaggle_participant,1,48000,0.4
Kaggle,kaggle_I_I_152.wav,kaggle_participant,1,48000,0.4
Kaggle,kaggle_I_I_153.wav,kaggle_participant,1,48000,0.4
Kaggle,kaggle_I_I_154.wav,kaggle_participant,1,48000,0.4
Kaggle,kaggle_I_I_155.wav,kaggle_participant,1,48000,0.4
Kaggle,kaggle_I_I_156.wav,kaggle_participant,1,48000,0.4
Kaggle,kaggle_I_I_157.wav,kaggle_participant,1,48000,0.4
Kaggle,kaggle_I_I_158.wav,kaggle_participant,1,48000,0.4
Kaggle,kaggle_I_I_159.wav,kaggle_participant,1,48000,0.4
Kaggle,kaggle_I_I_16.wav,kaggle_participant,1,48000,0.4
Kaggle,kaggle_I_I_160.wav,kaggle_participant,1,48000,0.4
Kaggle,kaggle_I_I_161.wav,kaggle_participant,1,48000,0.4
Kaggle,kaggle_I_I_162.wav,kaggle_participant,1,48000,0.4
Kaggle,kaggle_I_I_163.wav,kaggle_participant,1,48000,0.4
Kaggle,kaggle_I_I_164.wav,kaggle_participant,1,48000,0.4
Kaggle,kaggle_I_I_165.wav,kaggle_participant,1,48000,0.4
Kaggle,kaggle_I_I_166.wav,kaggle_participant,1,48000,0.4
Kaggle,kaggle_I_I_167.wav,kaggle_participant,1,48000,0.4
Kaggle,kaggle_I_I_168.wav,kaggle_participant,1,48000,0.4
Kaggle,kaggle_I_I_169.wav,kaggle_participant,1,48000,0.4
Kaggle,kaggle_I_I_17.wav,kaggle_participant,1,48000,0.4
Kaggle,kaggle_I_I_170.wav,kaggle_participant,1,48000,0.4
Kaggle,kaggle_I_I_171.wav,kaggle_participant,1,48000,0.4
Kaggle,kaggle_I_I_172.wav,kaggle_participant,1,48000,0.4
Kaggle,kaggle_I_I_173.wav,kaggle_participant,1,48000,0.4
Kaggle,kaggle_I_I_174.wav,kaggle_participant,1,48000,0.4
Kaggle,kaggle_I_I_175.wav,kaggle_participant,1,48000,0.4
Kaggle,kaggle_I_I_176.wav,kaggle_participant,1,48000,0.4
Kaggle,kaggle_I_I_177.wav,kaggle_participant,1,48000,0.4
Kaggle,kaggle_I_I_178.wav,kaggle_participant,1,48000,0.4
Kaggle,kaggle_I_I_179.wav,kaggle_participant,1,48000,0.4
Kaggle,kaggle_I_I_18.wav,kaggle_participant,1,48000,0.4
Kaggle,kaggle_I_I_180.wav,kaggle_participant,1,48000,0.4
Kaggle,kaggle_I_I_181.wav,kaggle_participant,1,48000,0.4
Kaggle,kaggle_I_I_182.wav,kaggle_participant,1,48000,0.4
Kaggle,kaggle_I_I_183.wav,kaggle_participant,1,48000,0.4
Kaggle,kaggle_I_I_184.wav,kaggle_participant,1,48000,0.4
Kaggle,kaggle_I_I_185.wav,kaggle_participant,1,48000,0.4
Kaggle,kaggle_I_I_186.wav,kaggle_participant,1,48000,0.4
Kaggle,kaggle_I_I_187.wav,kaggle_participant,1,48000,0.4
Kaggle,kaggle_I_I_188.wav,kaggle_participant,1,48000,0.4
Kaggle,kaggle_I_I_189.wav,kaggle_participant,1,48000,0.4
Kaggle,kaggle_I_I_19.wav,kaggle_participant,1,48000,0.4
Kaggle,kaggle_I_I_190.wav,kaggle_participant,1,48000,0.4
Kaggle,kaggle_I_I_191.wav,kaggle_participant,1,48000,0.4
Kaggle,kaggle_I_I_192.wav,kaggle_participant,1,48000,0.4
Kaggle,kaggle_I_I_193.wav,kaggle_participant,1,48000,0.4
Kaggle,kaggle_I_I_194.wav,kaggle_participant,1,48000,0.4
Kaggle,kaggle_I_I_195.wav,kaggle_participant,1,48000,0.4
Kaggle,kaggle_I_I_196.wav,kaggle_participant,1,48000,0.4
Kaggle,kaggle_I_I_197.wav,kaggle_participant,1,48000,0.4
Kaggle,kaggle_I_I_198.wav,kaggle_participant,1,48000,0.4
Kaggle,kaggle_I_I_199.wav,kaggle_participant,1,48000,0.4
Kaggle,kaggle_I_I_2.wav,kaggle_participant,1,48000,0.4000208333333333
Kaggle,kaggle_I_I_20.wav,kaggle_participant,1,48000,0.4
Kaggle,kaggle_I_I_200.wav,kaggle_participant,1,48000,0.4
Kaggle,kaggle_I_I_201.wav,kaggle_participant,1,48000,0.4
Kaggle,kaggle_I_I_202.wav,kaggle_participant,1,48000,0.4
Kaggle,kaggle_I_I_203.wav,kaggle_participant,1,48000,0.4
Kaggle,kaggle_I_I_204.wav,kaggle_participant,1,48000,0.4
Kaggle,kaggle_I_I_205.wav,kaggle_participant,1,48000,0.4
Kaggle,kaggle_I_I_206.wav,kaggle_participant,1,48000,0.4
Kaggle,kaggle_I_I_207.wav,kaggle_participant,1,48000,0.4
Kaggle,kaggle_I_I_208.wav,kaggle_participant,1,48000,0.4
Kaggle,kaggle_I_I_209.wav,kaggle_participant,1,48000,0.4
Kaggle,kaggle_I_I_21.wav,kaggle_participant,1,48000,0.4000208333333333
Kaggle,kaggle_I_I_210.wav,kaggle_participant,1,48000,0.4
Kaggle,kaggle_I_I_211.wav,kaggle_participant,1,48000,0.4
Kaggle,kaggle_I_I_212.wav,kaggle_participant,1,48000,0.4
Kaggle,kaggle_I_I_213.wav,kaggle_participant,1,48000,0.4
Kaggle,kaggle_I_I_214.wav,kaggle_participant,1,48000,0.4
Kaggle,kaggle_I_I_215.wav,kaggle_participant,1,48000,0.4
Kaggle,kaggle_I_I_216.wav,kaggle_participant,1,48000,0.4
Kaggle,kaggle_I_I_217.wav,kaggle_participant,1,48000,0.4
Kaggle,kaggle_I_I_218.wav,kaggle_participant,1,48000,0.4
Kaggle,kaggle_I_I_219.wav,kaggle_participant,1,48000,0.4
Kaggle,kaggle_I_I_22.wav,kaggle_participant,1,48000,0.4000208333333333
Kaggle,kaggle_I_I_220.wav,kaggle_participant,1,48000,0.4
Kaggle,kaggle_I_I_221.wav,kaggle_participant,1,48000,0.4
Kaggle,kaggle_I_I_222.wav,kaggle_participant,1,48000,0.4
Kaggle,kaggle_I_I_223.wav,kaggle_participant,1,48000,0.4
Kaggle,kaggle_I_I_224.wav,kaggle_participant,1,48000,0.4
Kaggle,kaggle_I_I_225.wav,kaggle_participant,1,48000,0.4
Kaggle,kaggle_I_I_226.wav,kaggle_participant,1,48000,0.4
Kaggle,kaggle_I_I_227.wav,kaggle_participant,1,48000,0.4
Kaggle,kaggle_I_I_228.wav,kaggle_participant,1,48000,0.4
Kaggle,kaggle_I_I_229.wav,kaggle_participant,1,48000,0.4
Kaggle,kaggle_I_I_23.wav,kaggle_participant,1,48000,0.4
Kaggle,kaggle_I_I_230.wav,kaggle_participant,1,48000,0.4
Kaggle,kaggle_I_I_231.wav,kaggle_participant,1,48000,0.4
Kaggle,kaggle_I_I_232.wav,kaggle_participant,1,48000,0.4
Kaggle,kaggle_I_I_233.wav,kaggle_participant,1,48000,0.4
Kaggle,kaggle_I_I_234.wav,kaggle_participant,1,48000,0.4
Kaggle,kaggle_I_I_235.wav,kaggle_participant,1,48000,0.4
Kaggle,kaggle_I_I_236.wav,kaggle_participant,1,48000,0.4
Kaggle,kaggle_I_I_237.wav,kaggle_participant,1,48000,0.4
Kaggle,kaggle_I_I_238.wav,kaggle_participant,1,48000,0.4
Kaggle,kaggle_I_I_239.wav,kaggle_participant,1,48000,0.4
Kaggle,kaggle_I_I_24.wav,kaggle_participant,1,48000,0.4
Kaggle,kaggle_I_I_240.wav,kaggle_participant,1,48000,0.4
Kaggle,kaggle_I_I_241.wav,kaggle_participant,1,48000,0.4
Kaggle,kaggle_I_I_242.wav,kaggle_participant,1,48000,0.4
Kaggle,kaggle_I_I_243.wav,kaggle_participant,1,48000,0.4
Kaggle,kaggle_I_I_244.wav,kaggle_participant,1,48000,0.4
Kaggle,kaggle_I_I_245.wav,kaggle_participant,1,48000,0.4
Kaggle,kaggle_I_I_246.wav,kaggle_participant,1,48000,0.4
Kaggle,kaggle_I_I_247.wav,kaggle_participant,1,48000,0.4
Kaggle,kaggle_I_I_248.wav,kaggle_participant,1,48000,0.4
Kaggle,kaggle_I_I_249.wav,kaggle_participant,1,48000,0.4
Kaggle,kaggle_I_I_25.wav,kaggle_participant,1,48000,0.4
Kaggle,kaggle_I_I_250.wav,kaggle_participant,1,48000,0.4
Kaggle,kaggle_I_I_251.wav,kaggle_participant,1,48000,0.4
Kaggle,kaggle_I_I_252.wav,kaggle_participant,1,48000,0.4
Kaggle,kaggle_I_I_253.wav,kaggle_participant,1,48000,0.4
Kaggle,kaggle_I_I_254.wav,kaggle_participant,1,48000,0.4
Kaggle,kaggle_I_I_255.wav,kaggle_participant,1,48000,0.4
Kaggle,kaggle_I_I_256.wav,kaggle_participant,1,48000,0.4
Kaggle,kaggle_I_I_257.wav,kaggle_participant,1,48000,0.4
Kaggle,kaggle_I_I_258.wav,kaggle_participant,1,48000,0.4
Kaggle,kaggle_I_I_259.wav,kaggle_participant,1,48000,0.4
Kaggle,kaggle_I_I_26.wav,kaggle_participant,1,48000,0.4000208333333333
Kaggle,kaggle_I_I_260.wav,kaggle_participant,1,48000,0.4
Kaggle,kaggle_I_I_261.wav,kaggle_participant,1,48000,0.4
Kaggle,kaggle_I_I_262.wav,kaggle_participant,1,48000,0.4
Kaggle,kaggle_I_I_263.wav,kaggle_participant,1,48000,0.4
Kaggle,kaggle_I_I_264.wav,kaggle_participant,1,48000,0.4
Kaggle,kaggle_I_I_265.wav,kaggle_participant,1,48000,0.4
Kaggle,kaggle_I_I_266.wav,kaggle_participant,1,48000,0.4
Kaggle,kaggle_I_I_267.wav,kaggle_participant,1,48000,0.4
Kaggle,kaggle_I_I_268.wav,kaggle_participant,1,48000,0.4
Kaggle,kaggle_I_I_269.wav,kaggle_participant,1,48000,0.4
Kaggle,kaggle_I_I_27.wav,kaggle_participant,1,48000,0.4000208333333333
Kaggle,kaggle_I_I_270.wav,kaggle_participant,1,48000,0.4
Kaggle,kaggle_I_I_271.wav,kaggle_participant,1,48000,0.4
Kaggle,kaggle_I_I_272.wav,kaggle_participant,1,48000,0.4
Kaggle,kaggle_I_I_273.wav,kaggle_participant,1,48000,0.4
Kaggle,kaggle_I_I_274.wav,kaggle_participant,1,48000,0.4
Kaggle,kaggle_I_I_275.wav,kaggle_participant,1,48000,0.4
Kaggle,kaggle_I_I_276.wav,kaggle_participant,1,48000,0.4
Kaggle,kaggle_I_I_277.wav,kaggle_participant,1,48000,0.4
Kaggle,kaggle_I_I_278.wav,kaggle_participant,1,48000,0.4
Kaggle,kaggle_I_I_279.wav,kaggle_participant,1,48000,0.4
Kaggle,kaggle_I_I_28.wav,kaggle_participant,1,48000,0.4000208333333333
Kaggle,kaggle_I_I_280.wav,kaggle_participant,1,48000,0.4
Kaggle,kaggle_I_I_281.wav,kaggle_participant,1,48000,0.4
Kaggle,kaggle_I_I_282.wav,kaggle_participant,1,48000,0.4
Kaggle,kaggle_I_I_283.wav,kaggle_participant,1,48000,0.4
Kaggle,kaggle_I_I_284.wav,kaggle_participant,1,48000,0.4
Kaggle,kaggle_I_I_285.wav,kaggle_participant,1,48000,0.4
Kaggle,kaggle_I_I_286.wav,kaggle_participant,1,48000,0.4
Kaggle,kaggle_I_I_287.wav,kaggle_participant,1,48000,0.4
Kaggle,kaggle_I_I_288.wav,kaggle_participant,1,48000,0.4
Kaggle,kaggle_I_I_289.wav,kaggle_participant,1,48000,0.4
Kaggle,kaggle_I_I_29.wav,kaggle_participant,1,48000,0.4000208333333333
Kaggle,kaggle_I_I_290.wav,kaggle_participant,1,48000,0.4
Kaggle,kaggle_I_I_291.wav,kaggle_participant,1,48000,0.4
Kaggle,kaggle_I_I_292.wav,kaggle_participant,1,48000,0.4
Kaggle,kaggle_I_I_293.wav,kaggle_participant,1,48000,0.4
Kaggle,kaggle_I_I_294.wav,kaggle_participant,1,48000,0.4
Kaggle,kaggle_I_I_295.wav,kaggle_participant,1,48000,0.4
Kaggle,kaggle_I_I_296.wav,kaggle_participant,1,48000,0.4
Kaggle,kaggle_I_I_297.wav,kaggle_participant,1,48000,0.4
Kaggle,kaggle_I_I_298.wav,kaggle_participant,1,48000,0.4
Kaggle,kaggle_I_I_299.wav,kaggle_participant,1,48000,0.4
Kaggle,kaggle_I_I_3.wav,kaggle_participant,1,48000,0.4
Kaggle,kaggle_I_I_30.wav,kaggle_participant,1,48000,0.4
Kaggle,kaggle_I_I_300.wav,kaggle_participant,1,48000,0.4
Kaggle,kaggle_I_I_301.wav,kaggle_participant,1,48000,0.4
Kaggle,kaggle_I_I_302.wav,kaggle_participant,1,48000,0.4
Kaggle,kaggle_I_I_303.wav,kaggle_participant,1,48000,0.4
Kaggle,kaggle_I_I_304.wav,kaggle_participant,1,48000,0.4
Kaggle,kaggle_I_I_305.wav,kaggle_participant,1,48000,0.4
Kaggle,kaggle_I_I_306.wav,kaggle_participant,1,48000,0.4
Kaggle,kaggle_I_I_307.wav,kaggle_participant,1,48000,0.4000208333333333
Kaggle,kaggle_I_I_308.wav,kaggle_participant,1,48000,0.4
Kaggle,kaggle_I_I_309.wav,kaggle_participant,1,48000,0.4
Kaggle,kaggle_I_I_31.wav,kaggle_participant,1,48000,0.4
Kaggle,kaggle_I_I_310.wav,kaggle_participant,1,48000,0.4
Kaggle,kaggle_I_I_311.wav,kaggle_participant,1,48000,0.4
Kaggle,kaggle_I_I_312.wav,kaggle_participant,1,48000,0.4
Kaggle,kaggle_I_I_313.wav,kaggle_participant,1,48000,0.4000208333333333
Kaggle,kaggle_I_I_314.wav,kaggle_participant,1,48000,0.4000208333333333
Kaggle,kaggle_I_I_315.wav,kaggle_participant,1,48000,0.4000208333333333
Kaggle,kaggle_I_I_316.wav,kaggle_participant,1,48000,0.4
Kaggle,kaggle_I_I_317.wav,kaggle_participant,1,48000,0.4
Kaggle,kaggle_I_I_318.wav,kaggle_participant,1,48000,0.4000208333333333
Kaggle,kaggle_I_I_319.wav,kaggle_participant,1,48000,0.4
Kaggle,kaggle_I_I_32.wav,kaggle_participant,1,48000,0.4000208333333333
Kaggle,kaggle_I_I_320.wav,kaggle_participant,1,48000,0.4
Kaggle,kaggle_I_I_321.wav,kaggle_participant,1,48000,0.4000208333333333
Kaggle,kaggle_I_I_322.wav,kaggle_participant,1,48000,0.4
Kaggle,kaggle_I_I_323.wav,kaggle_participant,1,48000,0.4000208333333333
Kaggle,kaggle_I_I_324.wav,kaggle_participant,1,48000,0.4
Kaggle,kaggle_I_I_325.wav,kaggle_participant,1,48000,0.4
Kaggle,kaggle_I_I_326.wav,kaggle_participant,1,48000,0.4000208333333333
Kaggle,kaggle_I_I_327.wav,kaggle_participant,1,48000,0.4000208333333333
Kaggle,kaggle_I_I_328.wav,kaggle_participant,1,48000,0.4000208333333333
Kaggle,kaggle_I_I_329.wav,kaggle_participant,1,48000,0.4000208333333333
Kaggle,kaggle_I_I_33.wav,kaggle_participant,1,48000,0.4000208333333333
Kaggle,kaggle_I_I_330.wav,kaggle_participant,1,48000,0.4
Kaggle,kaggle_I_I_331.wav,kaggle_participant,1,48000,0.4000208333333333
Kaggle,kaggle_I_I_332.wav,kaggle_participant,1,48000,0.4000208333333333
Kaggle,kaggle_I_I_333.wav,kaggle_participant,1,48000,0.4
Kaggle,kaggle_I_I_334.wav,kaggle_participant,1,48000,0.4000208333333333
Kaggle,kaggle_I_I_335.wav,kaggle_participant,1,48000,0.4000208333333333
Kaggle,kaggle_I_I_336.wav,kaggle_participant,1,48000,0.4
Kaggle,kaggle_I_I_337.wav,kaggle_participant,1,48000,0.4
Kaggle,kaggle_I_I_338.wav,kaggle_participant,1,48000,0.4000208333333333
Kaggle,kaggle_I_I_339.wav,kaggle_participant,1,48000,0.4000208333333333
Kaggle,kaggle_I_I_34.wav,kaggle_participant,1,48000,0.4
Kaggle,kaggle_I_I_340.wav,kaggle_participant,1,48000,0.4000208333333333
Kaggle,kaggle_I_I_341.wav,kaggle_participant,1,48000,0.4
Kaggle,kaggle_I_I_342.wav,kaggle_participant,1,48000,0.4000208333333333
Kaggle,kaggle_I_I_343.wav,kaggle_participant,1,48000,0.4000208333333333
Kaggle,kaggle_I_I_344.wav,kaggle_participant,1,48000,0.4000208333333333
Kaggle,kaggle_I_I_345.wav,kaggle_participant,1,48000,0.4000208333333333
Kaggle,kaggle_I_I_346.wav,kaggle_participant,1,48000,0.4
Kaggle,kaggle_I_I_347.wav,kaggle_participant,1,48000,0.4000208333333333
Kaggle,kaggle_I_I_348.wav,kaggle_participant,1,48000,0.4000208333333333
Kaggle,kaggle_I_I_349.wav,kaggle_participant,1,48000,0.4000208333333333
Kaggle,kaggle_I_I_35.wav,kaggle_participant,1,48000,0.4000208333333333
Kaggle,kaggle_I_I_350.wav,kaggle_participant,1,48000,0.4
Kaggle,kaggle_I_I_351.wav,kaggle_participant,1,48000,0.4000208333333333
Kaggle,kaggle_I_I_352.wav,kaggle_participant,1,48000,0.4
Kaggle,kaggle_I_I_353.wav,kaggle_participant,1,48000,0.4000208333333333
Kaggle,kaggle_I_I_354.wav,kaggle_participant,1,48000,0.4
Kaggle,kaggle_I_I_355.wav,kaggle_participant,1,48000,0.4000208333333333
Kaggle,kaggle_I_I_356.wav,kaggle_participant,1,48000,0.4000208333333333
Kaggle,kaggle_I_I_357.wav,kaggle_participant,1,48000,0.4
Kaggle,kaggle_I_I_358.wav,kaggle_participant,1,48000,0.4000208333333333
Kaggle,kaggle_I_I_359.wav,kaggle_participant,1,48000,0.4000208333333333
Kaggle,kaggle_I_I_36.wav,kaggle_participant,1,48000,0.4
Kaggle,kaggle_I_I_360.wav,kaggle_participant,1,48000,0.4000208333333333
Kaggle,kaggle_I_I_361.wav,kaggle_participant,1,48000,0.4000208333333333
Kaggle,kaggle_I_I_362.wav,kaggle_participant,1,48000,0.4
Kaggle,kaggle_I_I_363.wav,kaggle_participant,1,48000,0.4000208333333333
Kaggle,kaggle_I_I_37.wav,kaggle_participant,1,48000,0.4
Kaggle,kaggle_I_I_38.wav,kaggle_participant,1,48000,0.4
Kaggle,kaggle_I_I_39.wav,kaggle_participant,1,48000,0.4
Kaggle,kaggle_I_I_4.wav,kaggle_participant,1,48000,0.4
Kaggle,kaggle_I_I_40.wav,kaggle_participant,1,48000,0.39997916666666666
Kaggle,kaggle_I_I_41.wav,kaggle_participant,1,48000,0.4
Kaggle,kaggle_I_I_42.wav,kaggle_participant,1,48000,0.4
Kaggle,kaggle_I_I_43.wav,kaggle_participant,1,48000,0.4
Kaggle,kaggle_I_I_44.wav,kaggle_participant,1,48000,0.4
Kaggle,kaggle_I_I_45.wav,kaggle_participant,1,48000,0.4
Kaggle,kaggle_I_I_46.wav,kaggle_participant,1,48000,0.4
Kaggle,kaggle_I_I_47.wav,kaggle_participant,1,48000,0.4
Kaggle,kaggle_I_I_48.wav,kaggle_participant,1,48000,0.4
Kaggle,kaggle_I_I_49.wav,kaggle_participant,1,48000,0.4
Kaggle,kaggle_I_I_5.wav,kaggle_participant,1,48000,0.4
Kaggle,kaggle_I_I_50.wav,kaggle_participant,1,48000,0.4
Kaggle,kaggle_I_I_51.wav,kaggle_participant,1,48000,0.39997916666666666
Kaggle,kaggle_I_I_52.wav,kaggle_participant,1,48000,0.4
Kaggle,kaggle_I_I_53.wav,kaggle_participant,1,48000,0.4
Kaggle,kaggle_I_I_54.wav,kaggle_participant,1,48000,0.4
Kaggle,kaggle_I_I_55.wav,kaggle_participant,1,48000,0.4
Kaggle,kaggle_I_I_56.wav,kaggle_participant,1,48000,0.39997916666666666
Kaggle,kaggle_I_I_57.wav,kaggle_participant,1,48000,0.39997916666666666
Kaggle,kaggle_I_I_58.wav,kaggle_participant,1,48000,0.39997916666666666
Kaggle,kaggle_I_I_59.wav,kaggle_participant,1,48000,0.4
Kaggle,kaggle_I_I_6.wav,kaggle_participant,1,48000,0.39997916666666666
Kaggle,kaggle_I_I_60.wav,kaggle_participant,1,48000,0.4
Kaggle,kaggle_I_I_61.wav,kaggle_participant,1,48000,0.4
Kaggle,kaggle_I_I_62.wav,kaggle_participant,1,48000,0.4
Kaggle,kaggle_I_I_63.wav,kaggle_participant,1,48000,0.4
Kaggle,kaggle_I_I_64.wav,kaggle_participant,1,48000,0.4
Kaggle,kaggle_I_I_65.wav,kaggle_participant,1,48000,0.4
Kaggle,kaggle_I_I_66.wav,kaggle_participant,1,48000,0.4
Kaggle,kaggle_I_I_67.wav,kaggle_participant,1,48000,0.4
Kaggle,kaggle_I_I_68.wav,kaggle_participant,1,48000,0.39997916666666666
Kaggle,kaggle_I_I_69.wav,kaggle_participant,1,48000,0.4
Kaggle,kaggle_I_I_7.wav,kaggle_participant,1,48000,0.4
Kaggle,kaggle_I_I_70.wav,kaggle_participant,1,48000,0.39997916666666666
Kaggle,kaggle_I_I_71.wav,kaggle_participant,1,48000,0.4
Kaggle,kaggle_I_I_72.wav,kaggle_participant,1,48000,0.4
Kaggle,kaggle_I_I_73.wav,kaggle_participant,1,48000,0.4
Kaggle,kaggle_I_I_74.wav,kaggle_participant,1,48000,0.4
Kaggle,kaggle_I_I_75.wav,kaggle_participant,1,48000,0.4
Kaggle,kaggle_I_I_76.wav,kaggle_participant,1,48000,0.39997916666666666
Kaggle,kaggle_I_I_77.wav,kaggle_participant,1,48000,0.4
Kaggle,kaggle_I_I_78.wav,kaggle_participant,1,48000,0.4
Kaggle,kaggle_I_I_79.wav,kaggle_participant,1,48000,0.39997916666666666
Kaggle,kaggle_I_I_8.wav,kaggle_participant,1,48000,0.4
Kaggle,kaggle_I_I_80.wav,kaggle_participant,1,48000,0.4
Kaggle,kaggle_I_I_81.wav,kaggle_participant,1,48000,0.4
Kaggle,kaggle_I_I_82.wav,kaggle_participant,1,48000,0.4
Kaggle,kaggle_I_I_83.wav,kaggle_participant,1,48000,0.39997916666666666
Kaggle,kaggle_I_I_84.wav,kaggle_participant,1,48000,0.4
Kaggle,kaggle_I_I_85.wav,kaggle_participant,1,48000,0.4
Kaggle,kaggle_I_I_86.wav,kaggle_participant,1,48000,0.39997916666666666
Kaggle,kaggle_I_I_87.wav,kaggle_participant,1,48000,0.4
Kaggle,kaggle_I_I_88.wav,kaggle_participant,1,48000,0.39997916666666666
Kaggle,kaggle_I_I_89.wav,kaggle_participant,1,48000,0.4
Kaggle,kaggle_I_I_9.wav,kaggle_participant,1,48000,0.4
Kaggle,kaggle_I_I_90.wav,kaggle_participant,1,48000,0.4
Kaggle,kaggle_I_I_91.wav,kaggle_participant,1,48000,0.39997916666666666
Kaggle,kaggle_I_I_92.wav,kaggle_participant,1,48000,0.39997916666666666
Kaggle,kaggle_I_I_93.wav,kaggle_participant,1,48000,0.39997916666666666
Kaggle,kaggle_I_I_94.wav,kaggle_participant,1,48000,0.39997916666666666
Kaggle,kaggle_I_I_95.wav,kaggle_participant,1,48000,0.4
Kaggle,kaggle_I_I_96.wav,kaggle_participant,1,48000,0.4
Kaggle,kaggle_I_I_97.wav,kaggle_participant,1,48000,0.4
Kaggle,kaggle_I_I_98.wav,kaggle_participant,1,48000,0.4
Kaggle,kaggle_I_I_99.wav,kaggle_participant,1,48000,0.39997916666666666
Kaggle,kaggle_J_J_1.wav,kaggle_participant,1,48000,0.39997916666666666
Kaggle,kaggle_J_J_10.wav,kaggle_participant,1,48000,0.4
Kaggle,kaggle_J_J_100.wav,kaggle_participant,1,48000,0.4
Kaggle,kaggle_J_J_101.wav,kaggle_participant,1,48000,0.4
Kaggle,kaggle_J_J_102.wav,kaggle_participant,1,48000,0.4
Kaggle,kaggle_J_J_103.wav,kaggle_participant,1,48000,0.4
Kaggle,kaggle_J_J_104.wav,kaggle_participant,1,48000,0.4
Kaggle,kaggle_J_J_105.wav,kaggle_participant,1,48000,0.4
Kaggle,kaggle_J_J_106.wav,kaggle_participant,1,48000,0.4
Kaggle,kaggle_J_J_107.wav,kaggle_participant,1,48000,0.4
Kaggle,kaggle_J_J_108.wav,kaggle_participant,1,48000,0.4
Kaggle,kaggle_J_J_109.wav,kaggle_participant,1,48000,0.4
Kaggle,kaggle_J_J_11.wav,kaggle_participant,1,48000,0.4
Kaggle,kaggle_J_J_110.wav,kaggle_participant,1,48000,0.4
Kaggle,kaggle_J_J_111.wav,kaggle_participant,1,48000,0.4
Kaggle,kaggle_J_J_112.wav,kaggle_participant,1,48000,0.4
Kaggle,kaggle_J_J_113.wav,kaggle_participant,1,48000,0.4
Kaggle,kaggle_J_J_114.wav,kaggle_participant,1,48000,0.4
Kaggle,kaggle_J_J_115.wav,kaggle_participant,1,48000,0.4
Kaggle,kaggle_J_J_116.wav,kaggle_participant,1,48000,0.4
Kaggle,kaggle_J_J_117.wav,kaggle_participant,1,48000,0.4
Kaggle,kaggle_J_J_118.wav,kaggle_participant,1,48000,0.4
Kaggle,kaggle_J_J_119.wav,kaggle_participant,1,48000,0.4
Kaggle,kaggle_J_J_12.wav,kaggle_participant,1,48000,0.4
Kaggle,kaggle_J_J_120.wav,kaggle_participant,1,48000,0.4
Kaggle,kaggle_J_J_121.wav,kaggle_participant,1,48000,0.4
Kaggle,kaggle_J_J_122.wav,kaggle_participant,1,48000,0.4
Kaggle,kaggle_J_J_123.wav,kaggle_participant,1,48000,0.4
Kaggle,kaggle_J_J_124.wav,kaggle_participant,1,48000,0.4
Kaggle,kaggle_J_J_125.wav,kaggle_participant,1,48000,0.4
Kaggle,kaggle_J_J_126.wav,kaggle_participant,1,48000,0.4
Kaggle,kaggle_J_J_127.wav,kaggle_participant,1,48000,0.4
Kaggle,kaggle_J_J_128.wav,kaggle_participant,1,48000,0.4
Kaggle,kaggle_J_J_129.wav,kaggle_participant,1,48000,0.4
Kaggle,kaggle_J_J_13.wav,kaggle_participant,1,48000,0.4
Kaggle,kaggle_J_J_130.wav,kaggle_participant,1,48000,0.4
Kaggle,kaggle_J_J_131.wav,kaggle_participant,1,48000,0.4
Kaggle,kaggle_J_J_132.wav,kaggle_participant,1,48000,0.4
Kaggle,kaggle_J_J_133.wav,kaggle_participant,1,48000,0.39997916666666666
Kaggle,kaggle_J_J_134.wav,kaggle_participant,1,48000,0.4
Kaggle,kaggle_J_J_135.wav,kaggle_participant,1,48000,0.4
Kaggle,kaggle_J_J_136.wav,kaggle_participant,1,48000,0.4
Kaggle,kaggle_J_J_137.wav,kaggle_participant,1,48000,0.4
Kaggle,kaggle_J_J_138.wav,kaggle_participant,1,48000,0.4
Kaggle,kaggle_J_J_139.wav,kaggle_participant,1,48000,0.4
Kaggle,kaggle_J_J_14.wav,kaggle_participant,1,48000,0.4
Kaggle,kaggle_J_J_140.wav,kaggle_participant,1,48000,0.4
Kaggle,kaggle_J_J_141.wav,kaggle_participant,1,48000,0.4
Kaggle,kaggle_J_J_142.wav,kaggle_participant,1,48000,0.4
Kaggle,kaggle_J_J_143.wav,kaggle_participant,1,48000,0.4
Kaggle,kaggle_J_J_144.wav,kaggle_participant,1,48000,0.4
Kaggle,kaggle_J_J_145.wav,kaggle_participant,1,48000,0.4
Kaggle,kaggle_J_J_146.wav,kaggle_participant,1,48000,0.4
Kaggle,kaggle_J_J_147.wav,kaggle_participant,1,48000,0.4
Kaggle,kaggle_J_J_148.wav,kaggle_participant,1,48000,0.4
Kaggle,kaggle_J_J_149.wav,kaggle_participant,1,48000,0.4
Kaggle,kaggle_J_J_15.wav,kaggle_participant,1,48000,0.4
Kaggle,kaggle_J_J_150.wav,kaggle_participant,1,48000,0.4
Kaggle,kaggle_J_J_151.wav,kaggle_participant,1,48000,0.4
Kaggle,kaggle_J_J_152.wav,kaggle_participant,1,48000,0.4
Kaggle,kaggle_J_J_153.wav,kaggle_participant,1,48000,0.4
Kaggle,kaggle_J_J_154.wav,kaggle_participant,1,48000,0.4
Kaggle,kaggle_J_J_155.wav,kaggle_participant,1,48000,0.4
Kaggle,kaggle_J_J_156.wav,kaggle_participant,1,48000,0.4
Kaggle,kaggle_J_J_157.wav,kaggle_participant,1,48000,0.4
Kaggle,kaggle_J_J_158.wav,kaggle_participant,1,48000,0.4
Kaggle,kaggle_J_J_159.wav,kaggle_participant,1,48000,0.4
Kaggle,kaggle_J_J_16.wav,kaggle_participant,1,48000,0.4
Kaggle,kaggle_J_J_160.wav,kaggle_participant,1,48000,0.4
Kaggle,kaggle_J_J_161.wav,kaggle_participant,1,48000,0.4
Kaggle,kaggle_J_J_162.wav,kaggle_participant,1,48000,0.4
Kaggle,kaggle_J_J_163.wav,kaggle_participant,1,48000,0.4
Kaggle,kaggle_J_J_164.wav,kaggle_participant,1,48000,0.4
Kaggle,kaggle_J_J_165.wav,kaggle_participant,1,48000,0.4
Kaggle,kaggle_J_J_166.wav,kaggle_participant,1,48000,0.4
Kaggle,kaggle_J_J_167.wav,kaggle_participant,1,48000,0.4
Kaggle,kaggle_J_J_168.wav,kaggle_participant,1,48000,0.4
Kaggle,kaggle_J_J_169.wav,kaggle_participant,1,48000,0.4
Kaggle,kaggle_J_J_17.wav,kaggle_participant,1,48000,0.4
Kaggle,kaggle_J_J_170.wav,kaggle_participant,1,48000,0.4
Kaggle,kaggle_J_J_171.wav,kaggle_participant,1,48000,0.4
Kaggle,kaggle_J_J_172.wav,kaggle_participant,1,48000,0.4
Kaggle,kaggle_J_J_173.wav,kaggle_participant,1,48000,0.4
Kaggle,kaggle_J_J_174.wav,kaggle_participant,1,48000,0.4
Kaggle,kaggle_J_J_175.wav,kaggle_participant,1,48000,0.4
Kaggle,kaggle_J_J_176.wav,kaggle_participant,1,48000,0.4
Kaggle,kaggle_J_J_177.wav,kaggle_participant,1,48000,0.4
Kaggle,kaggle_J_J_178.wav,kaggle_participant,1,48000,0.4
Kaggle,kaggle_J_J_179.wav,kaggle_participant,1,48000,0.4
Kaggle,kaggle_J_J_18.wav,kaggle_participant,1,48000,0.4
Kaggle,kaggle_J_J_180.wav,kaggle_participant,1,48000,0.4
Kaggle,kaggle_J_J_181.wav,kaggle_participant,1,48000,0.4
Kaggle,kaggle_J_J_182.wav,kaggle_participant,1,48000,0.4
Kaggle,kaggle_J_J_183.wav,kaggle_participant,1,48000,0.4
Kaggle,kaggle_J_J_184.wav,kaggle_participant,1,48000,0.4
Kaggle,kaggle_J_J_185.wav,kaggle_participant,1,48000,0.4
Kaggle,kaggle_J_J_186.wav,kaggle_participant,1,48000,0.4
Kaggle,kaggle_J_J_187.wav,kaggle_participant,1,48000,0.4
Kaggle,kaggle_J_J_188.wav,kaggle_participant,1,48000,0.4
Kaggle,kaggle_J_J_189.wav,kaggle_participant,1,48000,0.4
Kaggle,kaggle_J_J_19.wav,kaggle_participant,1,48000,0.4000208333333333
Kaggle,kaggle_J_J_190.wav,kaggle_participant,1,48000,0.4
Kaggle,kaggle_J_J_191.wav,kaggle_participant,1,48000,0.4
Kaggle,kaggle_J_J_192.wav,kaggle_participant,1,48000,0.4
Kaggle,kaggle_J_J_193.wav,kaggle_participant,1,48000,0.4
Kaggle,kaggle_J_J_194.wav,kaggle_participant,1,48000,0.4
Kaggle,kaggle_J_J_195.wav,kaggle_participant,1,48000,0.4
Kaggle,kaggle_J_J_196.wav,kaggle_participant,1,48000,0.4
Kaggle,kaggle_J_J_197.wav,kaggle_participant,1,48000,0.4
Kaggle,kaggle_J_J_198.wav,kaggle_participant,1,48000,0.4
Kaggle,kaggle_J_J_199.wav,kaggle_participant,1,48000,0.4
Kaggle,kaggle_J_J_2.wav,kaggle_participant,1,48000,0.4000208333333333
Kaggle,kaggle_J_J_20.wav,kaggle_participant,1,48000,0.4
Kaggle,kaggle_J_J_200.wav,kaggle_participant,1,48000,0.4
Kaggle,kaggle_J_J_201.wav,kaggle_participant,1,48000,0.4
Kaggle,kaggle_J_J_202.wav,kaggle_participant,1,48000,0.4
Kaggle,kaggle_J_J_203.wav,kaggle_participant,1,48000,0.4
Kaggle,kaggle_J_J_204.wav,kaggle_participant,1,48000,0.4
Kaggle,kaggle_J_J_205.wav,kaggle_participant,1,48000,0.4
Kaggle,kaggle_J_J_206.wav,kaggle_participant,1,48000,0.4
Kaggle,kaggle_J_J_207.wav,kaggle_participant,1,48000,0.4
Kaggle,kaggle_J_J_208.wav,kaggle_participant,1,48000,0.4
Kaggle,kaggle_J_J_209.wav,kaggle_participant,1,48000,0.4
Kaggle,kaggle_J_J_21.wav,kaggle_participant,1,48000,0.4000208333333333
Kaggle,kaggle_J_J_210.wav,kaggle_participant,1,48000,0.4
Kaggle,kaggle_J_J_211.wav,kaggle_participant,1,48000,0.4
Kaggle,kaggle_J_J_212.wav,kaggle_participant,1,48000,0.4
Kaggle,kaggle_J_J_213.wav,kaggle_participant,1,48000,0.4
Kaggle,kaggle_J_J_214.wav,kaggle_participant,1,48000,0.4
Kaggle,kaggle_J_J_215.wav,kaggle_participant,1,48000,0.4
Kaggle,kaggle_J_J_216.wav,kaggle_participant,1,48000,0.4
Kaggle,kaggle_J_J_217.wav,kaggle_participant,1,48000,0.4
Kaggle,kaggle_J_J_218.wav,kaggle_participant,1,48000,0.4
Kaggle,kaggle_J_J_219.wav,kaggle_participant,1,48000,0.4
Kaggle,kaggle_J_J_22.wav,kaggle_participant,1,48000,0.4000208333333333
Kaggle,kaggle_J_J_220.wav,kaggle_participant,1,48000,0.4
Kaggle,kaggle_J_J_221.wav,kaggle_participant,1,48000,0.4
Kaggle,kaggle_J_J_222.wav,kaggle_participant,1,48000,0.4
Kaggle,kaggle_J_J_223.wav,kaggle_participant,1,48000,0.4
Kaggle,kaggle_J_J_224.wav,kaggle_participant,1,48000,0.4
Kaggle,kaggle_J_J_225.wav,kaggle_participant,1,48000,0.4
Kaggle,kaggle_J_J_226.wav,kaggle_participant,1,48000,0.4
Kaggle,kaggle_J_J_227.wav,kaggle_participant,1,48000,0.4
Kaggle,kaggle_J_J_228.wav,kaggle_participant,1,48000,0.4
Kaggle,kaggle_J_J_229.wav,kaggle_participant,1,48000,0.4
Kaggle,kaggle_J_J_23.wav,kaggle_participant,1,48000,0.4
Kaggle,kaggle_J_J_230.wav,kaggle_participant,1,48000,0.4
Kaggle,kaggle_J_J_231.wav,kaggle_participant,1,48000,0.4
Kaggle,kaggle_J_J_232.wav,kaggle_participant,1,48000,0.4
Kaggle,kaggle_J_J_233.wav,kaggle_participant,1,48000,0.4
Kaggle,kaggle_J_J_234.wav,kaggle_participant,1,48000,0.4
Kaggle,kaggle_J_J_235.wav,kaggle_participant,1,48000,0.4
Kaggle,kaggle_J_J_236.wav,kaggle_participant,1,48000,0.4
Kaggle,kaggle_J_J_237.wav,kaggle_participant,1,48000,0.4
Kaggle,kaggle_J_J_238.wav,kaggle_participant,1,48000,0.4
Kaggle,kaggle_J_J_239.wav,kaggle_participant,1,48000,0.4
Kaggle,kaggle_J_J_24.wav,kaggle_participant,1,48000,0.4
Kaggle,kaggle_J_J_240.wav,kaggle_participant,1,48000,0.4
Kaggle,kaggle_J_J_241.wav,kaggle_participant,1,48000,0.4
Kaggle,kaggle_J_J_242.wav,kaggle_participant,1,48000,0.4
Kaggle,kaggle_J_J_243.wav,kaggle_participant,1,48000,0.4
Kaggle,kaggle_J_J_244.wav,kaggle_participant,1,48000,0.4
Kaggle,kaggle_J_J_245.wav,kaggle_participant,1,48000,0.4
Kaggle,kaggle_J_J_246.wav,kaggle_participant,1,48000,0.4
Kaggle,kaggle_J_J_247.wav,kaggle_participant,1,48000,0.4
Kaggle,kaggle_J_J_248.wav,kaggle_participant,1,48000,0.4
Kaggle,kaggle_J_J_249.wav,kaggle_participant,1,48000,0.4
Kaggle,kaggle_J_J_25.wav,kaggle_participant,1,48000,0.4000208333333333
Kaggle,kaggle_J_J_250.wav,kaggle_participant,1,48000,0.4
Kaggle,kaggle_J_J_251.wav,kaggle_participant,1,48000,0.4
Kaggle,kaggle_J_J_252.wav,kaggle_participant,1,48000,0.4
Kaggle,kaggle_J_J_253.wav,kaggle_participant,1,48000,0.4
Kaggle,kaggle_J_J_254.wav,kaggle_participant,1,48000,0.4
Kaggle,kaggle_J_J_255.wav,kaggle_participant,1,48000,0.4
Kaggle,kaggle_J_J_256.wav,kaggle_participant,1,48000,0.4
Kaggle,kaggle_J_J_257.wav,kaggle_participant,1,48000,0.4
Kaggle,kaggle_J_J_258.wav,kaggle_participant,1,48000,0.4
Kaggle,kaggle_J_J_259.wav,kaggle_participant,1,48000,0.4
Kaggle,kaggle_J_J_26.wav,kaggle_participant,1,48000,0.4
Kaggle,kaggle_J_J_260.wav,kaggle_participant,1,48000,0.4
Kaggle,kaggle_J_J_261.wav,kaggle_participant,1,48000,0.4
Kaggle,kaggle_J_J_262.wav,kaggle_participant,1,48000,0.4
Kaggle,kaggle_J_J_263.wav,kaggle_participant,1,48000,0.4
Kaggle,kaggle_J_J_264.wav,kaggle_participant,1,48000,0.4
Kaggle,kaggle_J_J_265.wav,kaggle_participant,1,48000,0.4000208333333333
Kaggle,kaggle_J_J_266.wav,kaggle_participant,1,48000,0.4000208333333333
Kaggle,kaggle_J_J_267.wav,kaggle_participant,1,48000,0.4
Kaggle,kaggle_J_J_268.wav,kaggle_participant,1,48000,0.4000208333333333
Kaggle,kaggle_J_J_269.wav,kaggle_participant,1,48000,0.4000208333333333
Kaggle,kaggle_J_J_27.wav,kaggle_participant,1,48000,0.4
Kaggle,kaggle_J_J_270.wav,kaggle_participant,1,48000,0.4000208333333333
Kaggle,kaggle_J_J_271.wav,kaggle_participant,1,48000,0.4
Kaggle,kaggle_J_J_272.wav,kaggle_participant,1,48000,0.4
Kaggle,kaggle_J_J_273.wav,kaggle_participant,1,48000,0.4
Kaggle,kaggle_J_J_274.wav,kaggle_participant,1,48000,0.4
Kaggle,kaggle_J_J_275.wav,kaggle_participant,1,48000,0.4
Kaggle,kaggle_J_J_276.wav,kaggle_participant,1,48000,0.4000208333333333
Kaggle,kaggle_J_J_277.wav,kaggle_participant,1,48000,0.4000208333333333
Kaggle,kaggle_J_J_278.wav,kaggle_participant,1,48000,0.4
Kaggle,kaggle_J_J_279.wav,kaggle_participant,1,48000,0.4
Kaggle,kaggle_J_J_28.wav,kaggle_participant,1,48000,0.4000208333333333
Kaggle,kaggle_J_J_280.wav,kaggle_participant,1,48000,0.4000208333333333
Kaggle,kaggle_J_J_281.wav,kaggle_participant,1,48000,0.4
Kaggle,kaggle_J_J_282.wav,kaggle_participant,1,48000,0.4000208333333333
Kaggle,kaggle_J_J_283.wav,kaggle_participant,1,48000,0.4000208333333333
Kaggle,kaggle_J_J_284.wav,kaggle_participant,1,48000,0.4000208333333333
Kaggle,kaggle_J_J_285.wav,kaggle_participant,1,48000,0.4000208333333333
Kaggle,kaggle_J_J_286.wav,kaggle_participant,1,48000,0.4000208333333333
Kaggle,kaggle_J_J_287.wav,kaggle_participant,1,48000,0.4
Kaggle,kaggle_J_J_288.wav,kaggle_participant,1,48000,0.4000208333333333
Kaggle,kaggle_J_J_289.wav,kaggle_participant,1,48000,0.4000208333333333
Kaggle,kaggle_J_J_29.wav,kaggle_participant,1,48000,0.4
Kaggle,kaggle_J_J_290.wav,kaggle_participant,1,48000,0.4
Kaggle,kaggle_J_J_291.wav,kaggle_participant,1,48000,0.4000208333333333
Kaggle,kaggle_J_J_292.wav,kaggle_participant,1,48000,0.4
Kaggle,kaggle_J_J_293.wav,kaggle_participant,1,48000,0.4000208333333333
Kaggle,kaggle_J_J_294.wav,kaggle_participant,1,48000,0.4000208333333333
Kaggle,kaggle_J_J_295.wav,kaggle_participant,1,48000,0.4
Kaggle,kaggle_J_J_296.wav,kaggle_participant,1,48000,0.4
Kaggle,kaggle_J_J_297.wav,kaggle_participant,1,48000,0.4
Kaggle,kaggle_J_J_298.wav,kaggle_participant,1,48000,0.4
Kaggle,kaggle_J_J_299.wav,kaggle_participant,1,48000,0.4
Kaggle,kaggle_J_J_3.wav,kaggle_participant,1,48000,0.4
Kaggle,kaggle_J_J_30.wav,kaggle_participant,1,48000,0.4
Kaggle,kaggle_J_J_300.wav,kaggle_participant,1,48000,0.4
Kaggle,kaggle_J_J_301.wav,kaggle_participant,1,48000,0.4
Kaggle,kaggle_J_J_302.wav,kaggle_participant,1,48000,0.4000208333333333
Kaggle,kaggle_J_J_303.wav,kaggle_participant,1,48000,0.4000208333333333
Kaggle,kaggle_J_J_304.wav,kaggle_participant,1,48000,0.4000208333333333
Kaggle,kaggle_J_J_305.wav,kaggle_participant,1,48000,0.4
Kaggle,kaggle_J_J_306.wav,kaggle_participant,1,48000,0.4000208333333333
Kaggle,kaggle_J_J_31.wav,kaggle_participant,1,48000,0.4
Kaggle,kaggle_J_J_32.wav,kaggle_participant,1,48000,0.4
Kaggle,kaggle_J_J_33.wav,kaggle_participant,1,48000,0.4
Kaggle,kaggle_J_J_34.wav,kaggle_participant,1,48000,0.4
Kaggle,kaggle_J_J_35.wav,kaggle_participant,1,48000,0.4
Kaggle,kaggle_J_J_36.wav,kaggle_participant,1,48000,0.39997916666666666
Kaggle,kaggle_J_J_37.wav,kaggle_participant,1,48000,0.4
Kaggle,kaggle_J_J_38.wav,kaggle_participant,1,48000,0.4
Kaggle,kaggle_J_J_39.wav,kaggle_participant,1,48000,0.4
Kaggle,kaggle_J_J_4.wav,kaggle_participant,1,48000,0.4
Kaggle,kaggle_J_J_40.wav,kaggle_participant,1,48000,0.4
Kaggle,kaggle_J_J_41.wav,kaggle_participant,1,48000,0.39997916666666666
Kaggle,kaggle_J_J_42.wav,kaggle_participant,1,48000,0.4
Kaggle,kaggle_J_J_43.wav,kaggle_participant,1,48000,0.39997916666666666
Kaggle,kaggle_J_J_44.wav,kaggle_participant,1,48000,0.4
Kaggle,kaggle_J_J_45.wav,kaggle_participant,1,48000,0.39997916666666666
Kaggle,kaggle_J_J_46.wav,kaggle_participant,1,48000,0.4
Kaggle,kaggle_J_J_47.wav,kaggle_participant,1,48000,0.39997916666666666
Kaggle,kaggle_J_J_48.wav,kaggle_participant,1,48000,0.4
Kaggle,kaggle_J_J_49.wav,kaggle_participant,1,48000,0.4
Kaggle,kaggle_J_J_5.wav,kaggle_participant,1,48000,0.4
Kaggle,kaggle_J_J_50.wav,kaggle_participant,1,48000,0.4
Kaggle,kaggle_J_J_51.wav,kaggle_participant,1,48000,0.4
Kaggle,kaggle_J_J_52.wav,kaggle_participant,1,48000,0.4
Kaggle,kaggle_J_J_53.wav,kaggle_participant,1,48000,0.4
Kaggle,kaggle_J_J_54.wav,kaggle_participant,1,48000,0.4
Kaggle,kaggle_J_J_55.wav,kaggle_participant,1,48000,0.4
Kaggle,kaggle_J_J_56.wav,kaggle_participant,1,48000,0.4
Kaggle,kaggle_J_J_57.wav,kaggle_participant,1,48000,0.4
Kaggle,kaggle_J_J_58.wav,kaggle_participant,1,48000,0.39997916666666666
Kaggle,kaggle_J_J_59.wav,kaggle_participant,1,48000,0.39997916666666666
Kaggle,kaggle_J_J_6.wav,kaggle_participant,1,48000,0.4
Kaggle,kaggle_J_J_60.wav,kaggle_participant,1,48000,0.4
Kaggle,kaggle_J_J_61.wav,kaggle_participant,1,48000,0.4
Kaggle,kaggle_J_J_62.wav,kaggle_participant,1,48000,0.4
Kaggle,kaggle_J_J_63.wav,kaggle_participant,1,48000,0.4
Kaggle,kaggle_J_J_64.wav,kaggle_participant,1,48000,0.4
Kaggle,kaggle_J_J_65.wav,kaggle_participant,1,48000,0.39997916666666666
Kaggle,kaggle_J_J_66.wav,kaggle_participant,1,48000,0.39997916666666666
Kaggle,kaggle_J_J_67.wav,kaggle_participant,1,48000,0.4
Kaggle,kaggle_J_J_68.wav,kaggle_participant,1,48000,0.39997916666666666
Kaggle,kaggle_J_J_69.wav,kaggle_participant,1,48000,0.4
Kaggle,kaggle_J_J_7.wav,kaggle_participant,1,48000,0.4
Kaggle,kaggle_J_J_70.wav,kaggle_participant,1,48000,0.4
Kaggle,kaggle_J_J_71.wav,kaggle_participant,1,48000,0.39997916666666666
Kaggle,kaggle_J_J_72.wav,kaggle_participant,1,48000,0.4
Kaggle,kaggle_J_J_73.wav,kaggle_participant,1,48000,0.39997916666666666
Kaggle,kaggle_J_J_74.wav,kaggle_participant,1,48000,0.4
Kaggle,kaggle_J_J_75.wav,kaggle_participant,1,48000,0.4
Kaggle,kaggle_J_J_76.wav,kaggle_participant,1,48000,0.39997916666666666
Kaggle,kaggle_J_J_77.wav,kaggle_participant,1,48000,0.4
Kaggle,kaggle_J_J_78.wav,kaggle_participant,1,48000,0.39997916666666666
Kaggle,kaggle_J_J_79.wav,kaggle_participant,1,48000,0.4
Kaggle,kaggle_J_J_8.wav,kaggle_participant,1,48000,0.4
Kaggle,kaggle_J_J_80.wav,kaggle_participant,1,48000,0.4
Kaggle,kaggle_J_J_81.wav,kaggle_participant,1,48000,0.4
Kaggle,kaggle_J_J_82.wav,kaggle_participant,1,48000,0.4
Kaggle,kaggle_J_J_83.wav,kaggle_participant,1,48000,0.4
Kaggle,kaggle_J_J_84.wav,kaggle_participant,1,48000,0.39997916666666666
Kaggle,kaggle_J_J_85.wav,kaggle_participant,1,48000,0.4
Kaggle,kaggle_J_J_86.wav,kaggle_participant,1,48000,0.39997916666666666
Kaggle,kaggle_J_J_87.wav,kaggle_participant,1,48000,0.39997916666666666
Kaggle,kaggle_J_J_88.wav,kaggle_participant,1,48000,0.39997916666666666
Kaggle,kaggle_J_J_89.wav,kaggle_participant,1,48000,0.4
Kaggle,kaggle_J_J_9.wav,kaggle_participant,1,48000,0.4
Kaggle,kaggle_J_J_90.wav,kaggle_participant,1,48000,0.4
Kaggle,kaggle_J_J_91.wav,kaggle_participant,1,48000,0.4
Kaggle,kaggle_J_J_92.wav,kaggle_participant,1,48000,0.39997916666666666
Kaggle,kaggle_J_J_93.wav,kaggle_participant,1,48000,0.4
Kaggle,kaggle_J_J_94.wav,kaggle_participant,1,48000,0.4
Kaggle,kaggle_J_J_95.wav,kaggle_participant,1,48000,0.4
Kaggle,kaggle_J_J_96.wav,kaggle_participant,1,48000,0.4
Kaggle,kaggle_J_J_97.wav,kaggle_participant,1,48000,0.4
Kaggle,kaggle_J_J_98.wav,kaggle_participant,1,48000,0.4
Kaggle,kaggle_J_J_99.wav,kaggle_participant,1,48000,0.4
Kaggle,kaggle_K_K_1.wav,kaggle_participant,1,48000,0.4
Kaggle,kaggle_K_K_10.wav,kaggle_participant,1,48000,0.4
Kaggle,kaggle_K_K_100.wav,kaggle_participant,1,48000,0.4
Kaggle,kaggle_K_K_101.wav,kaggle_participant,1,48000,0.4
Kaggle,kaggle_K_K_102.wav,kaggle_participant,1,48000,0.39997916666666666
Kaggle,kaggle_K_K_103.wav,kaggle_participant,1,48000,0.4
Kaggle,kaggle_K_K_104.wav,kaggle_participant,1,48000,0.4
Kaggle,kaggle_K_K_105.wav,kaggle_participant,1,48000,0.4
Kaggle,kaggle_K_K_106.wav,kaggle_participant,1,48000,0.4
Kaggle,kaggle_K_K_107.wav,kaggle_participant,1,48000,0.4
Kaggle,kaggle_K_K_108.wav,kaggle_participant,1,48000,0.4
Kaggle,kaggle_K_K_109.wav,kaggle_participant,1,48000,0.4
Kaggle,kaggle_K_K_11.wav,kaggle_participant,1,48000,0.4
Kaggle,kaggle_K_K_110.wav,kaggle_participant,1,48000,0.4
Kaggle,kaggle_K_K_111.wav,kaggle_participant,1,48000,0.4
Kaggle,kaggle_K_K_112.wav,kaggle_participant,1,48000,0.4
Kaggle,kaggle_K_K_113.wav,kaggle_participant,1,48000,0.4
Kaggle,kaggle_K_K_114.wav,kaggle_participant,1,48000,0.4
Kaggle,kaggle_K_K_115.wav,kaggle_participant,1,48000,0.4
Kaggle,kaggle_K_K_116.wav,kaggle_participant,1,48000,0.4
Kaggle,kaggle_K_K_117.wav,kaggle_participant,1,48000,0.4
Kaggle,kaggle_K_K_118.wav,kaggle_participant,1,48000,0.4
Kaggle,kaggle_K_K_119.wav,kaggle_participant,1,48000,0.4
Kaggle,kaggle_K_K_12.wav,kaggle_participant,1,48000,0.4
Kaggle,kaggle_K_K_120.wav,kaggle_participant,1,48000,0.4
Kaggle,kaggle_K_K_121.wav,kaggle_participant,1,48000,0.4
Kaggle,kaggle_K_K_122.wav,kaggle_participant,1,48000,0.4
Kaggle,kaggle_K_K_123.wav,kaggle_participant,1,48000,0.4
Kaggle,kaggle_K_K_124.wav,kaggle_participant,1,48000,0.4
Kaggle,kaggle_K_K_125.wav,kaggle_participant,1,48000,0.4
Kaggle,kaggle_K_K_126.wav,kaggle_participant,1,48000,0.4
Kaggle,kaggle_K_K_127.wav,kaggle_participant,1,48000,0.4
Kaggle,kaggle_K_K_128.wav,kaggle_participant,1,48000,0.4
Kaggle,kaggle_K_K_129.wav,kaggle_participant,1,48000,0.4
Kaggle,kaggle_K_K_13.wav,kaggle_participant,1,48000,0.4
Kaggle,kaggle_K_K_130.wav,kaggle_participant,1,48000,0.4
Kaggle,kaggle_K_K_131.wav,kaggle_participant,1,48000,0.4
Kaggle,kaggle_K_K_132.wav,kaggle_participant,1,48000,0.4
Kaggle,kaggle_K_K_133.wav,kaggle_participant,1,48000,0.4
Kaggle,kaggle_K_K_134.wav,kaggle_participant,1,48000,0.4
Kaggle,kaggle_K_K_135.wav,kaggle_participant,1,48000,0.4
Kaggle,kaggle_K_K_136.wav,kaggle_participant,1,48000,0.4
Kaggle,kaggle_K_K_137.wav,kaggle_participant,1,48000,0.4
Kaggle,kaggle_K_K_138.wav,kaggle_participant,1,48000,0.4
Kaggle,kaggle_K_K_139.wav,kaggle_participant,1,48000,0.4
Kaggle,kaggle_K_K_14.wav,kaggle_participant,1,48000,0.4
Kaggle,kaggle_K_K_140.wav,kaggle_participant,1,48000,0.4
Kaggle,kaggle_K_K_141.wav,kaggle_participant,1,48000,0.4
Kaggle,kaggle_K_K_142.wav,kaggle_participant,1,48000,0.4
Kaggle,kaggle_K_K_143.wav,kaggle_participant,1,48000,0.4
Kaggle,kaggle_K_K_144.wav,kaggle_participant,1,48000,0.4
Kaggle,kaggle_K_K_145.wav,kaggle_participant,1,48000,0.4
Kaggle,kaggle_K_K_146.wav,kaggle_participant,1,48000,0.4
Kaggle,kaggle_K_K_15.wav,kaggle_participant,1,48000,0.4
Kaggle,kaggle_K_K_16.wav,kaggle_participant,1,48000,0.4
Kaggle,kaggle_K_K_17.wav,kaggle_participant,1,48000,0.4000208333333333
Kaggle,kaggle_K_K_18.wav,kaggle_participant,1,48000,0.4
Kaggle,kaggle_K_K_19.wav,kaggle_participant,1,48000,0.4000208333333333
Kaggle,kaggle_K_K_2.wav,kaggle_participant,1,48000,0.4
Kaggle,kaggle_K_K_20.wav,kaggle_participant,1,48000,0.4000208333333333
Kaggle,kaggle_K_K_21.wav,kaggle_participant,1,48000,0.4000208333333333
Kaggle,kaggle_K_K_22.wav,kaggle_participant,1,48000,0.4000208333333333
Kaggle,kaggle_K_K_23.wav,kaggle_participant,1,48000,0.4
Kaggle,kaggle_K_K_24.wav,kaggle_participant,1,48000,0.4000208333333333
Kaggle,kaggle_K_K_25.wav,kaggle_participant,1,48000,0.4
Kaggle,kaggle_K_K_26.wav,kaggle_participant,1,48000,0.4
Kaggle,kaggle_K_K_27.wav,kaggle_participant,1,48000,0.4
Kaggle,kaggle_K_K_28.wav,kaggle_participant,1,48000,0.4
Kaggle,kaggle_K_K_29.wav,kaggle_participant,1,48000,0.4
Kaggle,kaggle_K_K_3.wav,kaggle_participant,1,48000,0.4
Kaggle,kaggle_K_K_30.wav,kaggle_participant,1,48000,0.4
Kaggle,kaggle_K_K_31.wav,kaggle_participant,1,48000,0.4000208333333333
Kaggle,kaggle_K_K_32.wav,kaggle_participant,1,48000,0.4000208333333333
Kaggle,kaggle_K_K_33.wav,kaggle_participant,1,48000,0.4
Kaggle,kaggle_K_K_34.wav,kaggle_participant,1,48000,0.39997916666666666
Kaggle,kaggle_K_K_35.wav,kaggle_participant,1,48000,0.4
Kaggle,kaggle_K_K_36.wav,kaggle_participant,1,48000,0.4
Kaggle,kaggle_K_K_37.wav,kaggle_participant,1,48000,0.4
Kaggle,kaggle_K_K_38.wav,kaggle_participant,1,48000,0.39997916666666666
Kaggle,kaggle_K_K_39.wav,kaggle_participant,1,48000,0.4
Kaggle,kaggle_K_K_4.wav,kaggle_participant,1,48000,0.4
Kaggle,kaggle_K_K_40.wav,kaggle_participant,1,48000,0.4
Kaggle,kaggle_K_K_41.wav,kaggle_participant,1,48000,0.4
Kaggle,kaggle_K_K_42.wav,kaggle_participant,1,48000,0.4
Kaggle,kaggle_K_K_43.wav,kaggle_participant,1,48000,0.4
Kaggle,kaggle_K_K_44.wav,kaggle_participant,1,48000,0.4
Kaggle,kaggle_K_K_45.wav,kaggle_participant,1,48000,0.4
Kaggle,kaggle_K_K_46.wav,kaggle_participant,1,48000,0.4
Kaggle,kaggle_K_K_47.wav,kaggle_participant,1,48000,0.4
Kaggle,kaggle_K_K_48.wav,kaggle_participant,1,48000,0.4
Kaggle,kaggle_K_K_49.wav,kaggle_participant,1,48000,0.4
Kaggle,kaggle_K_K_5.wav,kaggle_participant,1,48000,0.39997916666666666
Kaggle,kaggle_K_K_50.wav,kaggle_participant,1,48000,0.4
Kaggle,kaggle_K_K_51.wav,kaggle_participant,1,48000,0.4
Kaggle,kaggle_K_K_52.wav,kaggle_participant,1,48000,0.4
Kaggle,kaggle_K_K_53.wav,kaggle_participant,1,48000,0.4
Kaggle,kaggle_K_K_54.wav,kaggle_participant,1,48000,0.39997916666666666
Kaggle,kaggle_K_K_55.wav,kaggle_participant,1,48000,0.4
Kaggle,kaggle_K_K_56.wav,kaggle_participant,1,48000,0.4
Kaggle,kaggle_K_K_57.wav,kaggle_participant,1,48000,0.4
Kaggle,kaggle_K_K_58.wav,kaggle_participant,1,48000,0.4
Kaggle,kaggle_K_K_59.wav,kaggle_participant,1,48000,0.4
Kaggle,kaggle_K_K_6.wav,kaggle_participant,1,48000,0.4
Kaggle,kaggle_K_K_60.wav,kaggle_participant,1,48000,0.39997916666666666
Kaggle,kaggle_K_K_61.wav,kaggle_participant,1,48000,0.4
Kaggle,kaggle_K_K_62.wav,kaggle_participant,1,48000,0.4
Kaggle,kaggle_K_K_63.wav,kaggle_participant,1,48000,0.4
Kaggle,kaggle_K_K_64.wav,kaggle_participant,1,48000,0.4
Kaggle,kaggle_K_K_65.wav,kaggle_participant,1,48000,0.4
Kaggle,kaggle_K_K_66.wav,kaggle_participant,1,48000,0.4
Kaggle,kaggle_K_K_67.wav,kaggle_participant,1,48000,0.4
Kaggle,kaggle_K_K_68.wav,kaggle_participant,1,48000,0.4
Kaggle,kaggle_K_K_69.wav,kaggle_participant,1,48000,0.4
Kaggle,kaggle_K_K_7.wav,kaggle_participant,1,48000,0.4
Kaggle,kaggle_K_K_70.wav,kaggle_participant,1,48000,0.4
Kaggle,kaggle_K_K_71.wav,kaggle_participant,1,48000,0.39997916666666666
Kaggle,kaggle_K_K_72.wav,kaggle_participant,1,48000,0.4
Kaggle,kaggle_K_K_73.wav,kaggle_participant,1,48000,0.4
Kaggle,kaggle_K_K_74.wav,kaggle_participant,1,48000,0.39997916666666666
Kaggle,kaggle_K_K_75.wav,kaggle_participant,1,48000,0.4
Kaggle,kaggle_K_K_76.wav,kaggle_participant,1,48000,0.4
Kaggle,kaggle_K_K_77.wav,kaggle_participant,1,48000,0.39997916666666666
Kaggle,kaggle_K_K_78.wav,kaggle_participant,1,48000,0.39997916666666666
Kaggle,kaggle_K_K_79.wav,kaggle_participant,1,48000,0.4
Kaggle,kaggle_K_K_8.wav,kaggle_participant,1,48000,0.4
Kaggle,kaggle_K_K_80.wav,kaggle_participant,1,48000,0.4
Kaggle,kaggle_K_K_81.wav,kaggle_participant,1,48000,0.4
Kaggle,kaggle_K_K_82.wav,kaggle_participant,1,48000,0.39997916666666666
Kaggle,kaggle_K_K_83.wav,kaggle_participant,1,48000,0.4
Kaggle,kaggle_K_K_84.wav,kaggle_participant,1,48000,0.39997916666666666
Kaggle,kaggle_K_K_85.wav,kaggle_participant,1,48000,0.4
Kaggle,kaggle_K_K_86.wav,kaggle_participant,1,48000,0.39997916666666666
Kaggle,kaggle_K_K_87.wav,kaggle_participant,1,48000,0.4
Kaggle,kaggle_K_K_88.wav,kaggle_participant,1,48000,0.4
Kaggle,kaggle_K_K_89.wav,kaggle_participant,1,48000,0.39997916666666666
Kaggle,kaggle_K_K_9.wav,kaggle_participant,1,48000,0.4
Kaggle,kaggle_K_K_90.wav,kaggle_participant,1,48000,0.4
Kaggle,kaggle_K_K_91.wav,kaggle_participant,1,48000,0.4
Kaggle,kaggle_K_K_92.wav,kaggle_participant,1,48000,0.4
Kaggle,kaggle_K_K_93.wav,kaggle_participant,1,48000,0.4
Kaggle,kaggle_K_K_94.wav,kaggle_participant,1,48000,0.4
Kaggle,kaggle_K_K_95.wav,kaggle_participant,1,48000,0.4
Kaggle,kaggle_K_K_96.wav,kaggle_participant,1,48000,0.4
Kaggle,kaggle_K_K_97.wav,kaggle_participant,1,48000,0.4
Kaggle,kaggle_K_K_98.wav,kaggle_participant,1,48000,0.4
Kaggle,kaggle_K_K_99.wav,kaggle_participant,1,48000,0.4
Kaggle,kaggle_L_L_1.wav,kaggle_participant,1,48000,0.4
Kaggle,kaggle_L_L_10.wav,kaggle_participant,1,48000,0.4
Kaggle,kaggle_L_L_100.wav,kaggle_participant,1,48000,0.4
Kaggle,kaggle_L_L_101.wav,kaggle_participant,1,48000,0.4
Kaggle,kaggle_L_L_102.wav,kaggle_participant,1,48000,0.4
Kaggle,kaggle_L_L_103.wav,kaggle_participant,1,48000,0.4
Kaggle,kaggle_L_L_104.wav,kaggle_participant,1,48000,0.4
Kaggle,kaggle_L_L_105.wav,kaggle_participant,1,48000,0.4
Kaggle,kaggle_L_L_106.wav,kaggle_participant,1,48000,0.4
Kaggle,kaggle_L_L_107.wav,kaggle_participant,1,48000,0.4
Kaggle,kaggle_L_L_108.wav,kaggle_participant,1,48000,0.4
Kaggle,kaggle_L_L_109.wav,kaggle_participant,1,48000,0.4
Kaggle,kaggle_L_L_11.wav,kaggle_participant,1,48000,0.4
Kaggle,kaggle_L_L_110.wav,kaggle_participant,1,48000,0.4
Kaggle,kaggle_L_L_111.wav,kaggle_participant,1,48000,0.4
Kaggle,kaggle_L_L_112.wav,kaggle_participant,1,48000,0.4
Kaggle,kaggle_L_L_113.wav,kaggle_participant,1,48000,0.4
Kaggle,kaggle_L_L_114.wav,kaggle_participant,1,48000,0.4
Kaggle,kaggle_L_L_115.wav,kaggle_participant,1,48000,0.4
Kaggle,kaggle_L_L_116.wav,kaggle_participant,1,48000,0.4
Kaggle,kaggle_L_L_117.wav,kaggle_participant,1,48000,0.4
Kaggle,kaggle_L_L_118.wav,kaggle_participant,1,48000,0.4
Kaggle,kaggle_L_L_119.wav,kaggle_participant,1,48000,0.4
Kaggle,kaggle_L_L_12.wav,kaggle_participant,1,48000,0.4
Kaggle,kaggle_L_L_120.wav,kaggle_participant,1,48000,0.4
Kaggle,kaggle_L_L_121.wav,kaggle_participant,1,48000,0.4
Kaggle,kaggle_L_L_122.wav,kaggle_participant,1,48000,0.4
Kaggle,kaggle_L_L_123.wav,kaggle_participant,1,48000,0.4
Kaggle,kaggle_L_L_124.wav,kaggle_participant,1,48000,0.4
Kaggle,kaggle_L_L_125.wav,kaggle_participant,1,48000,0.4
Kaggle,kaggle_L_L_126.wav,kaggle_participant,1,48000,0.4
Kaggle,kaggle_L_L_127.wav,kaggle_participant,1,48000,0.4
Kaggle,kaggle_L_L_128.wav,kaggle_participant,1,48000,0.4
Kaggle,kaggle_L_L_129.wav,kaggle_participant,1,48000,0.4
Kaggle,kaggle_L_L_13.wav,kaggle_participant,1,48000,0.4
Kaggle,kaggle_L_L_130.wav,kaggle_participant,1,48000,0.4
Kaggle,kaggle_L_L_131.wav,kaggle_participant,1,48000,0.4
Kaggle,kaggle_L_L_132.wav,kaggle_participant,1,48000,0.4
Kaggle,kaggle_L_L_133.wav,kaggle_participant,1,48000,0.4
Kaggle,kaggle_L_L_134.wav,kaggle_participant,1,48000,0.4
Kaggle,kaggle_L_L_135.wav,kaggle_participant,1,48000,0.4
Kaggle,kaggle_L_L_136.wav,kaggle_participant,1,48000,0.4
Kaggle,kaggle_L_L_137.wav,kaggle_participant,1,48000,0.4
Kaggle,kaggle_L_L_138.wav,kaggle_participant,1,48000,0.4
Kaggle,kaggle_L_L_139.wav,kaggle_participant,1,48000,0.4
Kaggle,kaggle_L_L_14.wav,kaggle_participant,1,48000,0.4
Kaggle,kaggle_L_L_140.wav,kaggle_participant,1,48000,0.4
Kaggle,kaggle_L_L_141.wav,kaggle_participant,1,48000,0.4
Kaggle,kaggle_L_L_142.wav,kaggle_participant,1,48000,0.4
Kaggle,kaggle_L_L_143.wav,kaggle_participant,1,48000,0.4
Kaggle,kaggle_L_L_144.wav,kaggle_participant,1,48000,0.4
Kaggle,kaggle_L_L_145.wav,kaggle_participant,1,48000,0.4
Kaggle,kaggle_L_L_146.wav,kaggle_participant,1,48000,0.4
Kaggle,kaggle_L_L_147.wav,kaggle_participant,1,48000,0.4
Kaggle,kaggle_L_L_148.wav,kaggle_participant,1,48000,0.4
Kaggle,kaggle_L_L_149.wav,kaggle_participant,1,48000,0.4
Kaggle,kaggle_L_L_15.wav,kaggle_participant,1,48000,0.4
Kaggle,kaggle_L_L_150.wav,kaggle_participant,1,48000,0.4
Kaggle,kaggle_L_L_151.wav,kaggle_participant,1,48000,0.4
Kaggle,kaggle_L_L_152.wav,kaggle_participant,1,48000,0.4
Kaggle,kaggle_L_L_153.wav,kaggle_participant,1,48000,0.4
Kaggle,kaggle_L_L_154.wav,kaggle_participant,1,48000,0.4
Kaggle,kaggle_L_L_155.wav,kaggle_participant,1,48000,0.4
Kaggle,kaggle_L_L_156.wav,kaggle_participant,1,48000,0.4
Kaggle,kaggle_L_L_157.wav,kaggle_participant,1,48000,0.4
Kaggle,kaggle_L_L_158.wav,kaggle_participant,1,48000,0.4
Kaggle,kaggle_L_L_159.wav,kaggle_participant,1,48000,0.4
Kaggle,kaggle_L_L_16.wav,kaggle_participant,1,48000,0.4
Kaggle,kaggle_L_L_160.wav,kaggle_participant,1,48000,0.4
Kaggle,kaggle_L_L_161.wav,kaggle_participant,1,48000,0.4
Kaggle,kaggle_L_L_162.wav,kaggle_participant,1,48000,0.4
Kaggle,kaggle_L_L_163.wav,kaggle_participant,1,48000,0.4
Kaggle,kaggle_L_L_164.wav,kaggle_participant,1,48000,0.4
Kaggle,kaggle_L_L_165.wav,kaggle_participant,1,48000,0.4
Kaggle,kaggle_L_L_166.wav,kaggle_participant,1,48000,0.4
Kaggle,kaggle_L_L_167.wav,kaggle_participant,1,48000,0.4
Kaggle,kaggle_L_L_168.wav,kaggle_participant,1,48000,0.4
Kaggle,kaggle_L_L_169.wav,kaggle_participant,1,48000,0.4
Kaggle,kaggle_L_L_17.wav,kaggle_participant,1,48000,0.4000208333333333
Kaggle,kaggle_L_L_170.wav,kaggle_participant,1,48000,0.4
Kaggle,kaggle_L_L_171.wav,kaggle_participant,1,48000,0.4
Kaggle,kaggle_L_L_172.wav,kaggle_participant,1,48000,0.4
Kaggle,kaggle_L_L_173.wav,kaggle_participant,1,48000,0.4
Kaggle,kaggle_L_L_174.wav,kaggle_participant,1,48000,0.4
Kaggle,kaggle_L_L_175.wav,kaggle_participant,1,48000,0.4
Kaggle,kaggle_L_L_176.wav,kaggle_participant,1,48000,0.4
Kaggle,kaggle_L_L_177.wav,kaggle_participant,1,48000,0.4
Kaggle,kaggle_L_L_178.wav,kaggle_participant,1,48000,0.4
Kaggle,kaggle_L_L_179.wav,kaggle_participant,1,48000,0.4
Kaggle,kaggle_L_L_18.wav,kaggle_participant,1,48000,0.4000208333333333
Kaggle,kaggle_L_L_180.wav,kaggle_participant,1,48000,0.4
Kaggle,kaggle_L_L_181.wav,kaggle_participant,1,48000,0.4
Kaggle,kaggle_L_L_182.wav,kaggle_participant,1,48000,0.4
Kaggle,kaggle_L_L_183.wav,kaggle_participant,1,48000,0.4
Kaggle,kaggle_L_L_184.wav,kaggle_participant,1,48000,0.4
Kaggle,kaggle_L_L_185.wav,kaggle_participant,1,48000,0.4
Kaggle,kaggle_L_L_186.wav,kaggle_participant,1,48000,0.4
Kaggle,kaggle_L_L_187.wav,kaggle_participant,1,48000,0.4
Kaggle,kaggle_L_L_188.wav,kaggle_participant,1,48000,0.4
Kaggle,kaggle_L_L_189.wav,kaggle_participant,1,48000,0.4
Kaggle,kaggle_L_L_19.wav,kaggle_participant,1,48000,0.4
Kaggle,kaggle_L_L_190.wav,kaggle_participant,1,48000,0.4
Kaggle,kaggle_L_L_191.wav,kaggle_participant,1,48000,0.4
Kaggle,kaggle_L_L_192.wav,kaggle_participant,1,48000,0.4
Kaggle,kaggle_L_L_193.wav,kaggle_participant,1,48000,0.4
Kaggle,kaggle_L_L_194.wav,kaggle_participant,1,48000,0.4
Kaggle,kaggle_L_L_195.wav,kaggle_participant,1,48000,0.4
Kaggle,kaggle_L_L_196.wav,kaggle_participant,1,48000,0.4
Kaggle,kaggle_L_L_197.wav,kaggle_participant,1,48000,0.4
Kaggle,kaggle_L_L_198.wav,kaggle_participant,1,48000,0.4
Kaggle,kaggle_L_L_199.wav,kaggle_participant,1,48000,0.4
Kaggle,kaggle_L_L_2.wav,kaggle_participant,1,48000,0.4
Kaggle,kaggle_L_L_20.wav,kaggle_participant,1,48000,0.4000208333333333
Kaggle,kaggle_L_L_200.wav,kaggle_participant,1,48000,0.4
Kaggle,kaggle_L_L_201.wav,kaggle_participant,1,48000,0.4
Kaggle,kaggle_L_L_202.wav,kaggle_participant,1,48000,0.4
Kaggle,kaggle_L_L_203.wav,kaggle_participant,1,48000,0.4
Kaggle,kaggle_L_L_204.wav,kaggle_participant,1,48000,0.4
Kaggle,kaggle_L_L_205.wav,kaggle_participant,1,48000,0.4
Kaggle,kaggle_L_L_206.wav,kaggle_participant,1,48000,0.4
Kaggle,kaggle_L_L_207.wav,kaggle_participant,1,48000,0.4
Kaggle,kaggle_L_L_208.wav,kaggle_participant,1,48000,0.4
Kaggle,kaggle_L_L_209.wav,kaggle_participant,1,48000,0.4
Kaggle,kaggle_L_L_21.wav,kaggle_participant,1,48000,0.4
Kaggle,kaggle_L_L_210.wav,kaggle_participant,1,48000,0.4
Kaggle,kaggle_L_L_211.wav,kaggle_participant,1,48000,0.4
Kaggle,kaggle_L_L_212.wav,kaggle_participant,1,48000,0.4
Kaggle,kaggle_L_L_213.wav,kaggle_participant,1,48000,0.4
Kaggle,kaggle_L_L_214.wav,kaggle_participant,1,48000,0.4
Kaggle,kaggle_L_L_215.wav,kaggle_participant,1,48000,0.4
Kaggle,kaggle_L_L_216.wav,kaggle_participant,1,48000,0.4
Kaggle,kaggle_L_L_217.wav,kaggle_participant,1,48000,0.4
Kaggle,kaggle_L_L_218.wav,kaggle_participant,1,48000,0.4
Kaggle,kaggle_L_L_219.wav,kaggle_participant,1,48000,0.4
Kaggle,kaggle_L_L_22.wav,kaggle_participant,1,48000,0.4000208333333333
Kaggle,kaggle_L_L_220.wav,kaggle_participant,1,48000,0.4
Kaggle,kaggle_L_L_221.wav,kaggle_participant,1,48000,0.4
Kaggle,kaggle_L_L_222.wav,kaggle_participant,1,48000,0.4
Kaggle,kaggle_L_L_223.wav,kaggle_participant,1,48000,0.4
Kaggle,kaggle_L_L_224.wav,kaggle_participant,1,48000,0.4
Kaggle,kaggle_L_L_225.wav,kaggle_participant,1,48000,0.4
Kaggle,kaggle_L_L_226.wav,kaggle_participant,1,48000,0.4
Kaggle,kaggle_L_L_227.wav,kaggle_participant,1,48000,0.4
Kaggle,kaggle_L_L_228.wav,kaggle_participant,1,48000,0.4
Kaggle,kaggle_L_L_229.wav,kaggle_participant,1,48000,0.4
Kaggle,kaggle_L_L_23.wav,kaggle_participant,1,48000,0.4
Kaggle,kaggle_L_L_230.wav,kaggle_participant,1,48000,0.4
Kaggle,kaggle_L_L_231.wav,kaggle_participant,1,48000,0.4
Kaggle,kaggle_L_L_232.wav,kaggle_participant,1,48000,0.4
Kaggle,kaggle_L_L_233.wav,kaggle_participant,1,48000,0.4
Kaggle,kaggle_L_L_234.wav,kaggle_participant,1,48000,0.4
Kaggle,kaggle_L_L_235.wav,kaggle_participant,1,48000,0.4
Kaggle,kaggle_L_L_236.wav,kaggle_participant,1,48000,0.4
Kaggle,kaggle_L_L_237.wav,kaggle_participant,1,48000,0.4
Kaggle,kaggle_L_L_238.wav,kaggle_participant,1,48000,0.4
Kaggle,kaggle_L_L_239.wav,kaggle_participant,1,48000,0.4
Kaggle,kaggle_L_L_24.wav,kaggle_participant,1,48000,0.4
Kaggle,kaggle_L_L_240.wav,kaggle_participant,1,48000,0.4
Kaggle,kaggle_L_L_241.wav,kaggle_participant,1,48000,0.4
Kaggle,kaggle_L_L_242.wav,kaggle_participant,1,48000,0.4
Kaggle,kaggle_L_L_243.wav,kaggle_participant,1,48000,0.4
Kaggle,kaggle_L_L_244.wav,kaggle_participant,1,48000,0.4
Kaggle,kaggle_L_L_245.wav,kaggle_participant,1,48000,0.4
Kaggle,kaggle_L_L_246.wav,kaggle_participant,1,48000,0.4
Kaggle,kaggle_L_L_247.wav,kaggle_participant,1,48000,0.4
Kaggle,kaggle_L_L_248.wav,kaggle_participant,1,48000,0.4
Kaggle,kaggle_L_L_249.wav,kaggle_participant,1,48000,0.4
Kaggle,kaggle_L_L_25.wav,kaggle_participant,1,48000,0.4
Kaggle,kaggle_L_L_250.wav,kaggle_participant,1,48000,0.4
Kaggle,kaggle_L_L_251.wav,kaggle_participant,1,48000,0.4
Kaggle,kaggle_L_L_252.wav,kaggle_participant,1,48000,0.4
Kaggle,kaggle_L_L_253.wav,kaggle_participant,1,48000,0.4
Kaggle,kaggle_L_L_254.wav,kaggle_participant,1,48000,0.4
Kaggle,kaggle_L_L_255.wav,kaggle_participant,1,48000,0.4000208333333333
Kaggle,kaggle_L_L_256.wav,kaggle_participant,1,48000,0.4000208333333333
Kaggle,kaggle_L_L_257.wav,kaggle_participant,1,48000,0.4
Kaggle,kaggle_L_L_258.wav,kaggle_participant,1,48000,0.4
Kaggle,kaggle_L_L_259.wav,kaggle_participant,1,48000,0.4000208333333333
Kaggle,kaggle_L_L_26.wav,kaggle_participant,1,48000,0.4
Kaggle,kaggle_L_L_260.wav,kaggle_participant,1,48000,0.4000208333333333
Kaggle,kaggle_L_L_261.wav,kaggle_participant,1,48000,0.4000208333333333
Kaggle,kaggle_L_L_262.wav,kaggle_participant,1,48000,0.4
Kaggle,kaggle_L_L_263.wav,kaggle_participant,1,48000,0.4
Kaggle,kaggle_L_L_264.wav,kaggle_participant,1,48000,0.4000208333333333
Kaggle,kaggle_L_L_265.wav,kaggle_participant,1,48000,0.4000208333333333
Kaggle,kaggle_L_L_266.wav,kaggle_participant,1,48000,0.4
Kaggle,kaggle_L_L_267.wav,kaggle_participant,1,48000,0.4000208333333333
Kaggle,kaggle_L_L_268.wav,kaggle_participant,1,48000,0.4000208333333333
Kaggle,kaggle_L_L_269.wav,kaggle_participant,1,48000,0.4
Kaggle,kaggle_L_L_27.wav,kaggle_participant,1,48000,0.4
Kaggle,kaggle_L_L_270.wav,kaggle_participant,1,48000,0.4
Kaggle,kaggle_L_L_271.wav,kaggle_participant,1,48000,0.4
Kaggle,kaggle_L_L_272.wav,kaggle_participant,1,48000,0.4
Kaggle,kaggle_L_L_273.wav,kaggle_participant,1,48000,0.4000208333333333
Kaggle,kaggle_L_L_274.wav,kaggle_participant,1,48000,0.4
Kaggle,kaggle_L_L_275.wav,kaggle_participant,1,48000,0.4
Kaggle,kaggle_L_L_276.wav,kaggle_participant,1,48000,0.4
Kaggle,kaggle_L_L_277.wav,kaggle_participant,1,48000,0.4000208333333333
Kaggle,kaggle_L_L_278.wav,kaggle_participant,1,48000,0.4
Kaggle,kaggle_L_L_279.wav,kaggle_participant,1,48000,0.4
Kaggle,kaggle_L_L_28.wav,kaggle_participant,1,48000,0.4
Kaggle,kaggle_L_L_280.wav,kaggle_participant,1,48000,0.4000208333333333
Kaggle,kaggle_L_L_281.wav,kaggle_participant,1,48000,0.4
Kaggle,kaggle_L_L_282.wav,kaggle_participant,1,48000,0.4
Kaggle,kaggle_L_L_283.wav,kaggle_participant,1,48000,0.4
Kaggle,kaggle_L_L_284.wav,kaggle_participant,1,48000,0.4000208333333333
Kaggle,kaggle_L_L_285.wav,kaggle_participant,1,48000,0.4000208333333333
Kaggle,kaggle_L_L_286.wav,kaggle_participant,1,48000,0.10197916666666666
Kaggle,kaggle_L_L_29.wav,kaggle_participant,1,48000,0.4
Kaggle,kaggle_L_L_3.wav,kaggle_participant,1,48000,0.4
Kaggle,kaggle_L_L_30.wav,kaggle_participant,1,48000,0.4
Kaggle,kaggle_L_L_31.wav,kaggle_participant,1,48000,0.4
Kaggle,kaggle_L_L_32.wav,kaggle_participant,1,48000,0.4000208333333333
Kaggle,kaggle_L_L_33.wav,kaggle_participant,1,48000,0.4
Kaggle,kaggle_L_L_34.wav,kaggle_participant,1,48000,0.4
Kaggle,kaggle_L_L_35.wav,kaggle_participant,1,48000,0.39997916666666666
Kaggle,kaggle_L_L_36.wav,kaggle_participant,1,48000,0.4
Kaggle,kaggle_L_L_37.wav,kaggle_participant,1,48000,0.4
Kaggle,kaggle_L_L_38.wav,kaggle_participant,1,48000,0.4
Kaggle,kaggle_L_L_39.wav,kaggle_participant,1,48000,0.39997916666666666
Kaggle,kaggle_L_L_4.wav,kaggle_participant,1,48000,0.4
Kaggle,kaggle_L_L_40.wav,kaggle_participant,1,48000,0.4
Kaggle,kaggle_L_L_41.wav,kaggle_participant,1,48000,0.39997916666666666
Kaggle,kaggle_L_L_42.wav,kaggle_participant,1,48000,0.4
Kaggle,kaggle_L_L_43.wav,kaggle_participant,1,48000,0.4
Kaggle,kaggle_L_L_44.wav,kaggle_participant,1,48000,0.4
Kaggle,kaggle_L_L_45.wav,kaggle_participant,1,48000,0.4
Kaggle,kaggle_L_L_46.wav,kaggle_participant,1,48000,0.39997916666666666
Kaggle,kaggle_L_L_47.wav,kaggle_participant,1,48000,0.4
Kaggle,kaggle_L_L_48.wav,kaggle_participant,1,48000,0.4
Kaggle,kaggle_L_L_49.wav,kaggle_participant,1,48000,0.4
Kaggle,kaggle_L_L_5.wav,kaggle_participant,1,48000,0.4
Kaggle,kaggle_L_L_50.wav,kaggle_participant,1,48000,0.4
Kaggle,kaggle_L_L_51.wav,kaggle_participant,1,48000,0.4
Kaggle,kaggle_L_L_52.wav,kaggle_participant,1,48000,0.4
Kaggle,kaggle_L_L_53.wav,kaggle_participant,1,48000,0.4
Kaggle,kaggle_L_L_54.wav,kaggle_participant,1,48000,0.39997916666666666
Kaggle,kaggle_L_L_55.wav,kaggle_participant,1,48000,0.4
Kaggle,kaggle_L_L_56.wav,kaggle_participant,1,48000,0.4
Kaggle,kaggle_L_L_57.wav,kaggle_participant,1,48000,0.4
Kaggle,kaggle_L_L_58.wav,kaggle_participant,1,48000,0.4
Kaggle,kaggle_L_L_59.wav,kaggle_participant,1,48000,0.39997916666666666
Kaggle,kaggle_L_L_6.wav,kaggle_participant,1,48000,0.4
Kaggle,kaggle_L_L_60.wav,kaggle_participant,1,48000,0.4
Kaggle,kaggle_L_L_61.wav,kaggle_participant,1,48000,0.4
Kaggle,kaggle_L_L_62.wav,kaggle_participant,1,48000,0.39997916666666666
Kaggle,kaggle_L_L_63.wav,kaggle_participant,1,48000,0.4
Kaggle,kaggle_L_L_64.wav,kaggle_participant,1,48000,0.4
Kaggle,kaggle_L_L_65.wav,kaggle_participant,1,48000,0.4
Kaggle,kaggle_L_L_66.wav,kaggle_participant,1,48000,0.4
Kaggle,kaggle_L_L_67.wav,kaggle_participant,1,48000,0.4
Kaggle,kaggle_L_L_68.wav,kaggle_participant,1,48000,0.39997916666666666
Kaggle,kaggle_L_L_69.wav,kaggle_participant,1,48000,0.4
Kaggle,kaggle_L_L_7.wav,kaggle_participant,1,48000,0.4
Kaggle,kaggle_L_L_70.wav,kaggle_participant,1,48000,0.4
Kaggle,kaggle_L_L_71.wav,kaggle_participant,1,48000,0.39997916666666666
Kaggle,kaggle_L_L_72.wav,kaggle_participant,1,48000,0.39997916666666666
Kaggle,kaggle_L_L_73.wav,kaggle_participant,1,48000,0.39997916666666666
Kaggle,kaggle_L_L_74.wav,kaggle_participant,1,48000,0.4
Kaggle,kaggle_L_L_75.wav,kaggle_participant,1,48000,0.4
Kaggle,kaggle_L_L_76.wav,kaggle_participant,1,48000,0.39997916666666666
Kaggle,kaggle_L_L_77.wav,kaggle_participant,1,48000,0.4
Kaggle,kaggle_L_L_78.wav,kaggle_participant,1,48000,0.4
Kaggle,kaggle_L_L_79.wav,kaggle_participant,1,48000,0.39997916666666666
Kaggle,kaggle_L_L_8.wav,kaggle_participant,1,48000,0.4
Kaggle,kaggle_L_L_80.wav,kaggle_participant,1,48000,0.4
Kaggle,kaggle_L_L_81.wav,kaggle_participant,1,48000,0.39997916666666666
Kaggle,kaggle_L_L_82.wav,kaggle_participant,1,48000,0.39997916666666666
Kaggle,kaggle_L_L_83.wav,kaggle_participant,1,48000,0.4
Kaggle,kaggle_L_L_84.wav,kaggle_participant,1,48000,0.4
Kaggle,kaggle_L_L_85.wav,kaggle_participant,1,48000,0.4
Kaggle,kaggle_L_L_86.wav,kaggle_participant,1,48000,0.4
Kaggle,kaggle_L_L_87.wav,kaggle_participant,1,48000,0.4
Kaggle,kaggle_L_L_88.wav,kaggle_participant,1,48000,0.4
Kaggle,kaggle_L_L_89.wav,kaggle_participant,1,48000,0.4
Kaggle,kaggle_L_L_9.wav,kaggle_participant,1,48000,0.4
Kaggle,kaggle_L_L_90.wav,kaggle_participant,1,48000,0.4
Kaggle,kaggle_L_L_91.wav,kaggle_participant,1,48000,0.4
Kaggle,kaggle_L_L_92.wav,kaggle_participant,1,48000,0.4
Kaggle,kaggle_L_L_93.wav,kaggle_participant,1,48000,0.4
Kaggle,kaggle_L_L_94.wav,kaggle_participant,1,48000,0.4
Kaggle,kaggle_L_L_95.wav,kaggle_participant,1,48000,0.4
Kaggle,kaggle_L_L_96.wav,kaggle_participant,1,48000,0.4
Kaggle,kaggle_L_L_97.wav,kaggle_participant,1,48000,0.4
Kaggle,kaggle_L_L_98.wav,kaggle_participant,1,48000,0.4
Kaggle,kaggle_L_L_99.wav,kaggle_participant,1,48000,0.4
Kaggle,kaggle_M_M_1.wav,kaggle_participant,1,48000,0.4
Kaggle,kaggle_M_M_10.wav,kaggle_participant,1,48000,0.4
Kaggle,kaggle_M_M_100.wav,kaggle_participant,1,48000,0.4
Kaggle,kaggle_M_M_101.wav,kaggle_participant,1,48000,0.4
Kaggle,kaggle_M_M_102.wav,kaggle_participant,1,48000,0.4
Kaggle,kaggle_M_M_103.wav,kaggle_participant,1,48000,0.4
Kaggle,kaggle_M_M_104.wav,kaggle_participant,1,48000,0.4
Kaggle,kaggle_M_M_105.wav,kaggle_participant,1,48000,0.4
Kaggle,kaggle_M_M_106.wav,kaggle_participant,1,48000,0.4
Kaggle,kaggle_M_M_107.wav,kaggle_participant,1,48000,0.4
Kaggle,kaggle_M_M_108.wav,kaggle_participant,1,48000,0.4
Kaggle,kaggle_M_M_109.wav,kaggle_participant,1,48000,0.4
Kaggle,kaggle_M_M_11.wav,kaggle_participant,1,48000,0.4
Kaggle,kaggle_M_M_110.wav,kaggle_participant,1,48000,0.4
Kaggle,kaggle_M_M_111.wav,kaggle_participant,1,48000,0.4
Kaggle,kaggle_M_M_112.wav,kaggle_participant,1,48000,0.4
Kaggle,kaggle_M_M_113.wav,kaggle_participant,1,48000,0.4
Kaggle,kaggle_M_M_114.wav,kaggle_participant,1,48000,0.4
Kaggle,kaggle_M_M_115.wav,kaggle_participant,1,48000,0.4
Kaggle,kaggle_M_M_116.wav,kaggle_participant,1,48000,0.4
Kaggle,kaggle_M_M_117.wav,kaggle_participant,1,48000,0.4
Kaggle,kaggle_M_M_118.wav,kaggle_participant,1,48000,0.4
Kaggle,kaggle_M_M_119.wav,kaggle_participant,1,48000,0.4
Kaggle,kaggle_M_M_12.wav,kaggle_participant,1,48000,0.4
Kaggle,kaggle_M_M_120.wav,kaggle_participant,1,48000,0.4
Kaggle,kaggle_M_M_121.wav,kaggle_participant,1,48000,0.4
Kaggle,kaggle_M_M_122.wav,kaggle_participant,1,48000,0.4
Kaggle,kaggle_M_M_123.wav,kaggle_participant,1,48000,0.4
Kaggle,kaggle_M_M_124.wav,kaggle_participant,1,48000,0.4
Kaggle,kaggle_M_M_125.wav,kaggle_participant,1,48000,0.4
Kaggle,kaggle_M_M_126.wav,kaggle_participant,1,48000,0.4
Kaggle,kaggle_M_M_127.wav,kaggle_participant,1,48000,0.4
Kaggle,kaggle_M_M_128.wav,kaggle_participant,1,48000,0.4
Kaggle,kaggle_M_M_129.wav,kaggle_participant,1,48000,0.4
Kaggle,kaggle_M_M_13.wav,kaggle_participant,1,48000,0.4
Kaggle,kaggle_M_M_130.wav,kaggle_participant,1,48000,0.4
Kaggle,kaggle_M_M_131.wav,kaggle_participant,1,48000,0.4
Kaggle,kaggle_M_M_132.wav,kaggle_participant,1,48000,0.4
Kaggle,kaggle_M_M_133.wav,kaggle_participant,1,48000,0.4
Kaggle,kaggle_M_M_134.wav,kaggle_participant,1,48000,0.4
Kaggle,kaggle_M_M_135.wav,kaggle_participant,1,48000,0.4
Kaggle,kaggle_M_M_136.wav,kaggle_participant,1,48000,0.4
Kaggle,kaggle_M_M_137.wav,kaggle_participant,1,48000,0.4
Kaggle,kaggle_M_M_138.wav,kaggle_participant,1,48000,0.4
Kaggle,kaggle_M_M_139.wav,kaggle_participant,1,48000,0.4
Kaggle,kaggle_M_M_14.wav,kaggle_participant,1,48000,0.4
Kaggle,kaggle_M_M_140.wav,kaggle_participant,1,48000,0.4
Kaggle,kaggle_M_M_141.wav,kaggle_participant,1,48000,0.4
Kaggle,kaggle_M_M_142.wav,kaggle_participant,1,48000,0.4
Kaggle,kaggle_M_M_143.wav,kaggle_participant,1,48000,0.4
Kaggle,kaggle_M_M_144.wav,kaggle_participant,1,48000,0.4
Kaggle,kaggle_M_M_145.wav,kaggle_participant,1,48000,0.4
Kaggle,kaggle_M_M_146.wav,kaggle_participant,1,48000,0.4
Kaggle,kaggle_M_M_147.wav,kaggle_participant,1,48000,0.4
Kaggle,kaggle_M_M_148.wav,kaggle_participant,1,48000,0.4
Kaggle,kaggle_M_M_149.wav,kaggle_participant,1,48000,0.4
Kaggle,kaggle_M_M_15.wav,kaggle_participant,1,48000,0.4
Kaggle,kaggle_M_M_150.wav,kaggle_participant,1,48000,0.4
Kaggle,kaggle_M_M_151.wav,kaggle_participant,1,48000,0.4
Kaggle,kaggle_M_M_152.wav,kaggle_participant,1,48000,0.4
Kaggle,kaggle_M_M_153.wav,kaggle_participant,1,48000,0.4
Kaggle,kaggle_M_M_154.wav,kaggle_participant,1,48000,0.4
Kaggle,kaggle_M_M_155.wav,kaggle_participant,1,48000,0.4
Kaggle,kaggle_M_M_156.wav,kaggle_participant,1,48000,0.4
Kaggle,kaggle_M_M_157.wav,kaggle_participant,1,48000,0.4
Kaggle,kaggle_M_M_158.wav,kaggle_participant,1,48000,0.4
Kaggle,kaggle_M_M_159.wav,kaggle_participant,1,48000,0.4
Kaggle,kaggle_M_M_16.wav,kaggle_participant,1,48000,0.4
Kaggle,kaggle_M_M_160.wav,kaggle_participant,1,48000,0.4
Kaggle,kaggle_M_M_161.wav,kaggle_participant,1,48000,0.4
Kaggle,kaggle_M_M_162.wav,kaggle_participant,1,48000,0.4
Kaggle,kaggle_M_M_163.wav,kaggle_participant,1,48000,0.4
Kaggle,kaggle_M_M_164.wav,kaggle_participant,1,48000,0.4
Kaggle,kaggle_M_M_165.wav,kaggle_participant,1,48000,0.4
Kaggle,kaggle_M_M_166.wav,kaggle_participant,1,48000,0.4
Kaggle,kaggle_M_M_167.wav,kaggle_participant,1,48000,0.4
Kaggle,kaggle_M_M_168.wav,kaggle_participant,1,48000,0.4
Kaggle,kaggle_M_M_169.wav,kaggle_participant,1,48000,0.4
Kaggle,kaggle_M_M_17.wav,kaggle_participant,1,48000,0.4
Kaggle,kaggle_M_M_170.wav,kaggle_participant,1,48000,0.4
Kaggle,kaggle_M_M_171.wav,kaggle_participant,1,48000,0.4
Kaggle,kaggle_M_M_172.wav,kaggle_participant,1,48000,0.4
Kaggle,kaggle_M_M_173.wav,kaggle_participant,1,48000,0.4
Kaggle,kaggle_M_M_174.wav,kaggle_participant,1,48000,0.4
Kaggle,kaggle_M_M_175.wav,kaggle_participant,1,48000,0.4
Kaggle,kaggle_M_M_176.wav,kaggle_participant,1,48000,0.4
Kaggle,kaggle_M_M_177.wav,kaggle_participant,1,48000,0.4
Kaggle,kaggle_M_M_178.wav,kaggle_participant,1,48000,0.4
Kaggle,kaggle_M_M_179.wav,kaggle_participant,1,48000,0.4
Kaggle,kaggle_M_M_18.wav,kaggle_participant,1,48000,0.4
Kaggle,kaggle_M_M_180.wav,kaggle_participant,1,48000,0.4
Kaggle,kaggle_M_M_181.wav,kaggle_participant,1,48000,0.4
Kaggle,kaggle_M_M_182.wav,kaggle_participant,1,48000,0.4
Kaggle,kaggle_M_M_183.wav,kaggle_participant,1,48000,0.4
Kaggle,kaggle_M_M_184.wav,kaggle_participant,1,48000,0.4
Kaggle,kaggle_M_M_185.wav,kaggle_participant,1,48000,0.4
Kaggle,kaggle_M_M_186.wav,kaggle_participant,1,48000,0.4
Kaggle,kaggle_M_M_187.wav,kaggle_participant,1,48000,0.4
Kaggle,kaggle_M_M_188.wav,kaggle_participant,1,48000,0.4
Kaggle,kaggle_M_M_189.wav,kaggle_participant,1,48000,0.4
Kaggle,kaggle_M_M_19.wav,kaggle_participant,1,48000,0.4
Kaggle,kaggle_M_M_190.wav,kaggle_participant,1,48000,0.4
Kaggle,kaggle_M_M_191.wav,kaggle_participant,1,48000,0.4
Kaggle,kaggle_M_M_192.wav,kaggle_participant,1,48000,0.4
Kaggle,kaggle_M_M_193.wav,kaggle_participant,1,48000,0.4
Kaggle,kaggle_M_M_194.wav,kaggle_participant,1,48000,0.4
Kaggle,kaggle_M_M_195.wav,kaggle_participant,1,48000,0.4
Kaggle,kaggle_M_M_196.wav,kaggle_participant,1,48000,0.4
Kaggle,kaggle_M_M_197.wav,kaggle_participant,1,48000,0.4
Kaggle,kaggle_M_M_198.wav,kaggle_participant,1,48000,0.4
Kaggle,kaggle_M_M_199.wav,kaggle_participant,1,48000,0.4
Kaggle,kaggle_M_M_2.wav,kaggle_participant,1,48000,0.4
Kaggle,kaggle_M_M_20.wav,kaggle_participant,1,48000,0.4
Kaggle,kaggle_M_M_200.wav,kaggle_participant,1,48000,0.4
Kaggle,kaggle_M_M_201.wav,kaggle_participant,1,48000,0.4
Kaggle,kaggle_M_M_202.wav,kaggle_participant,1,48000,0.4
Kaggle,kaggle_M_M_203.wav,kaggle_participant,1,48000,0.4
Kaggle,kaggle_M_M_204.wav,kaggle_participant,1,48000,0.4
Kaggle,kaggle_M_M_205.wav,kaggle_participant,1,48000,0.4
Kaggle,kaggle_M_M_206.wav,kaggle_participant,1,48000,0.4
Kaggle,kaggle_M_M_207.wav,kaggle_participant,1,48000,0.4
Kaggle,kaggle_M_M_208.wav,kaggle_participant,1,48000,0.4
Kaggle,kaggle_M_M_209.wav,kaggle_participant,1,48000,0.4
Kaggle,kaggle_M_M_21.wav,kaggle_participant,1,48000,0.4
Kaggle,kaggle_M_M_210.wav,kaggle_participant,1,48000,0.4
Kaggle,kaggle_M_M_211.wav,kaggle_participant,1,48000,0.4
Kaggle,kaggle_M_M_212.wav,kaggle_participant,1,48000,0.4
Kaggle,kaggle_M_M_213.wav,kaggle_participant,1,48000,0.4
Kaggle,kaggle_M_M_214.wav,kaggle_participant,1,48000,0.4
Kaggle,kaggle_M_M_215.wav,kaggle_participant,1,48000,0.4
Kaggle,kaggle_M_M_216.wav,kaggle_participant,1,48000,0.4
Kaggle,kaggle_M_M_217.wav,kaggle_participant,1,48000,0.4
Kaggle,kaggle_M_M_218.wav,kaggle_participant,1,48000,0.4
Kaggle,kaggle_M_M_219.wav,kaggle_participant,1,48000,0.4
Kaggle,kaggle_M_M_22.wav,kaggle_participant,1,48000,0.4000208333333333
Kaggle,kaggle_M_M_220.wav,kaggle_participant,1,48000,0.4
Kaggle,kaggle_M_M_221.wav,kaggle_participant,1,48000,0.4
Kaggle,kaggle_M_M_222.wav,kaggle_participant,1,48000,0.4
Kaggle,kaggle_M_M_223.wav,kaggle_participant,1,48000,0.4
Kaggle,kaggle_M_M_224.wav,kaggle_participant,1,48000,0.4
Kaggle,kaggle_M_M_225.wav,kaggle_participant,1,48000,0.4
Kaggle,kaggle_M_M_226.wav,kaggle_participant,1,48000,0.4
Kaggle,kaggle_M_M_227.wav,kaggle_participant,1,48000,0.4
Kaggle,kaggle_M_M_228.wav,kaggle_participant,1,48000,0.4
Kaggle,kaggle_M_M_229.wav,kaggle_participant,1,48000,0.4
Kaggle,kaggle_M_M_23.wav,kaggle_participant,1,48000,0.4000208333333333
Kaggle,kaggle_M_M_230.wav,kaggle_participant,1,48000,0.4
Kaggle,kaggle_M_M_231.wav,kaggle_participant,1,48000,0.4
Kaggle,kaggle_M_M_232.wav,kaggle_participant,1,48000,0.4
Kaggle,kaggle_M_M_233.wav,kaggle_participant,1,48000,0.4
Kaggle,kaggle_M_M_234.wav,kaggle_participant,1,48000,0.4
Kaggle,kaggle_M_M_235.wav,kaggle_participant,1,48000,0.4
Kaggle,kaggle_M_M_236.wav,kaggle_participant,1,48000,0.4
Kaggle,kaggle_M_M_237.wav,kaggle_participant,1,48000,0.4
Kaggle,kaggle_M_M_238.wav,kaggle_participant,1,48000,0.4
Kaggle,kaggle_M_M_239.wav,kaggle_participant,1,48000,0.4
Kaggle,kaggle_M_M_24.wav,kaggle_participant,1,48000,0.4000208333333333
Kaggle,kaggle_M_M_240.wav,kaggle_participant,1,48000,0.4
Kaggle,kaggle_M_M_241.wav,kaggle_participant,1,48000,0.4
Kaggle,kaggle_M_M_242.wav,kaggle_participant,1,48000,0.4
Kaggle,kaggle_M_M_243.wav,kaggle_participant,1,48000,0.4
Kaggle,kaggle_M_M_244.wav,kaggle_participant,1,48000,0.4
Kaggle,kaggle_M_M_245.wav,kaggle_participant,1,48000,0.4
Kaggle,kaggle_M_M_246.wav,kaggle_participant,1,48000,0.4
Kaggle,kaggle_M_M_247.wav,kaggle_participant,1,48000,0.4
Kaggle,kaggle_M_M_248.wav,kaggle_participant,1,48000,0.4
Kaggle,kaggle_M_M_249.wav,kaggle_participant,1,48000,0.4
Kaggle,kaggle_M_M_25.wav,kaggle_participant,1,48000,0.4
Kaggle,kaggle_M_M_250.wav,kaggle_participant,1,48000,0.4
Kaggle,kaggle_M_M_251.wav,kaggle_participant,1,48000,0.4
Kaggle,kaggle_M_M_252.wav,kaggle_participant,1,48000,0.4
Kaggle,kaggle_M_M_253.wav,kaggle_participant,1,48000,0.4
Kaggle,kaggle_M_M_254.wav,kaggle_participant,1,48000,0.4
Kaggle,kaggle_M_M_255.wav,kaggle_participant,1,48000,0.4
Kaggle,kaggle_M_M_256.wav,kaggle_participant,1,48000,0.4
Kaggle,kaggle_M_M_257.wav,kaggle_participant,1,48000,0.4
Kaggle,kaggle_M_M_258.wav,kaggle_participant,1,48000,0.4
Kaggle,kaggle_M_M_259.wav,kaggle_participant,1,48000,0.4
Kaggle,kaggle_M_M_26.wav,kaggle_participant,1,48000,0.4
Kaggle,kaggle_M_M_260.wav,kaggle_participant,1,48000,0.4
Kaggle,kaggle_M_M_261.wav,kaggle_participant,1,48000,0.4
Kaggle,kaggle_M_M_262.wav,kaggle_participant,1,48000,0.4
Kaggle,kaggle_M_M_263.wav,kaggle_participant,1,48000,0.4
Kaggle,kaggle_M_M_264.wav,kaggle_participant,1,48000,0.4
Kaggle,kaggle_M_M_265.wav,kaggle_participant,1,48000,0.4
Kaggle,kaggle_M_M_266.wav,kaggle_participant,1,48000,0.4000208333333333
Kaggle,kaggle_M_M_267.wav,kaggle_participant,1,48000,0.4000208333333333
Kaggle,kaggle_M_M_268.wav,kaggle_participant,1,48000,0.4000208333333333
Kaggle,kaggle_M_M_269.wav,kaggle_participant,1,48000,0.4
Kaggle,kaggle_M_M_27.wav,kaggle_participant,1,48000,0.4
Kaggle,kaggle_M_M_270.wav,kaggle_participant,1,48000,0.4000208333333333
Kaggle,kaggle_M_M_271.wav,kaggle_participant,1,48000,0.4000208333333333
Kaggle,kaggle_M_M_272.wav,kaggle_participant,1,48000,0.4000208333333333
Kaggle,kaggle_M_M_273.wav,kaggle_participant,1,48000,0.4000208333333333
Kaggle,kaggle_M_M_274.wav,kaggle_participant,1,48000,0.4000208333333333
Kaggle,kaggle_M_M_275.wav,kaggle_participant,1,48000,0.4000208333333333
Kaggle,kaggle_M_M_276.wav,kaggle_participant,1,48000,0.4
Kaggle,kaggle_M_M_277.wav,kaggle_participant,1,48000,0.4
Kaggle,kaggle_M_M_278.wav,kaggle_participant,1,48000,0.4000208333333333
Kaggle,kaggle_M_M_279.wav,kaggle_participant,1,48000,0.4
Kaggle,kaggle_M_M_28.wav,kaggle_participant,1,48000,0.4
Kaggle,kaggle_M_M_280.wav,kaggle_participant,1,48000,0.4
Kaggle,kaggle_M_M_281.wav,kaggle_participant,1,48000,0.4000208333333333
Kaggle,kaggle_M_M_282.wav,kaggle_participant,1,48000,0.4000208333333333
Kaggle,kaggle_M_M_283.wav,kaggle_participant,1,48000,0.4000208333333333
Kaggle,kaggle_M_M_284.wav,kaggle_participant,1,48000,0.4000208333333333
Kaggle,kaggle_M_M_285.wav,kaggle_participant,1,48000,0.4000208333333333
Kaggle,kaggle_M_M_286.wav,kaggle_participant,1,48000,0.4
Kaggle,kaggle_M_M_287.wav,kaggle_participant,1,48000,0.4000208333333333
Kaggle,kaggle_M_M_288.wav,kaggle_participant,1,48000,0.4
Kaggle,kaggle_M_M_289.wav,kaggle_participant,1,48000,0.4
Kaggle,kaggle_M_M_29.wav,kaggle_participant,1,48000,0.4000208333333333
Kaggle,kaggle_M_M_290.wav,kaggle_participant,1,48000,0.4
Kaggle,kaggle_M_M_291.wav,kaggle_participant,1,48000,0.4
Kaggle,kaggle_M_M_292.wav,kaggle_participant,1,48000,0.4
Kaggle,kaggle_M_M_293.wav,kaggle_participant,1,48000,0.4000208333333333
Kaggle,kaggle_M_M_294.wav,kaggle_participant,1,48000,0.4
Kaggle,kaggle_M_M_295.wav,kaggle_participant,1,48000,0.4000208333333333
Kaggle,kaggle_M_M_296.wav,kaggle_participant,1,48000,0.4000208333333333
Kaggle,kaggle_M_M_297.wav,kaggle_participant,1,48000,0.4
Kaggle,kaggle_M_M_298.wav,kaggle_participant,1,48000,0.4000208333333333
Kaggle,kaggle_M_M_299.wav,kaggle_participant,1,48000,0.4000208333333333
Kaggle,kaggle_M_M_3.wav,kaggle_participant,1,48000,0.4
Kaggle,kaggle_M_M_30.wav,kaggle_participant,1,48000,0.4
Kaggle,kaggle_M_M_300.wav,kaggle_participant,1,48000,0.4000208333333333
Kaggle,kaggle_M_M_301.wav,kaggle_participant,1,48000,0.4
Kaggle,kaggle_M_M_302.wav,kaggle_participant,1,48000,0.4
Kaggle,kaggle_M_M_303.wav,kaggle_participant,1,48000,0.4000208333333333
Kaggle,kaggle_M_M_304.wav,kaggle_participant,1,48000,0.4000208333333333
Kaggle,kaggle_M_M_305.wav,kaggle_participant,1,48000,0.4000208333333333
Kaggle,kaggle_M_M_306.wav,kaggle_participant,1,48000,0.4
Kaggle,kaggle_M_M_307.wav,kaggle_participant,1,48000,0.4000208333333333
Kaggle,kaggle_M_M_308.wav,kaggle_participant,1,48000,0.4000208333333333
Kaggle,kaggle_M_M_31.wav,kaggle_participant,1,48000,0.4
Kaggle,kaggle_M_M_32.wav,kaggle_participant,1,48000,0.4
Kaggle,kaggle_M_M_33.wav,kaggle_participant,1,48000,0.4
Kaggle,kaggle_M_M_34.wav,kaggle_participant,1,48000,0.4
Kaggle,kaggle_M_M_35.wav,kaggle_participant,1,48000,0.4
Kaggle,kaggle_M_M_36.wav,kaggle_participant,1,48000,0.4
Kaggle,kaggle_M_M_37.wav,kaggle_participant,1,48000,0.4
Kaggle,kaggle_M_M_38.wav,kaggle_participant,1,48000,0.4
Kaggle,kaggle_M_M_39.wav,kaggle_participant,1,48000,0.4
Kaggle,kaggle_M_M_4.wav,kaggle_participant,1,48000,0.4
Kaggle,kaggle_M_M_40.wav,kaggle_participant,1,48000,0.4
Kaggle,kaggle_M_M_41.wav,kaggle_participant,1,48000,0.4
Kaggle,kaggle_M_M_42.wav,kaggle_participant,1,48000,0.4
Kaggle,kaggle_M_M_43.wav,kaggle_participant,1,48000,0.39997916666666666
Kaggle,kaggle_M_M_44.wav,kaggle_participant,1,48000,0.4
Kaggle,kaggle_M_M_45.wav,kaggle_participant,1,48000,0.4
Kaggle,kaggle_M_M_46.wav,kaggle_participant,1,48000,0.4
Kaggle,kaggle_M_M_47.wav,kaggle_participant,1,48000,0.4
Kaggle,kaggle_M_M_48.wav,kaggle_participant,1,48000,0.4
Kaggle,kaggle_M_M_49.wav,kaggle_participant,1,48000,0.4
Kaggle,kaggle_M_M_5.wav,kaggle_participant,1,48000,0.4
Kaggle,kaggle_M_M_50.wav,kaggle_participant,1,48000,0.4
Kaggle,kaggle_M_M_51.wav,kaggle_participant,1,48000,0.39997916666666666
Kaggle,kaggle_M_M_52.wav,kaggle_participant,1,48000,0.4
Kaggle,kaggle_M_M_53.wav,kaggle_participant,1,48000,0.4
Kaggle,kaggle_M_M_54.wav,kaggle_participant,1,48000,0.4
Kaggle,kaggle_M_M_55.wav,kaggle_participant,1,48000,0.4
Kaggle,kaggle_M_M_56.wav,kaggle_participant,1,48000,0.4
Kaggle,kaggle_M_M_57.wav,kaggle_participant,1,48000,0.39997916666666666
Kaggle,kaggle_M_M_58.wav,kaggle_participant,1,48000,0.4
Kaggle,kaggle_M_M_59.wav,kaggle_participant,1,48000,0.4
Kaggle,kaggle_M_M_6.wav,kaggle_participant,1,48000,0.39997916666666666
Kaggle,kaggle_M_M_60.wav,kaggle_participant,1,48000,0.4
Kaggle,kaggle_M_M_61.wav,kaggle_participant,1,48000,0.4
Kaggle,kaggle_M_M_62.wav,kaggle_participant,1,48000,0.39997916666666666
Kaggle,kaggle_M_M_63.wav,kaggle_participant,1,48000,0.4
Kaggle,kaggle_M_M_64.wav,kaggle_participant,1,48000,0.4
Kaggle,kaggle_M_M_65.wav,kaggle_participant,1,48000,0.39997916666666666
Kaggle,kaggle_M_M_66.wav,kaggle_participant,1,48000,0.4
Kaggle,kaggle_M_M_67.wav,kaggle_participant,1,48000,0.4
Kaggle,kaggle_M_M_68.wav,kaggle_participant,1,48000,0.4
Kaggle,kaggle_M_M_69.wav,kaggle_participant,1,48000,0.4
Kaggle,kaggle_M_M_7.wav,kaggle_participant,1,48000,0.4
Kaggle,kaggle_M_M_70.wav,kaggle_participant,1,48000,0.4
Kaggle,kaggle_M_M_71.wav,kaggle_participant,1,48000,0.4
Kaggle,kaggle_M_M_72.wav,kaggle_participant,1,48000,0.39997916666666666
Kaggle,kaggle_M_M_73.wav,kaggle_participant,1,48000,0.39997916666666666
Kaggle,kaggle_M_M_74.wav,kaggle_participant,1,48000,0.4
Kaggle,kaggle_M_M_75.wav,kaggle_participant,1,48000,0.4
Kaggle,kaggle_M_M_76.wav,kaggle_participant,1,48000,0.39997916666666666
Kaggle,kaggle_M_M_77.wav,kaggle_participant,1,48000,0.39997916666666666
Kaggle,kaggle_M_M_78.wav,kaggle_participant,1,48000,0.39997916666666666
Kaggle,kaggle_M_M_79.wav,kaggle_participant,1,48000,0.4
Kaggle,kaggle_M_M_8.wav,kaggle_participant,1,48000,0.4
Kaggle,kaggle_M_M_80.wav,kaggle_participant,1,48000,0.39997916666666666
Kaggle,kaggle_M_M_81.wav,kaggle_participant,1,48000,0.4
Kaggle,kaggle_M_M_82.wav,kaggle_participant,1,48000,0.4
Kaggle,kaggle_M_M_83.wav,kaggle_participant,1,48000,0.4
Kaggle,kaggle_M_M_84.wav,kaggle_participant,1,48000,0.4
Kaggle,kaggle_M_M_85.wav,kaggle_participant,1,48000,0.4
Kaggle,kaggle_M_M_86.wav,kaggle_participant,1,48000,0.39997916666666666
Kaggle,kaggle_M_M_87.wav,kaggle_participant,1,48000,0.4
Kaggle,kaggle_M_M_88.wav,kaggle_participant,1,48000,0.39997916666666666
Kaggle,kaggle_M_M_89.wav,kaggle_participant,1,48000,0.39997916666666666
Kaggle,kaggle_M_M_9.wav,kaggle_participant,1,48000,0.4
Kaggle,kaggle_M_M_90.wav,kaggle_participant,1,48000,0.4
Kaggle,kaggle_M_M_91.wav,kaggle_participant,1,48000,0.39997916666666666
Kaggle,kaggle_M_M_92.wav,kaggle_participant,1,48000,0.39997916666666666
Kaggle,kaggle_M_M_93.wav,kaggle_participant,1,48000,0.4
Kaggle,kaggle_M_M_94.wav,kaggle_participant,1,48000,0.4
Kaggle,kaggle_M_M_95.wav,kaggle_participant,1,48000,0.4
Kaggle,kaggle_M_M_96.wav,kaggle_participant,1,48000,0.39997916666666666
Kaggle,kaggle_M_M_97.wav,kaggle_participant,1,48000,0.4
Kaggle,kaggle_M_M_98.wav,kaggle_participant,1,48000,0.4
Kaggle,kaggle_M_M_99.wav,kaggle_participant,1,48000,0.4
Kaggle,kaggle_N_N_1.wav,kaggle_participant,1,48000,0.4
Kaggle,kaggle_N_N_10.wav,kaggle_participant,1,48000,0.4
Kaggle,kaggle_N_N_100.wav,kaggle_participant,1,48000,0.4
Kaggle,kaggle_N_N_101.wav,kaggle_participant,1,48000,0.4
Kaggle,kaggle_N_N_102.wav,kaggle_participant,1,48000,0.4
Kaggle,kaggle_N_N_103.wav,kaggle_participant,1,48000,0.4
Kaggle,kaggle_N_N_104.wav,kaggle_participant,1,48000,0.4
Kaggle,kaggle_N_N_105.wav,kaggle_participant,1,48000,0.4
Kaggle,kaggle_N_N_106.wav,kaggle_participant,1,48000,0.4
Kaggle,kaggle_N_N_107.wav,kaggle_participant,1,48000,0.4
Kaggle,kaggle_N_N_108.wav,kaggle_participant,1,48000,0.4
Kaggle,kaggle_N_N_109.wav,kaggle_participant,1,48000,0.4
Kaggle,kaggle_N_N_11.wav,kaggle_participant,1,48000,0.4
Kaggle,kaggle_N_N_110.wav,kaggle_participant,1,48000,0.4
Kaggle,kaggle_N_N_111.wav,kaggle_participant,1,48000,0.4
Kaggle,kaggle_N_N_112.wav,kaggle_participant,1,48000,0.4
Kaggle,kaggle_N_N_113.wav,kaggle_participant,1,48000,0.4
Kaggle,kaggle_N_N_114.wav,kaggle_participant,1,48000,0.4
Kaggle,kaggle_N_N_115.wav,kaggle_participant,1,48000,0.4
Kaggle,kaggle_N_N_116.wav,kaggle_participant,1,48000,0.4
Kaggle,kaggle_N_N_117.wav,kaggle_participant,1,48000,0.4
Kaggle,kaggle_N_N_118.wav,kaggle_participant,1,48000,0.4
Kaggle,kaggle_N_N_119.wav,kaggle_participant,1,48000,0.4
Kaggle,kaggle_N_N_12.wav,kaggle_participant,1,48000,0.4
Kaggle,kaggle_N_N_120.wav,kaggle_participant,1,48000,0.4
Kaggle,kaggle_N_N_121.wav,kaggle_participant,1,48000,0.4
Kaggle,kaggle_N_N_122.wav,kaggle_participant,1,48000,0.4
Kaggle,kaggle_N_N_123.wav,kaggle_participant,1,48000,0.4
Kaggle,kaggle_N_N_124.wav,kaggle_participant,1,48000,0.4
Kaggle,kaggle_N_N_125.wav,kaggle_participant,1,48000,0.4
Kaggle,kaggle_N_N_126.wav,kaggle_participant,1,48000,0.4
Kaggle,kaggle_N_N_127.wav,kaggle_participant,1,48000,0.4
Kaggle,kaggle_N_N_128.wav,kaggle_participant,1,48000,0.4
Kaggle,kaggle_N_N_129.wav,kaggle_participant,1,48000,0.4
Kaggle,kaggle_N_N_13.wav,kaggle_participant,1,48000,0.4
Kaggle,kaggle_N_N_130.wav,kaggle_participant,1,48000,0.4
Kaggle,kaggle_N_N_131.wav,kaggle_participant,1,48000,0.4
Kaggle,kaggle_N_N_132.wav,kaggle_participant,1,48000,0.4
Kaggle,kaggle_N_N_133.wav,kaggle_participant,1,48000,0.4
Kaggle,kaggle_N_N_134.wav,kaggle_participant,1,48000,0.4
Kaggle,kaggle_N_N_135.wav,kaggle_participant,1,48000,0.4
Kaggle,kaggle_N_N_136.wav,kaggle_participant,1,48000,0.4
Kaggle,kaggle_N_N_137.wav,kaggle_participant,1,48000,0.4
Kaggle,kaggle_N_N_138.wav,kaggle_participant,1,48000,0.4
Kaggle,kaggle_N_N_139.wav,kaggle_participant,1,48000,0.4
Kaggle,kaggle_N_N_14.wav,kaggle_participant,1,48000,0.4
Kaggle,kaggle_N_N_140.wav,kaggle_participant,1,48000,0.4
Kaggle,kaggle_N_N_141.wav,kaggle_participant,1,48000,0.4
Kaggle,kaggle_N_N_142.wav,kaggle_participant,1,48000,0.4
Kaggle,kaggle_N_N_143.wav,kaggle_participant,1,48000,0.4
Kaggle,kaggle_N_N_144.wav,kaggle_participant,1,48000,0.4
Kaggle,kaggle_N_N_145.wav,kaggle_participant,1,48000,0.4
Kaggle,kaggle_N_N_146.wav,kaggle_participant,1,48000,0.4
Kaggle,kaggle_N_N_147.wav,kaggle_participant,1,48000,0.4
Kaggle,kaggle_N_N_148.wav,kaggle_participant,1,48000,0.4
Kaggle,kaggle_N_N_149.wav,kaggle_participant,1,48000,0.4
Kaggle,kaggle_N_N_15.wav,kaggle_participant,1,48000,0.4
Kaggle,kaggle_N_N_150.wav,kaggle_participant,1,48000,0.4
Kaggle,kaggle_N_N_151.wav,kaggle_participant,1,48000,0.4
Kaggle,kaggle_N_N_152.wav,kaggle_participant,1,48000,0.4
Kaggle,kaggle_N_N_153.wav,kaggle_participant,1,48000,0.4
Kaggle,kaggle_N_N_154.wav,kaggle_participant,1,48000,0.4
Kaggle,kaggle_N_N_155.wav,kaggle_participant,1,48000,0.4
Kaggle,kaggle_N_N_156.wav,kaggle_participant,1,48000,0.4
Kaggle,kaggle_N_N_157.wav,kaggle_participant,1,48000,0.4
Kaggle,kaggle_N_N_158.wav,kaggle_participant,1,48000,0.4
Kaggle,kaggle_N_N_159.wav,kaggle_participant,1,48000,0.4
Kaggle,kaggle_N_N_16.wav,kaggle_participant,1,48000,0.4000208333333333
Kaggle,kaggle_N_N_160.wav,kaggle_participant,1,48000,0.4
Kaggle,kaggle_N_N_161.wav,kaggle_participant,1,48000,0.4
Kaggle,kaggle_N_N_162.wav,kaggle_participant,1,48000,0.4
Kaggle,kaggle_N_N_163.wav,kaggle_participant,1,48000,0.4
Kaggle,kaggle_N_N_164.wav,kaggle_participant,1,48000,0.4
Kaggle,kaggle_N_N_165.wav,kaggle_participant,1,48000,0.4
Kaggle,kaggle_N_N_166.wav,kaggle_participant,1,48000,0.4
Kaggle,kaggle_N_N_167.wav,kaggle_participant,1,48000,0.4
Kaggle,kaggle_N_N_168.wav,kaggle_participant,1,48000,0.4
Kaggle,kaggle_N_N_169.wav,kaggle_participant,1,48000,0.4
Kaggle,kaggle_N_N_17.wav,kaggle_participant,1,48000,0.4000208333333333
Kaggle,kaggle_N_N_170.wav,kaggle_participant,1,48000,0.4
Kaggle,kaggle_N_N_171.wav,kaggle_participant,1,48000,0.4
Kaggle,kaggle_N_N_172.wav,kaggle_participant,1,48000,0.4
Kaggle,kaggle_N_N_173.wav,kaggle_participant,1,48000,0.4
Kaggle,kaggle_N_N_174.wav,kaggle_participant,1,48000,0.4
Kaggle,kaggle_N_N_175.wav,kaggle_participant,1,48000,0.4
Kaggle,kaggle_N_N_176.wav,kaggle_participant,1,48000,0.4
Kaggle,kaggle_N_N_177.wav,kaggle_participant,1,48000,0.4
Kaggle,kaggle_N_N_178.wav,kaggle_participant,1,48000,0.4
Kaggle,kaggle_N_N_179.wav,kaggle_participant,1,48000,0.4
Kaggle,kaggle_N_N_18.wav,kaggle_participant,1,48000,0.4
Kaggle,kaggle_N_N_180.wav,kaggle_participant,1,48000,0.4
Kaggle,kaggle_N_N_181.wav,kaggle_participant,1,48000,0.4
Kaggle,kaggle_N_N_182.wav,kaggle_participant,1,48000,0.4
Kaggle,kaggle_N_N_183.wav,kaggle_participant,1,48000,0.4
Kaggle,kaggle_N_N_184.wav,kaggle_participant,1,48000,0.4
Kaggle,kaggle_N_N_185.wav,kaggle_participant,1,48000,0.4
Kaggle,kaggle_N_N_186.wav,kaggle_participant,1,48000,0.4
Kaggle,kaggle_N_N_187.wav,kaggle_participant,1,48000,0.4
Kaggle,kaggle_N_N_188.wav,kaggle_participant,1,48000,0.4
Kaggle,kaggle_N_N_189.wav,kaggle_participant,1,48000,0.4
Kaggle,kaggle_N_N_19.wav,kaggle_participant,1,48000,0.4
Kaggle,kaggle_N_N_190.wav,kaggle_participant,1,48000,0.4
Kaggle,kaggle_N_N_191.wav,kaggle_participant,1,48000,0.4
Kaggle,kaggle_N_N_192.wav,kaggle_participant,1,48000,0.4
Kaggle,kaggle_N_N_193.wav,kaggle_participant,1,48000,0.4
Kaggle,kaggle_N_N_194.wav,kaggle_participant,1,48000,0.4
Kaggle,kaggle_N_N_195.wav,kaggle_participant,1,48000,0.4
Kaggle,kaggle_N_N_196.wav,kaggle_participant,1,48000,0.4
Kaggle,kaggle_N_N_197.wav,kaggle_participant,1,48000,0.4
Kaggle,kaggle_N_N_198.wav,kaggle_participant,1,48000,0.4
Kaggle,kaggle_N_N_199.wav,kaggle_participant,1,48000,0.4
Kaggle,kaggle_N_N_2.wav,kaggle_participant,1,48000,0.4000208333333333
Kaggle,kaggle_N_N_20.wav,kaggle_participant,1,48000,0.4
Kaggle,kaggle_N_N_200.wav,kaggle_participant,1,48000,0.4
Kaggle,kaggle_N_N_201.wav,kaggle_participant,1,48000,0.4
Kaggle,kaggle_N_N_202.wav,kaggle_participant,1,48000,0.4
Kaggle,kaggle_N_N_203.wav,kaggle_participant,1,48000,0.4
Kaggle,kaggle_N_N_204.wav,kaggle_participant,1,48000,0.4
Kaggle,kaggle_N_N_205.wav,kaggle_participant,1,48000,0.4
Kaggle,kaggle_N_N_206.wav,kaggle_participant,1,48000,0.4
Kaggle,kaggle_N_N_207.wav,kaggle_participant,1,48000,0.4
Kaggle,kaggle_N_N_208.wav,kaggle_participant,1,48000,0.4
Kaggle,kaggle_N_N_209.wav,kaggle_participant,1,48000,0.4
Kaggle,kaggle_N_N_21.wav,kaggle_participant,1,48000,0.4000208333333333
Kaggle,kaggle_N_N_210.wav,kaggle_participant,1,48000,0.4
Kaggle,kaggle_N_N_211.wav,kaggle_participant,1,48000,0.4
Kaggle,kaggle_N_N_212.wav,kaggle_participant,1,48000,0.4
Kaggle,kaggle_N_N_213.wav,kaggle_participant,1,48000,0.4
Kaggle,kaggle_N_N_214.wav,kaggle_participant,1,48000,0.4
Kaggle,kaggle_N_N_215.wav,kaggle_participant,1,48000,0.4
Kaggle,kaggle_N_N_216.wav,kaggle_participant,1,48000,0.4
Kaggle,kaggle_N_N_217.wav,kaggle_participant,1,48000,0.4
Kaggle,kaggle_N_N_218.wav,kaggle_participant,1,48000,0.4
Kaggle,kaggle_N_N_219.wav,kaggle_participant,1,48000,0.4
Kaggle,kaggle_N_N_22.wav,kaggle_participant,1,48000,0.4
Kaggle,kaggle_N_N_220.wav,kaggle_participant,1,48000,0.4
Kaggle,kaggle_N_N_221.wav,kaggle_participant,1,48000,0.4
Kaggle,kaggle_N_N_222.wav,kaggle_participant,1,48000,0.4
Kaggle,kaggle_N_N_223.wav,kaggle_participant,1,48000,0.4
Kaggle,kaggle_N_N_224.wav,kaggle_participant,1,48000,0.4
Kaggle,kaggle_N_N_225.wav,kaggle_participant,1,48000,0.4
Kaggle,kaggle_N_N_226.wav,kaggle_participant,1,48000,0.4
Kaggle,kaggle_N_N_227.wav,kaggle_participant,1,48000,0.4
Kaggle,kaggle_N_N_228.wav,kaggle_participant,1,48000,0.4
Kaggle,kaggle_N_N_229.wav,kaggle_participant,1,48000,0.4
Kaggle,kaggle_N_N_23.wav,kaggle_participant,1,48000,0.4000208333333333
Kaggle,kaggle_N_N_230.wav,kaggle_participant,1,48000,0.4
Kaggle,kaggle_N_N_231.wav,kaggle_participant,1,48000,0.4
Kaggle,kaggle_N_N_232.wav,kaggle_participant,1,48000,0.4
Kaggle,kaggle_N_N_233.wav,kaggle_participant,1,48000,0.4
Kaggle,kaggle_N_N_234.wav,kaggle_participant,1,48000,0.4
Kaggle,kaggle_N_N_235.wav,kaggle_participant,1,48000,0.4
Kaggle,kaggle_N_N_236.wav,kaggle_participant,1,48000,0.4
Kaggle,kaggle_N_N_237.wav,kaggle_participant,1,48000,0.4
Kaggle,kaggle_N_N_238.wav,kaggle_participant,1,48000,0.4
Kaggle,kaggle_N_N_239.wav,kaggle_participant,1,48000,0.4
Kaggle,kaggle_N_N_24.wav,kaggle_participant,1,48000,0.4
Kaggle,kaggle_N_N_240.wav,kaggle_participant,1,48000,0.4
Kaggle,kaggle_N_N_241.wav,kaggle_participant,1,48000,0.4000208333333333
Kaggle,kaggle_N_N_242.wav,kaggle_participant,1,48000,0.4
Kaggle,kaggle_N_N_243.wav,kaggle_participant,1,48000,0.4
Kaggle,kaggle_N_N_244.wav,kaggle_participant,1,48000,0.4000208333333333
Kaggle,kaggle_N_N_245.wav,kaggle_participant,1,48000,0.4
Kaggle,kaggle_N_N_246.wav,kaggle_participant,1,48000,0.4000208333333333
Kaggle,kaggle_N_N_247.wav,kaggle_participant,1,48000,0.4
Kaggle,kaggle_N_N_248.wav,kaggle_participant,1,48000,0.4
Kaggle,kaggle_N_N_249.wav,kaggle_participant,1,48000,0.4
Kaggle,kaggle_N_N_25.wav,kaggle_participant,1,48000,0.4000208333333333
Kaggle,kaggle_N_N_250.wav,kaggle_participant,1,48000,0.4
Kaggle,kaggle_N_N_251.wav,kaggle_participant,1,48000,0.4
Kaggle,kaggle_N_N_252.wav,kaggle_participant,1,48000,0.4000208333333333
Kaggle,kaggle_N_N_253.wav,kaggle_participant,1,48000,0.4
Kaggle,kaggle_N_N_254.wav,kaggle_participant,1,48000,0.4
Kaggle,kaggle_N_N_255.wav,kaggle_participant,1,48000,0.4000208333333333
Kaggle,kaggle_N_N_256.wav,kaggle_participant,1,48000,0.4000208333333333
Kaggle,kaggle_N_N_257.wav,kaggle_participant,1,48000,0.4
Kaggle,kaggle_N_N_258.wav,kaggle_participant,1,48000,0.4000208333333333
Kaggle,kaggle_N_N_259.wav,kaggle_participant,1,48000,0.4
Kaggle,kaggle_N_N_26.wav,kaggle_participant,1,48000,0.4
Kaggle,kaggle_N_N_260.wav,kaggle_participant,1,48000,0.4
Kaggle,kaggle_N_N_261.wav,kaggle_participant,1,48000,0.4000208333333333
Kaggle,kaggle_N_N_262.wav,kaggle_participant,1,48000,0.4000208333333333
Kaggle,kaggle_N_N_263.wav,kaggle_participant,1,48000,0.4000208333333333
Kaggle,kaggle_N_N_264.wav,kaggle_participant,1,48000,0.4000208333333333
Kaggle,kaggle_N_N_265.wav,kaggle_participant,1,48000,0.4000208333333333
Kaggle,kaggle_N_N_266.wav,kaggle_participant,1,48000,0.4
Kaggle,kaggle_N_N_267.wav,kaggle_participant,1,48000,0.4
Kaggle,kaggle_N_N_268.wav,kaggle_participant,1,48000,0.4000208333333333
Kaggle,kaggle_N_N_269.wav,kaggle_participant,1,48000,0.4000208333333333
Kaggle,kaggle_N_N_27.wav,kaggle_participant,1,48000,0.4000208333333333
Kaggle,kaggle_N_N_270.wav,kaggle_participant,1,48000,0.4000208333333333
Kaggle,kaggle_N_N_271.wav,kaggle_participant,1,48000,0.4000208333333333
Kaggle,kaggle_N_N_272.wav,kaggle_participant,1,48000,0.4
Kaggle,kaggle_N_N_273.wav,kaggle_participant,1,48000,0.4000208333333333
Kaggle,kaggle_N_N_274.wav,kaggle_participant,1,48000,0.4000208333333333
Kaggle,kaggle_N_N_275.wav,kaggle_participant,1,48000,0.4
Kaggle,kaggle_N_N_276.wav,kaggle_participant,1,48000,0.4
Kaggle,kaggle_N_N_277.wav,kaggle_participant,1,48000,0.4
Kaggle,kaggle_N_N_278.wav,kaggle_participant,1,48000,0.4
Kaggle,kaggle_N_N_279.wav,kaggle_participant,1,48000,0.4000208333333333
Kaggle,kaggle_N_N_28.wav,kaggle_participant,1,48000,0.4
Kaggle,kaggle_N_N_280.wav,kaggle_participant,1,48000,0.4000208333333333
Kaggle,kaggle_N_N_29.wav,kaggle_participant,1,48000,0.4
Kaggle,kaggle_N_N_3.wav,kaggle_participant,1,48000,0.4000208333333333
Kaggle,kaggle_N_N_30.wav,kaggle_participant,1,48000,0.4
Kaggle,kaggle_N_N_31.wav,kaggle_participant,1,48000,0.4
Kaggle,kaggle_N_N_32.wav,kaggle_participant,1,48000,0.4
Kaggle,kaggle_N_N_33.wav,kaggle_participant,1,48000,0.4
Kaggle,kaggle_N_N_34.wav,kaggle_participant,1,48000,0.4
Kaggle,kaggle_N_N_35.wav,kaggle_participant,1,48000,0.39997916666666666
Kaggle,kaggle_N_N_36.wav,kaggle_participant,1,48000,0.4
Kaggle,kaggle_N_N_37.wav,kaggle_participant,1,48000,0.4
Kaggle,kaggle_N_N_38.wav,kaggle_participant,1,48000,0.4
Kaggle,kaggle_N_N_39.wav,kaggle_participant,1,48000,0.4
Kaggle,kaggle_N_N_4.wav,kaggle_participant,1,48000,0.4
Kaggle,kaggle_N_N_40.wav,kaggle_participant,1,48000,0.4
Kaggle,kaggle_N_N_41.wav,kaggle_participant,1,48000,0.4
Kaggle,kaggle_N_N_42.wav,kaggle_participant,1,48000,0.4
Kaggle,kaggle_N_N_43.wav,kaggle_participant,1,48000,0.4
Kaggle,kaggle_N_N_44.wav,kaggle_participant,1,48000,0.4
Kaggle,kaggle_N_N_45.wav,kaggle_participant,1,48000,0.4
Kaggle,kaggle_N_N_46.wav,kaggle_participant,1,48000,0.4
Kaggle,kaggle_N_N_47.wav,kaggle_participant,1,48000,0.4
Kaggle,kaggle_N_N_48.wav,kaggle_participant,1,48000,0.4
Kaggle,kaggle_N_N_49.wav,kaggle_participant,1,48000,0.4
Kaggle,kaggle_N_N_5.wav,kaggle_participant,1,48000,0.4
Kaggle,kaggle_N_N_50.wav,kaggle_participant,1,48000,0.4
Kaggle,kaggle_N_N_51.wav,kaggle_participant,1,48000,0.4
Kaggle,kaggle_N_N_52.wav,kaggle_participant,1,48000,0.4
Kaggle,kaggle_N_N_53.wav,kaggle_participant,1,48000,0.4
Kaggle,kaggle_N_N_54.wav,kaggle_participant,1,48000,0.4
Kaggle,kaggle_N_N_55.wav,kaggle_participant,1,48000,0.4
Kaggle,kaggle_N_N_56.wav,kaggle_participant,1,48000,0.4
Kaggle,kaggle_N_N_57.wav,kaggle_participant,1,48000,0.4
Kaggle,kaggle_N_N_58.wav,kaggle_participant,1,48000,0.4
Kaggle,kaggle_N_N_59.wav,kaggle_participant,1,48000,0.4
Kaggle,kaggle_N_N_6.wav,kaggle_participant,1,48000,0.4
Kaggle,kaggle_N_N_60.wav,kaggle_participant,1,48000,0.4
Kaggle,kaggle_N_N_61.wav,kaggle_participant,1,48000,0.4
Kaggle,kaggle_N_N_62.wav,kaggle_participant,1,48000,0.4
Kaggle,kaggle_N_N_63.wav,kaggle_participant,1,48000,0.4
Kaggle,kaggle_N_N_64.wav,kaggle_participant,1,48000,0.4
Kaggle,kaggle_N_N_65.wav,kaggle_participant,1,48000,0.4
Kaggle,kaggle_N_N_66.wav,kaggle_participant,1,48000,0.39997916666666666
Kaggle,kaggle_N_N_67.wav,kaggle_participant,1,48000,0.4
Kaggle,kaggle_N_N_68.wav,kaggle_participant,1,48000,0.4
Kaggle,kaggle_N_N_69.wav,kaggle_participant,1,48000,0.4
Kaggle,kaggle_N_N_7.wav,kaggle_participant,1,48000,0.4
Kaggle,kaggle_N_N_70.wav,kaggle_participant,1,48000,0.4
Kaggle,kaggle_N_N_71.wav,kaggle_participant,1,48000,0.4
Kaggle,kaggle_N_N_72.wav,kaggle_participant,1,48000,0.4
Kaggle,kaggle_N_N_73.wav,kaggle_participant,1,48000,0.39997916666666666
Kaggle,kaggle_N_N_74.wav,kaggle_participant,1,48000,0.4
Kaggle,kaggle_N_N_75.wav,kaggle_participant,1,48000,0.4
Kaggle,kaggle_N_N_76.wav,kaggle_participant,1,48000,0.4
Kaggle,kaggle_N_N_77.wav,kaggle_participant,1,48000,0.39997916666666666
Kaggle,kaggle_N_N_78.wav,kaggle_participant,1,48000,0.39997916666666666
Kaggle,kaggle_N_N_79.wav,kaggle_participant,1,48000,0.4
Kaggle,kaggle_N_N_8.wav,kaggle_participant,1,48000,0.4
Kaggle,kaggle_N_N_80.wav,kaggle_participant,1,48000,0.4
Kaggle,kaggle_N_N_81.wav,kaggle_participant,1,48000,0.4
Kaggle,kaggle_N_N_82.wav,kaggle_participant,1,48000,0.39997916666666666
Kaggle,kaggle_N_N_83.wav,kaggle_participant,1,48000,0.4
Kaggle,kaggle_N_N_84.wav,kaggle_participant,1,48000,0.4
Kaggle,kaggle_N_N_85.wav,kaggle_participant,1,48000,0.4
Kaggle,kaggle_N_N_86.wav,kaggle_participant,1,48000,0.4
Kaggle,kaggle_N_N_87.wav,kaggle_participant,1,48000,0.4
Kaggle,kaggle_N_N_88.wav,kaggle_participant,1,48000,0.4
Kaggle,kaggle_N_N_89.wav,kaggle_participant,1,48000,0.4
Kaggle,kaggle_N_N_9.wav,kaggle_participant,1,48000,0.4
Kaggle,kaggle_N_N_90.wav,kaggle_participant,1,48000,0.39997916666666666
Kaggle,kaggle_N_N_91.wav,kaggle_participant,1,48000,0.4
Kaggle,kaggle_N_N_92.wav,kaggle_participant,1,48000,0.4
Kaggle,kaggle_N_N_93.wav,kaggle_participant,1,48000,0.4
Kaggle,kaggle_N_N_94.wav,kaggle_participant,1,48000,0.4
Kaggle,kaggle_N_N_95.wav,kaggle_participant,1,48000,0.4
Kaggle,kaggle_N_N_96.wav,kaggle_participant,1,48000,0.4
Kaggle,kaggle_N_N_97.wav,kaggle_participant,1,48000,0.4
Kaggle,kaggle_N_N_98.wav,kaggle_participant,1,48000,0.4
Kaggle,kaggle_N_N_99.wav,kaggle_participant,1,48000,0.4
Kaggle,kaggle_O_O_1.wav,kaggle_participant,1,48000,0.4
Kaggle,kaggle_O_O_10.wav,kaggle_participant,1,48000,0.4
Kaggle,kaggle_O_O_100.wav,kaggle_participant,1,48000,0.39997916666666666
Kaggle,kaggle_O_O_101.wav,kaggle_participant,1,48000,0.4
Kaggle,kaggle_O_O_102.wav,kaggle_participant,1,48000,0.4
Kaggle,kaggle_O_O_103.wav,kaggle_participant,1,48000,0.39997916666666666
Kaggle,kaggle_O_O_104.wav,kaggle_participant,1,48000,0.4
Kaggle,kaggle_O_O_105.wav,kaggle_participant,1,48000,0.4
Kaggle,kaggle_O_O_106.wav,kaggle_participant,1,48000,0.4
Kaggle,kaggle_O_O_107.wav,kaggle_participant,1,48000,0.4
Kaggle,kaggle_O_O_108.wav,kaggle_participant,1,48000,0.4
Kaggle,kaggle_O_O_109.wav,kaggle_participant,1,48000,0.4
Kaggle,kaggle_O_O_11.wav,kaggle_participant,1,48000,0.4
Kaggle,kaggle_O_O_110.wav,kaggle_participant,1,48000,0.4
Kaggle,kaggle_O_O_111.wav,kaggle_participant,1,48000,0.4
Kaggle,kaggle_O_O_112.wav,kaggle_participant,1,48000,0.4
Kaggle,kaggle_O_O_113.wav,kaggle_participant,1,48000,0.4
Kaggle,kaggle_O_O_114.wav,kaggle_participant,1,48000,0.4
Kaggle,kaggle_O_O_115.wav,kaggle_participant,1,48000,0.4
Kaggle,kaggle_O_O_116.wav,kaggle_participant,1,48000,0.4
Kaggle,kaggle_O_O_117.wav,kaggle_participant,1,48000,0.4
Kaggle,kaggle_O_O_118.wav,kaggle_participant,1,48000,0.4
Kaggle,kaggle_O_O_119.wav,kaggle_participant,1,48000,0.4
Kaggle,kaggle_O_O_12.wav,kaggle_participant,1,48000,0.4
Kaggle,kaggle_O_O_120.wav,kaggle_participant,1,48000,0.4
Kaggle,kaggle_O_O_121.wav,kaggle_participant,1,48000,0.4
Kaggle,kaggle_O_O_122.wav,kaggle_participant,1,48000,0.4
Kaggle,kaggle_O_O_123.wav,kaggle_participant,1,48000,0.4
Kaggle,kaggle_O_O_124.wav,kaggle_participant,1,48000,0.4
Kaggle,kaggle_O_O_125.wav,kaggle_participant,1,48000,0.4
Kaggle,kaggle_O_O_126.wav,kaggle_participant,1,48000,0.4
Kaggle,kaggle_O_O_127.wav,kaggle_participant,1,48000,0.4
Kaggle,kaggle_O_O_128.wav,kaggle_participant,1,48000,0.4
Kaggle,kaggle_O_O_129.wav,kaggle_participant,1,48000,0.4
Kaggle,kaggle_O_O_13.wav,kaggle_participant,1,48000,0.4
Kaggle,kaggle_O_O_130.wav,kaggle_participant,1,48000,0.4
Kaggle,kaggle_O_O_131.wav,kaggle_participant,1,48000,0.4
Kaggle,kaggle_O_O_132.wav,kaggle_participant,1,48000,0.4
Kaggle,kaggle_O_O_133.wav,kaggle_participant,1,48000,0.4
Kaggle,kaggle_O_O_134.wav,kaggle_participant,1,48000,0.4
Kaggle,kaggle_O_O_135.wav,kaggle_participant,1,48000,0.4
Kaggle,kaggle_O_O_136.wav,kaggle_participant,1,48000,0.4
Kaggle,kaggle_O_O_137.wav,kaggle_participant,1,48000,0.4
Kaggle,kaggle_O_O_138.wav,kaggle_participant,1,48000,0.4
Kaggle,kaggle_O_O_139.wav,kaggle_participant,1,48000,0.4
Kaggle,kaggle_O_O_14.wav,kaggle_participant,1,48000,0.4
Kaggle,kaggle_O_O_140.wav,kaggle_participant,1,48000,0.4
Kaggle,kaggle_O_O_141.wav,kaggle_participant,1,48000,0.4
Kaggle,kaggle_O_O_142.wav,kaggle_participant,1,48000,0.4
Kaggle,kaggle_O_O_143.wav,kaggle_participant,1,48000,0.4
Kaggle,kaggle_O_O_144.wav,kaggle_participant,1,48000,0.4
Kaggle,kaggle_O_O_145.wav,kaggle_participant,1,48000,0.4
Kaggle,kaggle_O_O_146.wav,kaggle_participant,1,48000,0.4
Kaggle,kaggle_O_O_147.wav,kaggle_participant,1,48000,0.4
Kaggle,kaggle_O_O_148.wav,kaggle_participant,1,48000,0.4
Kaggle,kaggle_O_O_149.wav,kaggle_participant,1,48000,0.4
Kaggle,kaggle_O_O_15.wav,kaggle_participant,1,48000,0.4
Kaggle,kaggle_O_O_150.wav,kaggle_participant,1,48000,0.4
Kaggle,kaggle_O_O_151.wav,kaggle_participant,1,48000,0.4
Kaggle,kaggle_O_O_152.wav,kaggle_participant,1,48000,0.4
Kaggle,kaggle_O_O_153.wav,kaggle_participant,1,48000,0.4
Kaggle,kaggle_O_O_154.wav,kaggle_participant,1,48000,0.4
Kaggle,kaggle_O_O_155.wav,kaggle_participant,1,48000,0.4
Kaggle,kaggle_O_O_156.wav,kaggle_participant,1,48000,0.4
Kaggle,kaggle_O_O_157.wav,kaggle_participant,1,48000,0.4
Kaggle,kaggle_O_O_158.wav,kaggle_participant,1,48000,0.4
Kaggle,kaggle_O_O_159.wav,kaggle_participant,1,48000,0.4
Kaggle,kaggle_O_O_16.wav,kaggle_participant,1,48000,0.4
Kaggle,kaggle_O_O_160.wav,kaggle_participant,1,48000,0.4
Kaggle,kaggle_O_O_161.wav,kaggle_participant,1,48000,0.4
Kaggle,kaggle_O_O_162.wav,kaggle_participant,1,48000,0.4
Kaggle,kaggle_O_O_163.wav,kaggle_participant,1,48000,0.4
Kaggle,kaggle_O_O_164.wav,kaggle_participant,1,48000,0.4
Kaggle,kaggle_O_O_165.wav,kaggle_participant,1,48000,0.4
Kaggle,kaggle_O_O_166.wav,kaggle_participant,1,48000,0.4
Kaggle,kaggle_O_O_167.wav,kaggle_participant,1,48000,0.4
Kaggle,kaggle_O_O_168.wav,kaggle_participant,1,48000,0.4
Kaggle,kaggle_O_O_169.wav,kaggle_participant,1,48000,0.4
Kaggle,kaggle_O_O_17.wav,kaggle_participant,1,48000,0.4
Kaggle,kaggle_O_O_170.wav,kaggle_participant,1,48000,0.4
Kaggle,kaggle_O_O_171.wav,kaggle_participant,1,48000,0.4
Kaggle,kaggle_O_O_172.wav,kaggle_participant,1,48000,0.4
Kaggle,kaggle_O_O_173.wav,kaggle_participant,1,48000,0.4
Kaggle,kaggle_O_O_174.wav,kaggle_participant,1,48000,0.4
Kaggle,kaggle_O_O_175.wav,kaggle_participant,1,48000,0.4
Kaggle,kaggle_O_O_176.wav,kaggle_participant,1,48000,0.4
Kaggle,kaggle_O_O_177.wav,kaggle_participant,1,48000,0.4
Kaggle,kaggle_O_O_178.wav,kaggle_participant,1,48000,0.4
Kaggle,kaggle_O_O_179.wav,kaggle_participant,1,48000,0.4
Kaggle,kaggle_O_O_18.wav,kaggle_participant,1,48000,0.4
Kaggle,kaggle_O_O_180.wav,kaggle_participant,1,48000,0.4
Kaggle,kaggle_O_O_181.wav,kaggle_participant,1,48000,0.4
Kaggle,kaggle_O_O_182.wav,kaggle_participant,1,48000,0.4
Kaggle,kaggle_O_O_183.wav,kaggle_participant,1,48000,0.4
Kaggle,kaggle_O_O_184.wav,kaggle_participant,1,48000,0.4
Kaggle,kaggle_O_O_185.wav,kaggle_participant,1,48000,0.4
Kaggle,kaggle_O_O_186.wav,kaggle_participant,1,48000,0.4
Kaggle,kaggle_O_O_187.wav,kaggle_participant,1,48000,0.4
Kaggle,kaggle_O_O_188.wav,kaggle_participant,1,48000,0.4
Kaggle,kaggle_O_O_189.wav,kaggle_participant,1,48000,0.4
Kaggle,kaggle_O_O_19.wav,kaggle_participant,1,48000,0.4000208333333333
Kaggle,kaggle_O_O_190.wav,kaggle_participant,1,48000,0.4
Kaggle,kaggle_O_O_191.wav,kaggle_participant,1,48000,0.4
Kaggle,kaggle_O_O_192.wav,kaggle_participant,1,48000,0.4
Kaggle,kaggle_O_O_193.wav,kaggle_participant,1,48000,0.4
Kaggle,kaggle_O_O_194.wav,kaggle_participant,1,48000,0.4
Kaggle,kaggle_O_O_195.wav,kaggle_participant,1,48000,0.4
Kaggle,kaggle_O_O_196.wav,kaggle_participant,1,48000,0.4
Kaggle,kaggle_O_O_197.wav,kaggle_participant,1,48000,0.4
Kaggle,kaggle_O_O_198.wav,kaggle_participant,1,48000,0.4
Kaggle,kaggle_O_O_199.wav,kaggle_participant,1,48000,0.4
Kaggle,kaggle_O_O_2.wav,kaggle_participant,1,48000,0.4
Kaggle,kaggle_O_O_20.wav,kaggle_participant,1,48000,0.4000208333333333
Kaggle,kaggle_O_O_200.wav,kaggle_participant,1,48000,0.4
Kaggle,kaggle_O_O_201.wav,kaggle_participant,1,48000,0.4
Kaggle,kaggle_O_O_202.wav,kaggle_participant,1,48000,0.4
Kaggle,kaggle_O_O_203.wav,kaggle_participant,1,48000,0.4
Kaggle,kaggle_O_O_204.wav,kaggle_participant,1,48000,0.4
Kaggle,kaggle_O_O_205.wav,kaggle_participant,1,48000,0.4
Kaggle,kaggle_O_O_206.wav,kaggle_participant,1,48000,0.4
Kaggle,kaggle_O_O_207.wav,kaggle_participant,1,48000,0.4
Kaggle,kaggle_O_O_208.wav,kaggle_participant,1,48000,0.4
Kaggle,kaggle_O_O_209.wav,kaggle_participant,1,48000,0.4
Kaggle,kaggle_O_O_21.wav,kaggle_participant,1,48000,0.4000208333333333
Kaggle,kaggle_O_O_210.wav,kaggle_participant,1,48000,0.4
Kaggle,kaggle_O_O_211.wav,kaggle_participant,1,48000,0.4
Kaggle,kaggle_O_O_212.wav,kaggle_participant,1,48000,0.4
Kaggle,kaggle_O_O_213.wav,kaggle_participant,1,48000,0.4
Kaggle,kaggle_O_O_214.wav,kaggle_participant,1,48000,0.4
Kaggle,kaggle_O_O_215.wav,kaggle_participant,1,48000,0.4
Kaggle,kaggle_O_O_216.wav,kaggle_participant,1,48000,0.4
Kaggle,kaggle_O_O_217.wav,kaggle_participant,1,48000,0.4
Kaggle,kaggle_O_O_218.wav,kaggle_participant,1,48000,0.4
Kaggle,kaggle_O_O_219.wav,kaggle_participant,1,48000,0.4
Kaggle,kaggle_O_O_22.wav,kaggle_participant,1,48000,0.4000208333333333
Kaggle,kaggle_O_O_220.wav,kaggle_participant,1,48000,0.4
Kaggle,kaggle_O_O_221.wav,kaggle_participant,1,48000,0.4
Kaggle,kaggle_O_O_222.wav,kaggle_participant,1,48000,0.4
Kaggle,kaggle_O_O_223.wav,kaggle_participant,1,48000,0.4
Kaggle,kaggle_O_O_224.wav,kaggle_participant,1,48000,0.4
Kaggle,kaggle_O_O_225.wav,kaggle_participant,1,48000,0.4
Kaggle,kaggle_O_O_226.wav,kaggle_participant,1,48000,0.4
Kaggle,kaggle_O_O_227.wav,kaggle_participant,1,48000,0.4
Kaggle,kaggle_O_O_228.wav,kaggle_participant,1,48000,0.4
Kaggle,kaggle_O_O_229.wav,kaggle_participant,1,48000,0.4
Kaggle,kaggle_O_O_23.wav,kaggle_participant,1,48000,0.4000208333333333
Kaggle,kaggle_O_O_230.wav,kaggle_participant,1,48000,0.4
Kaggle,kaggle_O_O_231.wav,kaggle_participant,1,48000,0.4
Kaggle,kaggle_O_O_232.wav,kaggle_participant,1,48000,0.4
Kaggle,kaggle_O_O_233.wav,kaggle_participant,1,48000,0.4
Kaggle,kaggle_O_O_234.wav,kaggle_participant,1,48000,0.4
Kaggle,kaggle_O_O_235.wav,kaggle_participant,1,48000,0.4
Kaggle,kaggle_O_O_236.wav,kaggle_participant,1,48000,0.4
Kaggle,kaggle_O_O_237.wav,kaggle_participant,1,48000,0.4
Kaggle,kaggle_O_O_238.wav,kaggle_participant,1,48000,0.4
Kaggle,kaggle_O_O_239.wav,kaggle_participant,1,48000,0.4
Kaggle,kaggle_O_O_24.wav,kaggle_participant,1,48000,0.4
Kaggle,kaggle_O_O_240.wav,kaggle_participant,1,48000,0.4
Kaggle,kaggle_O_O_241.wav,kaggle_participant,1,48000,0.4
Kaggle,kaggle_O_O_242.wav,kaggle_participant,1,48000,0.4
Kaggle,kaggle_O_O_243.wav,kaggle_participant,1,48000,0.4
Kaggle,kaggle_O_O_244.wav,kaggle_participant,1,48000,0.4
Kaggle,kaggle_O_O_245.wav,kaggle_participant,1,48000,0.4
Kaggle,kaggle_O_O_246.wav,kaggle_participant,1,48000,0.4
Kaggle,kaggle_O_O_247.wav,kaggle_participant,1,48000,0.4
Kaggle,kaggle_O_O_248.wav,kaggle_participant,1,48000,0.4
Kaggle,kaggle_O_O_249.wav,kaggle_participant,1,48000,0.4
Kaggle,kaggle_O_O_25.wav,kaggle_participant,1,48000,0.4000208333333333
Kaggle,kaggle_O_O_250.wav,kaggle_participant,1,48000,0.4
Kaggle,kaggle_O_O_251.wav,kaggle_participant,1,48000,0.4
Kaggle,kaggle_O_O_252.wav,kaggle_participant,1,48000,0.4
Kaggle,kaggle_O_O_253.wav,kaggle_participant,1,48000,0.4
Kaggle,kaggle_O_O_254.wav,kaggle_participant,1,48000,0.4
Kaggle,kaggle_O_O_255.wav,kaggle_participant,1,48000,0.4
Kaggle,kaggle_O_O_256.wav,kaggle_participant,1,48000,0.4
Kaggle,kaggle_O_O_257.wav,kaggle_participant,1,48000,0.4
Kaggle,kaggle_O_O_258.wav,kaggle_participant,1,48000,0.4
Kaggle,kaggle_O_O_259.wav,kaggle_participant,1,48000,0.4
Kaggle,kaggle_O_O_26.wav,kaggle_participant,1,48000,0.4000208333333333
Kaggle,kaggle_O_O_260.wav,kaggle_participant,1,48000,0.4
Kaggle,kaggle_O_O_261.wav,kaggle_participant,1,48000,0.4
Kaggle,kaggle_O_O_262.wav,kaggle_participant,1,48000,0.4
Kaggle,kaggle_O_O_263.wav,kaggle_participant,1,48000,0.4
Kaggle,kaggle_O_O_264.wav,kaggle_participant,1,48000,0.4
Kaggle,kaggle_O_O_265.wav,kaggle_participant,1,48000,0.4
Kaggle,kaggle_O_O_266.wav,kaggle_participant,1,48000,0.4
Kaggle,kaggle_O_O_267.wav,kaggle_participant,1,48000,0.4
Kaggle,kaggle_O_O_268.wav,kaggle_participant,1,48000,0.4
Kaggle,kaggle_O_O_269.wav,kaggle_participant,1,48000,0.4
Kaggle,kaggle_O_O_27.wav,kaggle_participant,1,48000,0.4
Kaggle,kaggle_O_O_270.wav,kaggle_participant,1,48000,0.4
Kaggle,kaggle_O_O_271.wav,kaggle_participant,1,48000,0.4
Kaggle,kaggle_O_O_272.wav,kaggle_participant,1,48000,0.4
Kaggle,kaggle_O_O_273.wav,kaggle_participant,1,48000,0.4
Kaggle,kaggle_O_O_274.wav,kaggle_participant,1,48000,0.4
Kaggle,kaggle_O_O_275.wav,kaggle_participant,1,48000,0.4
Kaggle,kaggle_O_O_276.wav,kaggle_participant,1,48000,0.4
Kaggle,kaggle_O_O_277.wav,kaggle_participant,1,48000,0.4
Kaggle,kaggle_O_O_278.wav,kaggle_participant,1,48000,0.4
Kaggle,kaggle_O_O_279.wav,kaggle_participant,1,48000,0.4
Kaggle,kaggle_O_O_28.wav,kaggle_participant,1,48000,0.4
Kaggle,kaggle_O_O_280.wav,kaggle_participant,1,48000,0.4
Kaggle,kaggle_O_O_281.wav,kaggle_participant,1,48000,0.4
Kaggle,kaggle_O_O_282.wav,kaggle_participant,1,48000,0.4
Kaggle,kaggle_O_O_283.wav,kaggle_participant,1,48000,0.4
Kaggle,kaggle_O_O_284.wav,kaggle_participant,1,48000,0.4
Kaggle,kaggle_O_O_285.wav,kaggle_participant,1,48000,0.4
Kaggle,kaggle_O_O_286.wav,kaggle_participant,1,48000,0.4
Kaggle,kaggle_O_O_287.wav,kaggle_participant,1,48000,0.4
Kaggle,kaggle_O_O_288.wav,kaggle_participant,1,48000,0.4
Kaggle,kaggle_O_O_289.wav,kaggle_participant,1,48000,0.4
Kaggle,kaggle_O_O_29.wav,kaggle_participant,1,48000,0.4000208333333333
Kaggle,kaggle_O_O_290.wav,kaggle_participant,1,48000,0.4
Kaggle,kaggle_O_O_291.wav,kaggle_participant,1,48000,0.4
Kaggle,kaggle_O_O_292.wav,kaggle_participant,1,48000,0.4
Kaggle,kaggle_O_O_293.wav,kaggle_participant,1,48000,0.4
Kaggle,kaggle_O_O_294.wav,kaggle_participant,1,48000,0.4
Kaggle,kaggle_O_O_295.wav,kaggle_participant,1,48000,0.4
Kaggle,kaggle_O_O_296.wav,kaggle_participant,1,48000,0.4
Kaggle,kaggle_O_O_297.wav,kaggle_participant,1,48000,0.4
Kaggle,kaggle_O_O_298.wav,kaggle_participant,1,48000,0.4
Kaggle,kaggle_O_O_299.wav,kaggle_participant,1,48000,0.4
Kaggle,kaggle_O_O_3.wav,kaggle_participant,1,48000,0.4
Kaggle,kaggle_O_O_30.wav,kaggle_participant,1,48000,0.4
Kaggle,kaggle_O_O_300.wav,kaggle_participant,1,48000,0.4
Kaggle,kaggle_O_O_301.wav,kaggle_participant,1,48000,0.4
Kaggle,kaggle_O_O_302.wav,kaggle_participant,1,48000,0.4
Kaggle,kaggle_O_O_303.wav,kaggle_participant,1,48000,0.4
Kaggle,kaggle_O_O_304.wav,kaggle_participant,1,48000,0.4
Kaggle,kaggle_O_O_305.wav,kaggle_participant,1,48000,0.4000208333333333
Kaggle,kaggle_O_O_306.wav,kaggle_participant,1,48000,0.4
Kaggle,kaggle_O_O_307.wav,kaggle_participant,1,48000,0.4000208333333333
Kaggle,kaggle_O_O_308.wav,kaggle_participant,1,48000,0.4
Kaggle,kaggle_O_O_309.wav,kaggle_participant,1,48000,0.4
Kaggle,kaggle_O_O_31.wav,kaggle_participant,1,48000,0.4
Kaggle,kaggle_O_O_310.wav,kaggle_participant,1,48000,0.4000208333333333
Kaggle,kaggle_O_O_311.wav,kaggle_participant,1,48000,0.4000208333333333
Kaggle,kaggle_O_O_312.wav,kaggle_participant,1,48000,0.4
Kaggle,kaggle_O_O_313.wav,kaggle_participant,1,48000,0.4000208333333333
Kaggle,kaggle_O_O_314.wav,kaggle_participant,1,48000,0.4000208333333333
Kaggle,kaggle_O_O_315.wav,kaggle_participant,1,48000,0.4000208333333333
Kaggle,kaggle_O_O_316.wav,kaggle_participant,1,48000,0.4000208333333333
Kaggle,kaggle_O_O_317.wav,kaggle_participant,1,48000,0.4000208333333333
Kaggle,kaggle_O_O_318.wav,kaggle_participant,1,48000,0.4000208333333333
Kaggle,kaggle_O_O_319.wav,kaggle_participant,1,48000,0.4
Kaggle,kaggle_O_O_32.wav,kaggle_participant,1,48000,0.4
Kaggle,kaggle_O_O_320.wav,kaggle_participant,1,48000,0.4
Kaggle,kaggle_O_O_321.wav,kaggle_participant,1,48000,0.4
Kaggle,kaggle_O_O_322.wav,kaggle_participant,1,48000,0.4000208333333333
Kaggle,kaggle_O_O_323.wav,kaggle_participant,1,48000,0.4
Kaggle,kaggle_O_O_324.wav,kaggle_participant,1,48000,0.4000208333333333
Kaggle,kaggle_O_O_325.wav,kaggle_participant,1,48000,0.4
Kaggle,kaggle_O_O_326.wav,kaggle_participant,1,48000,0.4000208333333333
Kaggle,kaggle_O_O_327.wav,kaggle_participant,1,48000,0.4
Kaggle,kaggle_O_O_328.wav,kaggle_participant,1,48000,0.4
Kaggle,kaggle_O_O_329.wav,kaggle_participant,1,48000,0.4000208333333333
Kaggle,kaggle_O_O_33.wav,kaggle_participant,1,48000,0.4
Kaggle,kaggle_O_O_330.wav,kaggle_participant,1,48000,0.4000208333333333
Kaggle,kaggle_O_O_331.wav,kaggle_participant,1,48000,0.4000208333333333
Kaggle,kaggle_O_O_332.wav,kaggle_participant,1,48000,0.4000208333333333
Kaggle,kaggle_O_O_333.wav,kaggle_participant,1,48000,0.4
Kaggle,kaggle_O_O_334.wav,kaggle_participant,1,48000,0.4000208333333333
Kaggle,kaggle_O_O_335.wav,kaggle_participant,1,48000,0.4
Kaggle,kaggle_O_O_336.wav,kaggle_participant,1,48000,0.4
Kaggle,kaggle_O_O_337.wav,kaggle_participant,1,48000,0.4
Kaggle,kaggle_O_O_338.wav,kaggle_participant,1,48000,0.4
Kaggle,kaggle_O_O_339.wav,kaggle_participant,1,48000,0.4
Kaggle,kaggle_O_O_34.wav,kaggle_participant,1,48000,0.4
Kaggle,kaggle_O_O_340.wav,kaggle_participant,1,48000,0.4000208333333333
Kaggle,kaggle_O_O_341.wav,kaggle_participant,1,48000,0.4
Kaggle,kaggle_O_O_342.wav,kaggle_participant,1,48000,0.4
Kaggle,kaggle_O_O_343.wav,kaggle_participant,1,48000,0.4
Kaggle,kaggle_O_O_344.wav,kaggle_participant,1,48000,0.4000208333333333
Kaggle,kaggle_O_O_345.wav,kaggle_participant,1,48000,0.4
Kaggle,kaggle_O_O_346.wav,kaggle_participant,1,48000,0.4000208333333333
Kaggle,kaggle_O_O_347.wav,kaggle_participant,1,48000,0.4000208333333333
Kaggle,kaggle_O_O_348.wav,kaggle_participant,1,48000,0.4
Kaggle,kaggle_O_O_349.wav,kaggle_participant,1,48000,0.4000208333333333
Kaggle,kaggle_O_O_35.wav,kaggle_participant,1,48000,0.4
Kaggle,kaggle_O_O_350.wav,kaggle_participant,1,48000,0.4
Kaggle,kaggle_O_O_351.wav,kaggle_participant,1,48000,0.4000208333333333
Kaggle,kaggle_O_O_352.wav,kaggle_participant,1,48000,0.4
Kaggle,kaggle_O_O_353.wav,kaggle_participant,1,48000,0.4000208333333333
Kaggle,kaggle_O_O_354.wav,kaggle_participant,1,48000,0.4000208333333333
Kaggle,kaggle_O_O_355.wav,kaggle_participant,1,48000,0.4000208333333333
Kaggle,kaggle_O_O_356.wav,kaggle_participant,1,48000,0.4000208333333333
Kaggle,kaggle_O_O_357.wav,kaggle_participant,1,48000,0.4
Kaggle,kaggle_O_O_358.wav,kaggle_participant,1,48000,0.4
Kaggle,kaggle_O_O_359.wav,kaggle_participant,1,48000,0.4000208333333333
Kaggle,kaggle_O_O_36.wav,kaggle_participant,1,48000,0.4
Kaggle,kaggle_O_O_360.wav,kaggle_participant,1,48000,0.4000208333333333
Kaggle,kaggle_O_O_361.wav,kaggle_participant,1,48000,0.4
Kaggle,kaggle_O_O_362.wav,kaggle_participant,1,48000,0.4000208333333333
Kaggle,kaggle_O_O_363.wav,kaggle_participant,1,48000,0.4000208333333333
Kaggle,kaggle_O_O_364.wav,kaggle_participant,1,48000,0.4000208333333333
Kaggle,kaggle_O_O_365.wav,kaggle_participant,1,48000,0.4
Kaggle,kaggle_O_O_366.wav,kaggle_participant,1,48000,0.4
Kaggle,kaggle_O_O_367.wav,kaggle_participant,1,48000,0.4000208333333333
Kaggle,kaggle_O_O_368.wav,kaggle_participant,1,48000,0.4
Kaggle,kaggle_O_O_369.wav,kaggle_participant,1,48000,0.4000208333333333
Kaggle,kaggle_O_O_37.wav,kaggle_participant,1,48000,0.4
Kaggle,kaggle_O_O_370.wav,kaggle_participant,1,48000,0.4
Kaggle,kaggle_O_O_371.wav,kaggle_participant,1,48000,0.4000208333333333
Kaggle,kaggle_O_O_372.wav,kaggle_participant,1,48000,0.4000208333333333
Kaggle,kaggle_O_O_373.wav,kaggle_participant,1,48000,0.4000208333333333
Kaggle,kaggle_O_O_374.wav,kaggle_participant,1,48000,0.4000208333333333
Kaggle,kaggle_O_O_375.wav,kaggle_participant,1,48000,0.4000208333333333
Kaggle,kaggle_O_O_376.wav,kaggle_participant,1,48000,0.4000208333333333
Kaggle,kaggle_O_O_377.wav,kaggle_participant,1,48000,0.4000208333333333
Kaggle,kaggle_O_O_378.wav,kaggle_participant,1,48000,0.4000208333333333
Kaggle,kaggle_O_O_379.wav,kaggle_participant,1,48000,0.4000208333333333
Kaggle,kaggle_O_O_38.wav,kaggle_participant,1,48000,0.39997916666666666
Kaggle,kaggle_O_O_380.wav,kaggle_participant,1,48000,0.4000208333333333
Kaggle,kaggle_O_O_381.wav,kaggle_participant,1,48000,0.4
Kaggle,kaggle_O_O_382.wav,kaggle_participant,1,48000,0.4
Kaggle,kaggle_O_O_383.wav,kaggle_participant,1,48000,0.4000208333333333
Kaggle,kaggle_O_O_384.wav,kaggle_participant,1,48000,0.4000208333333333
Kaggle,kaggle_O_O_385.wav,kaggle_participant,1,48000,0.4000208333333333
Kaggle,kaggle_O_O_386.wav,kaggle_participant,1,48000,0.4000208333333333
Kaggle,kaggle_O_O_387.wav,kaggle_participant,1,48000,0.4000208333333333
Kaggle,kaggle_O_O_388.wav,kaggle_participant,1,48000,0.4
Kaggle,kaggle_O_O_389.wav,kaggle_participant,1,48000,0.4000208333333333
Kaggle,kaggle_O_O_39.wav,kaggle_participant,1,48000,0.39997916666666666
Kaggle,kaggle_O_O_390.wav,kaggle_participant,1,48000,0.4000208333333333
Kaggle,kaggle_O_O_391.wav,kaggle_participant,1,48000,0.4000208333333333
Kaggle,kaggle_O_O_392.wav,kaggle_participant,1,48000,0.4
Kaggle,kaggle_O_O_393.wav,kaggle_participant,1,48000,0.4000208333333333
Kaggle,kaggle_O_O_394.wav,kaggle_participant,1,48000,0.4000208333333333
Kaggle,kaggle_O_O_395.wav,kaggle_participant,1,48000,0.4
Kaggle,kaggle_O_O_396.wav,kaggle_participant,1,48000,0.4
Kaggle,kaggle_O_O_397.wav,kaggle_participant,1,48000,0.4000208333333333
Kaggle,kaggle_O_O_398.wav,kaggle_participant,1,48000,0.4000208333333333
Kaggle,kaggle_O_O_399.wav,kaggle_participant,1,48000,0.4
Kaggle,kaggle_O_O_4.wav,kaggle_participant,1,48000,0.39997916666666666
Kaggle,kaggle_O_O_40.wav,kaggle_participant,1,48000,0.4
Kaggle,kaggle_O_O_400.wav,kaggle_participant,1,48000,0.4000208333333333
Kaggle,kaggle_O_O_401.wav,kaggle_participant,1,48000,0.4
Kaggle,kaggle_O_O_402.wav,kaggle_participant,1,48000,0.4
Kaggle,kaggle_O_O_403.wav,kaggle_participant,1,48000,0.4000208333333333
Kaggle,kaggle_O_O_404.wav,kaggle_participant,1,48000,0.4000208333333333
Kaggle,kaggle_O_O_405.wav,kaggle_participant,1,48000,0.4000208333333333
Kaggle,kaggle_O_O_406.wav,kaggle_participant,1,48000,0.4000208333333333
Kaggle,kaggle_O_O_407.wav,kaggle_participant,1,48000,0.4000208333333333
Kaggle,kaggle_O_O_408.wav,kaggle_participant,1,48000,0.4
Kaggle,kaggle_O_O_409.wav,kaggle_participant,1,48000,0.4
Kaggle,kaggle_O_O_41.wav,kaggle_participant,1,48000,0.4
Kaggle,kaggle_O_O_410.wav,kaggle_participant,1,48000,0.4000208333333333
Kaggle,kaggle_O_O_411.wav,kaggle_participant,1,48000,0.4000208333333333
Kaggle,kaggle_O_O_412.wav,kaggle_participant,1,48000,0.4000208333333333
Kaggle,kaggle_O_O_413.wav,kaggle_participant,1,48000,0.4
Kaggle,kaggle_O_O_414.wav,kaggle_participant,1,48000,0.4
Kaggle,kaggle_O_O_415.wav,kaggle_participant,1,48000,0.4
Kaggle,kaggle_O_O_416.wav,kaggle_participant,1,48000,0.4000208333333333
Kaggle,kaggle_O_O_417.wav,kaggle_participant,1,48000,0.4
Kaggle,kaggle_O_O_418.wav,kaggle_participant,1,48000,0.4
Kaggle,kaggle_O_O_419.wav,kaggle_participant,1,48000,0.4
Kaggle,kaggle_O_O_42.wav,kaggle_participant,1,48000,0.39997916666666666
Kaggle,kaggle_O_O_420.wav,kaggle_participant,1,48000,0.4
Kaggle,kaggle_O_O_421.wav,kaggle_participant,1,48000,0.4000208333333333
Kaggle,kaggle_O_O_422.wav,kaggle_participant,1,48000,0.4
Kaggle,kaggle_O_O_423.wav,kaggle_participant,1,48000,0.4
Kaggle,kaggle_O_O_424.wav,kaggle_participant,1,48000,0.4
Kaggle,kaggle_O_O_425.wav,kaggle_participant,1,48000,0.4
Kaggle,kaggle_O_O_426.wav,kaggle_participant,1,48000,0.4
Kaggle,kaggle_O_O_427.wav,kaggle_participant,1,48000,0.4
Kaggle,kaggle_O_O_428.wav,kaggle_participant,1,48000,0.4
Kaggle,kaggle_O_O_429.wav,kaggle_participant,1,48000,0.4
Kaggle,kaggle_O_O_43.wav,kaggle_participant,1,48000,0.4
Kaggle,kaggle_O_O_430.wav,kaggle_participant,1,48000,0.4
Kaggle,kaggle_O_O_431.wav,kaggle_participant,1,48000,0.4
Kaggle,kaggle_O_O_432.wav,kaggle_participant,1,48000,0.4
Kaggle,kaggle_O_O_433.wav,kaggle_participant,1,48000,0.4
Kaggle,kaggle_O_O_434.wav,kaggle_participant,1,48000,0.4
Kaggle,kaggle_O_O_435.wav,kaggle_participant,1,48000,0.4
Kaggle,kaggle_O_O_436.wav,kaggle_participant,1,48000,0.4
Kaggle,kaggle_O_O_437.wav,kaggle_participant,1,48000,0.4
Kaggle,kaggle_O_O_438.wav,kaggle_participant,1,48000,0.4
Kaggle,kaggle_O_O_439.wav,kaggle_participant,1,48000,0.4
Kaggle,kaggle_O_O_44.wav,kaggle_participant,1,48000,0.4
Kaggle,kaggle_O_O_440.wav,kaggle_participant,1,48000,0.4
Kaggle,kaggle_O_O_441.wav,kaggle_participant,1,48000,0.4
Kaggle,kaggle_O_O_442.wav,kaggle_participant,1,48000,0.4
Kaggle,kaggle_O_O_443.wav,kaggle_participant,1,48000,0.4
Kaggle,kaggle_O_O_444.wav,kaggle_participant,1,48000,0.4000208333333333
Kaggle,kaggle_O_O_445.wav,kaggle_participant,1,48000,0.4
Kaggle,kaggle_O_O_446.wav,kaggle_participant,1,48000,0.4
Kaggle,kaggle_O_O_447.wav,kaggle_participant,1,48000,0.4
Kaggle,kaggle_O_O_448.wav,kaggle_participant,1,48000,0.4000208333333333
Kaggle,kaggle_O_O_449.wav,kaggle_participant,1,48000,0.4000208333333333
Kaggle,kaggle_O_O_45.wav,kaggle_participant,1,48000,0.4
Kaggle,kaggle_O_O_450.wav,kaggle_participant,1,48000,0.4
Kaggle,kaggle_O_O_451.wav,kaggle_participant,1,48000,0.4
Kaggle,kaggle_O_O_452.wav,kaggle_participant,1,48000,0.4
Kaggle,kaggle_O_O_453.wav,kaggle_participant,1,48000,0.4
Kaggle,kaggle_O_O_454.wav,kaggle_participant,1,48000,0.4
Kaggle,kaggle_O_O_455.wav,kaggle_participant,1,48000,0.4
Kaggle,kaggle_O_O_456.wav,kaggle_participant,1,48000,0.4
Kaggle,kaggle_O_O_457.wav,kaggle_participant,1,48000,0.4
Kaggle,kaggle_O_O_458.wav,kaggle_participant,1,48000,0.4
Kaggle,kaggle_O_O_459.wav,kaggle_participant,1,48000,0.4
Kaggle,kaggle_O_O_46.wav,kaggle_participant,1,48000,0.4
Kaggle,kaggle_O_O_460.wav,kaggle_participant,1,48000,0.4
Kaggle,kaggle_O_O_461.wav,kaggle_participant,1,48000,0.4
Kaggle,kaggle_O_O_462.wav,kaggle_participant,1,48000,0.4000208333333333
Kaggle,kaggle_O_O_463.wav,kaggle_participant,1,48000,0.4
Kaggle,kaggle_O_O_464.wav,kaggle_participant,1,48000,0.4
Kaggle,kaggle_O_O_465.wav,kaggle_participant,1,48000,0.4
Kaggle,kaggle_O_O_466.wav,kaggle_participant,1,48000,0.4
Kaggle,kaggle_O_O_467.wav,kaggle_participant,1,48000,0.4
Kaggle,kaggle_O_O_468.wav,kaggle_participant,1,48000,0.4000208333333333
Kaggle,kaggle_O_O_469.wav,kaggle_participant,1,48000,0.4
Kaggle,kaggle_O_O_47.wav,kaggle_participant,1,48000,0.39997916666666666
Kaggle,kaggle_O_O_470.wav,kaggle_participant,1,48000,0.4
Kaggle,kaggle_O_O_471.wav,kaggle_participant,1,48000,0.4000208333333333
Kaggle,kaggle_O_O_472.wav,kaggle_participant,1,48000,0.4
Kaggle,kaggle_O_O_473.wav,kaggle_participant,1,48000,0.4000208333333333
Kaggle,kaggle_O_O_474.wav,kaggle_participant,1,48000,0.4
Kaggle,kaggle_O_O_475.wav,kaggle_participant,1,48000,0.4
Kaggle,kaggle_O_O_476.wav,kaggle_participant,1,48000,0.4
Kaggle,kaggle_O_O_477.wav,kaggle_participant,1,48000,0.4
Kaggle,kaggle_O_O_478.wav,kaggle_participant,1,48000,0.4000208333333333
Kaggle,kaggle_O_O_479.wav,kaggle_participant,1,48000,0.4
Kaggle,kaggle_O_O_48.wav,kaggle_participant,1,48000,0.39997916666666666
Kaggle,kaggle_O_O_480.wav,kaggle_participant,1,48000,0.4
Kaggle,kaggle_O_O_481.wav,kaggle_participant,1,48000,0.4
Kaggle,kaggle_O_O_482.wav,kaggle_participant,1,48000,0.4000208333333333
Kaggle,kaggle_O_O_483.wav,kaggle_participant,1,48000,0.4
Kaggle,kaggle_O_O_484.wav,kaggle_participant,1,48000,0.4
Kaggle,kaggle_O_O_485.wav,kaggle_participant,1,48000,0.4
Kaggle,kaggle_O_O_486.wav,kaggle_participant,1,48000,0.4
Kaggle,kaggle_O_O_487.wav,kaggle_participant,1,48000,0.4
Kaggle,kaggle_O_O_488.wav,kaggle_participant,1,48000,0.4
Kaggle,kaggle_O_O_489.wav,kaggle_participant,1,48000,0.4
Kaggle,kaggle_O_O_49.wav,kaggle_participant,1,48000,0.4
Kaggle,kaggle_O_O_490.wav,kaggle_participant,1,48000,0.4
Kaggle,kaggle_O_O_491.wav,kaggle_participant,1,48000,0.4
Kaggle,kaggle_O_O_492.wav,kaggle_participant,1,48000,0.4
Kaggle,kaggle_O_O_493.wav,kaggle_participant,1,48000,0.4
Kaggle,kaggle_O_O_494.wav,kaggle_participant,1,48000,0.4
Kaggle,kaggle_O_O_495.wav,kaggle_participant,1,48000,0.4
Kaggle,kaggle_O_O_496.wav,kaggle_participant,1,48000,0.4
Kaggle,kaggle_O_O_497.wav,kaggle_participant,1,48000,0.4
Kaggle,kaggle_O_O_498.wav,kaggle_participant,1,48000,0.4
Kaggle,kaggle_O_O_499.wav,kaggle_participant,1,48000,0.4000208333333333
Kaggle,kaggle_O_O_5.wav,kaggle_participant,1,48000,0.39997916666666666
Kaggle,kaggle_O_O_50.wav,kaggle_participant,1,48000,0.4
Kaggle,kaggle_O_O_500.wav,kaggle_participant,1,48000,0.4
Kaggle,kaggle_O_O_501.wav,kaggle_participant,1,48000,0.4
Kaggle,kaggle_O_O_502.wav,kaggle_participant,1,48000,0.4
Kaggle,kaggle_O_O_503.wav,kaggle_participant,1,48000,0.4
Kaggle,kaggle_O_O_504.wav,kaggle_participant,1,48000,0.4
Kaggle,kaggle_O_O_505.wav,kaggle_participant,1,48000,0.4
Kaggle,kaggle_O_O_506.wav,kaggle_participant,1,48000,0.4
Kaggle,kaggle_O_O_507.wav,kaggle_participant,1,48000,0.4
Kaggle,kaggle_O_O_508.wav,kaggle_participant,1,48000,0.4
Kaggle,kaggle_O_O_509.wav,kaggle_participant,1,48000,0.4
Kaggle,kaggle_O_O_51.wav,kaggle_participant,1,48000,0.4000208333333333
Kaggle,kaggle_O_O_510.wav,kaggle_participant,1,48000,0.4
Kaggle,kaggle_O_O_511.wav,kaggle_participant,1,48000,0.4000208333333333
Kaggle,kaggle_O_O_512.wav,kaggle_participant,1,48000,0.4
Kaggle,kaggle_O_O_513.wav,kaggle_participant,1,48000,0.4
Kaggle,kaggle_O_O_514.wav,kaggle_participant,1,48000,0.4000208333333333
Kaggle,kaggle_O_O_515.wav,kaggle_participant,1,48000,0.4
Kaggle,kaggle_O_O_516.wav,kaggle_participant,1,48000,0.4
Kaggle,kaggle_O_O_517.wav,kaggle_participant,1,48000,0.4
Kaggle,kaggle_O_O_518.wav,kaggle_participant,1,48000,0.4
Kaggle,kaggle_O_O_519.wav,kaggle_participant,1,48000,0.4
Kaggle,kaggle_O_O_52.wav,kaggle_participant,1,48000,0.39997916666666666
Kaggle,kaggle_O_O_520.wav,kaggle_participant,1,48000,0.4
Kaggle,kaggle_O_O_521.wav,kaggle_participant,1,48000,0.4
Kaggle,kaggle_O_O_522.wav,kaggle_participant,1,48000,0.4
Kaggle,kaggle_O_O_523.wav,kaggle_participant,1,48000,0.4
Kaggle,kaggle_O_O_524.wav,kaggle_participant,1,48000,0.4
Kaggle,kaggle_O_O_525.wav,kaggle_participant,1,48000,0.4
Kaggle,kaggle_O_O_526.wav,kaggle_participant,1,48000,0.4
Kaggle,kaggle_O_O_527.wav,kaggle_participant,1,48000,0.4000208333333333
Kaggle,kaggle_O_O_528.wav,kaggle_participant,1,48000,0.4
Kaggle,kaggle_O_O_529.wav,kaggle_participant,1,48000,0.4
Kaggle,kaggle_O_O_53.wav,kaggle_participant,1,48000,0.4
Kaggle,kaggle_O_O_530.wav,kaggle_participant,1,48000,0.4
Kaggle,kaggle_O_O_531.wav,kaggle_participant,1,48000,0.4
Kaggle,kaggle_O_O_532.wav,kaggle_participant,1,48000,0.4000208333333333
Kaggle,kaggle_O_O_533.wav,kaggle_participant,1,48000,0.4
Kaggle,kaggle_O_O_534.wav,kaggle_participant,1,48000,0.4
Kaggle,kaggle_O_O_535.wav,kaggle_participant,1,48000,0.4000208333333333
Kaggle,kaggle_O_O_536.wav,kaggle_participant,1,48000,0.4
Kaggle,kaggle_O_O_537.wav,kaggle_participant,1,48000,0.4
Kaggle,kaggle_O_O_538.wav,kaggle_participant,1,48000,0.4
Kaggle,kaggle_O_O_539.wav,kaggle_participant,1,48000,0.4
Kaggle,kaggle_O_O_54.wav,kaggle_participant,1,48000,0.4
Kaggle,kaggle_O_O_540.wav,kaggle_participant,1,48000,0.4
Kaggle,kaggle_O_O_55.wav,kaggle_participant,1,48000,0.4
Kaggle,kaggle_O_O_56.wav,kaggle_participant,1,48000,0.4
Kaggle,kaggle_O_O_57.wav,kaggle_participant,1,48000,0.4
Kaggle,kaggle_O_O_58.wav,kaggle_participant,1,48000,0.4
Kaggle,kaggle_O_O_59.wav,kaggle_participant,1,48000,0.4
Kaggle,kaggle_O_O_6.wav,kaggle_participant,1,48000,0.4
Kaggle,kaggle_O_O_60.wav,kaggle_participant,1,48000,0.4
Kaggle,kaggle_O_O_61.wav,kaggle_participant,1,48000,0.39997916666666666
Kaggle,kaggle_O_O_62.wav,kaggle_participant,1,48000,0.4
Kaggle,kaggle_O_O_63.wav,kaggle_participant,1,48000,0.4
Kaggle,kaggle_O_O_64.wav,kaggle_participant,1,48000,0.4
Kaggle,kaggle_O_O_65.wav,kaggle_participant,1,48000,0.4
Kaggle,kaggle_O_O_66.wav,kaggle_participant,1,48000,0.4
Kaggle,kaggle_O_O_67.wav,kaggle_participant,1,48000,0.4
Kaggle,kaggle_O_O_68.wav,kaggle_participant,1,48000,0.4
Kaggle,kaggle_O_O_69.wav,kaggle_participant,1,48000,0.4
Kaggle,kaggle_O_O_7.wav,kaggle_participant,1,48000,0.4
Kaggle,kaggle_O_O_70.wav,kaggle_participant,1,48000,0.4
Kaggle,kaggle_O_O_71.wav,kaggle_participant,1,48000,0.4
Kaggle,kaggle_O_O_72.wav,kaggle_participant,1,48000,0.4
Kaggle,kaggle_O_O_73.wav,kaggle_participant,1,48000,0.4
Kaggle,kaggle_O_O_74.wav,kaggle_participant,1,48000,0.39997916666666666
Kaggle,kaggle_O_O_75.wav,kaggle_participant,1,48000,0.4
Kaggle,kaggle_O_O_76.wav,kaggle_participant,1,48000,0.4
Kaggle,kaggle_O_O_77.wav,kaggle_participant,1,48000,0.39997916666666666
Kaggle,kaggle_O_O_78.wav,kaggle_participant,1,48000,0.39997916666666666
Kaggle,kaggle_O_O_79.wav,kaggle_participant,1,48000,0.39997916666666666
Kaggle,kaggle_O_O_8.wav,kaggle_participant,1,48000,0.4
Kaggle,kaggle_O_O_80.wav,kaggle_participant,1,48000,0.39997916666666666
Kaggle,kaggle_O_O_81.wav,kaggle_participant,1,48000,0.4
Kaggle,kaggle_O_O_82.wav,kaggle_participant,1,48000,0.4
Kaggle,kaggle_O_O_83.wav,kaggle_participant,1,48000,0.4
Kaggle,kaggle_O_O_84.wav,kaggle_participant,1,48000,0.4
Kaggle,kaggle_O_O_85.wav,kaggle_participant,1,48000,0.4
Kaggle,kaggle_O_O_86.wav,kaggle_participant,1,48000,0.4
Kaggle,kaggle_O_O_87.wav,kaggle_participant,1,48000,0.4
Kaggle,kaggle_O_O_88.wav,kaggle_participant,1,48000,0.4
Kaggle,kaggle_O_O_89.wav,kaggle_participant,1,48000,0.39997916666666666
Kaggle,kaggle_O_O_9.wav,kaggle_participant,1,48000,0.4
Kaggle,kaggle_O_O_90.wav,kaggle_participant,1,48000,0.4
Kaggle,kaggle_O_O_91.wav,kaggle_participant,1,48000,0.39997916666666666
Kaggle,kaggle_O_O_92.wav,kaggle_participant,1,48000,0.4
Kaggle,kaggle_O_O_93.wav,kaggle_participant,1,48000,0.4
Kaggle,kaggle_O_O_94.wav,kaggle_participant,1,48000,0.4
Kaggle,kaggle_O_O_95.wav,kaggle_participant,1,48000,0.39997916666666666
Kaggle,kaggle_O_O_96.wav,kaggle_participant,1,48000,0.4
Kaggle,kaggle_O_O_97.wav,kaggle_participant,1,48000,0.4
Kaggle,kaggle_O_O_98.wav,kaggle_participant,1,48000,0.39997916666666666
Kaggle,kaggle_O_O_99.wav,kaggle_participant,1,48000,0.4
Kaggle,kaggle_P_P_1.wav,kaggle_participant,1,48000,0.4
Kaggle,kaggle_P_P_10.wav,kaggle_participant,1,48000,0.4
Kaggle,kaggle_P_P_100.wav,kaggle_participant,1,48000,0.39997916666666666
Kaggle,kaggle_P_P_101.wav,kaggle_participant,1,48000,0.39997916666666666
Kaggle,kaggle_P_P_102.wav,kaggle_participant,1,48000,0.4
Kaggle,kaggle_P_P_103.wav,kaggle_participant,1,48000,0.4
Kaggle,kaggle_P_P_104.wav,kaggle_participant,1,48000,0.39997916666666666
Kaggle,kaggle_P_P_105.wav,kaggle_participant,1,48000,0.4
Kaggle,kaggle_P_P_106.wav,kaggle_participant,1,48000,0.4
Kaggle,kaggle_P_P_107.wav,kaggle_participant,1,48000,0.4
Kaggle,kaggle_P_P_108.wav,kaggle_participant,1,48000,0.4
Kaggle,kaggle_P_P_109.wav,kaggle_participant,1,48000,0.4
Kaggle,kaggle_P_P_11.wav,kaggle_participant,1,48000,0.4
Kaggle,kaggle_P_P_110.wav,kaggle_participant,1,48000,0.4
Kaggle,kaggle_P_P_111.wav,kaggle_participant,1,48000,0.4
Kaggle,kaggle_P_P_112.wav,kaggle_participant,1,48000,0.4
Kaggle,kaggle_P_P_113.wav,kaggle_participant,1,48000,0.4
Kaggle,kaggle_P_P_114.wav,kaggle_participant,1,48000,0.4
Kaggle,kaggle_P_P_115.wav,kaggle_participant,1,48000,0.4
Kaggle,kaggle_P_P_116.wav,kaggle_participant,1,48000,0.4
Kaggle,kaggle_P_P_117.wav,kaggle_participant,1,48000,0.4
Kaggle,kaggle_P_P_118.wav,kaggle_participant,1,48000,0.4
Kaggle,kaggle_P_P_119.wav,kaggle_participant,1,48000,0.4
Kaggle,kaggle_P_P_12.wav,kaggle_participant,1,48000,0.4
Kaggle,kaggle_P_P_120.wav,kaggle_participant,1,48000,0.4
Kaggle,kaggle_P_P_121.wav,kaggle_participant,1,48000,0.4
Kaggle,kaggle_P_P_122.wav,kaggle_participant,1,48000,0.4
Kaggle,kaggle_P_P_123.wav,kaggle_participant,1,48000,0.4
Kaggle,kaggle_P_P_124.wav,kaggle_participant,1,48000,0.4
Kaggle,kaggle_P_P_125.wav,kaggle_participant,1,48000,0.4
Kaggle,kaggle_P_P_126.wav,kaggle_participant,1,48000,0.4
Kaggle,kaggle_P_P_127.wav,kaggle_participant,1,48000,0.4
Kaggle,kaggle_P_P_128.wav,kaggle_participant,1,48000,0.4
Kaggle,kaggle_P_P_129.wav,kaggle_participant,1,48000,0.4
Kaggle,kaggle_P_P_13.wav,kaggle_participant,1,48000,0.4
Kaggle,kaggle_P_P_130.wav,kaggle_participant,1,48000,0.4
Kaggle,kaggle_P_P_131.wav,kaggle_participant,1,48000,0.4
Kaggle,kaggle_P_P_132.wav,kaggle_participant,1,48000,0.4
Kaggle,kaggle_P_P_133.wav,kaggle_participant,1,48000,0.4
Kaggle,kaggle_P_P_134.wav,kaggle_participant,1,48000,0.4
Kaggle,kaggle_P_P_135.wav,kaggle_participant,1,48000,0.4
Kaggle,kaggle_P_P_136.wav,kaggle_participant,1,48000,0.4
Kaggle,kaggle_P_P_137.wav,kaggle_participant,1,48000,0.4
Kaggle,kaggle_P_P_138.wav,kaggle_participant,1,48000,0.4
Kaggle,kaggle_P_P_139.wav,kaggle_participant,1,48000,0.4
Kaggle,kaggle_P_P_14.wav,kaggle_participant,1,48000,0.4
Kaggle,kaggle_P_P_140.wav,kaggle_participant,1,48000,0.4
Kaggle,kaggle_P_P_141.wav,kaggle_participant,1,48000,0.4
Kaggle,kaggle_P_P_142.wav,kaggle_participant,1,48000,0.4
Kaggle,kaggle_P_P_143.wav,kaggle_participant,1,48000,0.4
Kaggle,kaggle_P_P_144.wav,kaggle_participant,1,48000,0.4
Kaggle,kaggle_P_P_145.wav,kaggle_participant,1,48000,0.4
Kaggle,kaggle_P_P_146.wav,kaggle_participant,1,48000,0.4
Kaggle,kaggle_P_P_147.wav,kaggle_participant,1,48000,0.4
Kaggle,kaggle_P_P_148.wav,kaggle_participant,1,48000,0.4
Kaggle,kaggle_P_P_149.wav,kaggle_participant,1,48000,0.4
Kaggle,kaggle_P_P_15.wav,kaggle_participant,1,48000,0.4
Kaggle,kaggle_P_P_150.wav,kaggle_participant,1,48000,0.4
Kaggle,kaggle_P_P_151.wav,kaggle_participant,1,48000,0.4
Kaggle,kaggle_P_P_152.wav,kaggle_participant,1,48000,0.4
Kaggle,kaggle_P_P_153.wav,kaggle_participant,1,48000,0.4
Kaggle,kaggle_P_P_154.wav,kaggle_participant,1,48000,0.4
Kaggle,kaggle_P_P_155.wav,kaggle_participant,1,48000,0.4
Kaggle,kaggle_P_P_156.wav,kaggle_participant,1,48000,0.4
Kaggle,kaggle_P_P_157.wav,kaggle_participant,1,48000,0.4
Kaggle,kaggle_P_P_158.wav,kaggle_participant,1,48000,0.4
Kaggle,kaggle_P_P_159.wav,kaggle_participant,1,48000,0.4
Kaggle,kaggle_P_P_16.wav,kaggle_participant,1,48000,0.4
Kaggle,kaggle_P_P_160.wav,kaggle_participant,1,48000,0.4
Kaggle,kaggle_P_P_161.wav,kaggle_participant,1,48000,0.4
Kaggle,kaggle_P_P_162.wav,kaggle_participant,1,48000,0.4
Kaggle,kaggle_P_P_163.wav,kaggle_participant,1,48000,0.4
Kaggle,kaggle_P_P_164.wav,kaggle_participant,1,48000,0.4
Kaggle,kaggle_P_P_165.wav,kaggle_participant,1,48000,0.4
Kaggle,kaggle_P_P_166.wav,kaggle_participant,1,48000,0.4
Kaggle,kaggle_P_P_167.wav,kaggle_participant,1,48000,0.4
Kaggle,kaggle_P_P_168.wav,kaggle_participant,1,48000,0.4
Kaggle,kaggle_P_P_169.wav,kaggle_participant,1,48000,0.4
Kaggle,kaggle_P_P_17.wav,kaggle_participant,1,48000,0.4
Kaggle,kaggle_P_P_170.wav,kaggle_participant,1,48000,0.4
Kaggle,kaggle_P_P_171.wav,kaggle_participant,1,48000,0.4
Kaggle,kaggle_P_P_172.wav,kaggle_participant,1,48000,0.4
Kaggle,kaggle_P_P_173.wav,kaggle_participant,1,48000,0.4
Kaggle,kaggle_P_P_174.wav,kaggle_participant,1,48000,0.4
Kaggle,kaggle_P_P_175.wav,kaggle_participant,1,48000,0.4
Kaggle,kaggle_P_P_176.wav,kaggle_participant,1,48000,0.4
Kaggle,kaggle_P_P_177.wav,kaggle_participant,1,48000,0.4
Kaggle,kaggle_P_P_178.wav,kaggle_participant,1,48000,0.4
Kaggle,kaggle_P_P_179.wav,kaggle_participant,1,48000,0.4
Kaggle,kaggle_P_P_18.wav,kaggle_participant,1,48000,0.4
Kaggle,kaggle_P_P_180.wav,kaggle_participant,1,48000,0.4
Kaggle,kaggle_P_P_181.wav,kaggle_participant,1,48000,0.4
Kaggle,kaggle_P_P_182.wav,kaggle_participant,1,48000,0.4
Kaggle,kaggle_P_P_183.wav,kaggle_participant,1,48000,0.4
Kaggle,kaggle_P_P_184.wav,kaggle_participant,1,48000,0.4
Kaggle,kaggle_P_P_185.wav,kaggle_participant,1,48000,0.4
Kaggle,kaggle_P_P_186.wav,kaggle_participant,1,48000,0.4
Kaggle,kaggle_P_P_187.wav,kaggle_participant,1,48000,0.4
Kaggle,kaggle_P_P_188.wav,kaggle_participant,1,48000,0.4
Kaggle,kaggle_P_P_189.wav,kaggle_participant,1,48000,0.4
Kaggle,kaggle_P_P_19.wav,kaggle_participant,1,48000,0.4
Kaggle,kaggle_P_P_190.wav,kaggle_participant,1,48000,0.4
Kaggle,kaggle_P_P_191.wav,kaggle_participant,1,48000,0.4
Kaggle,kaggle_P_P_192.wav,kaggle_participant,1,48000,0.4
Kaggle,kaggle_P_P_193.wav,kaggle_participant,1,48000,0.4
Kaggle,kaggle_P_P_194.wav,kaggle_participant,1,48000,0.4
Kaggle,kaggle_P_P_195.wav,kaggle_participant,1,48000,0.4
Kaggle,kaggle_P_P_196.wav,kaggle_participant,1,48000,0.4
Kaggle,kaggle_P_P_197.wav,kaggle_participant,1,48000,0.4
Kaggle,kaggle_P_P_198.wav,kaggle_participant,1,48000,0.4
Kaggle,kaggle_P_P_199.wav,kaggle_participant,1,48000,0.4
Kaggle,kaggle_P_P_2.wav,kaggle_participant,1,48000,0.4
Kaggle,kaggle_P_P_20.wav,kaggle_participant,1,48000,0.4
Kaggle,kaggle_P_P_200.wav,kaggle_participant,1,48000,0.4
Kaggle,kaggle_P_P_201.wav,kaggle_participant,1,48000,0.4
Kaggle,kaggle_P_P_202.wav,kaggle_participant,1,48000,0.4
Kaggle,kaggle_P_P_203.wav,kaggle_participant,1,48000,0.4
Kaggle,kaggle_P_P_204.wav,kaggle_participant,1,48000,0.4
Kaggle,kaggle_P_P_205.wav,kaggle_participant,1,48000,0.4
Kaggle,kaggle_P_P_206.wav,kaggle_participant,1,48000,0.4
Kaggle,kaggle_P_P_207.wav,kaggle_participant,1,48000,0.4
Kaggle,kaggle_P_P_208.wav,kaggle_participant,1,48000,0.4
Kaggle,kaggle_P_P_209.wav,kaggle_participant,1,48000,0.4
Kaggle,kaggle_P_P_21.wav,kaggle_participant,1,48000,0.4000208333333333
Kaggle,kaggle_P_P_210.wav,kaggle_participant,1,48000,0.4
Kaggle,kaggle_P_P_211.wav,kaggle_participant,1,48000,0.4
Kaggle,kaggle_P_P_212.wav,kaggle_participant,1,48000,0.4
Kaggle,kaggle_P_P_213.wav,kaggle_participant,1,48000,0.4
Kaggle,kaggle_P_P_214.wav,kaggle_participant,1,48000,0.4
Kaggle,kaggle_P_P_215.wav,kaggle_participant,1,48000,0.4
Kaggle,kaggle_P_P_216.wav,kaggle_participant,1,48000,0.4
Kaggle,kaggle_P_P_217.wav,kaggle_participant,1,48000,0.4
Kaggle,kaggle_P_P_218.wav,kaggle_participant,1,48000,0.4
Kaggle,kaggle_P_P_219.wav,kaggle_participant,1,48000,0.4
Kaggle,kaggle_P_P_22.wav,kaggle_participant,1,48000,0.4000208333333333
Kaggle,kaggle_P_P_220.wav,kaggle_participant,1,48000,0.4
Kaggle,kaggle_P_P_221.wav,kaggle_participant,1,48000,0.4
Kaggle,kaggle_P_P_222.wav,kaggle_participant,1,48000,0.4
Kaggle,kaggle_P_P_223.wav,kaggle_participant,1,48000,0.4
Kaggle,kaggle_P_P_224.wav,kaggle_participant,1,48000,0.4
Kaggle,kaggle_P_P_225.wav,kaggle_participant,1,48000,0.4
Kaggle,kaggle_P_P_226.wav,kaggle_participant,1,48000,0.4
Kaggle,kaggle_P_P_227.wav,kaggle_participant,1,48000,0.4
Kaggle,kaggle_P_P_228.wav,kaggle_participant,1,48000,0.4
Kaggle,kaggle_P_P_229.wav,kaggle_participant,1,48000,0.4
Kaggle,kaggle_P_P_23.wav,kaggle_participant,1,48000,0.4000208333333333
Kaggle,kaggle_P_P_230.wav,kaggle_participant,1,48000,0.4
Kaggle,kaggle_P_P_231.wav,kaggle_participant,1,48000,0.4
Kaggle,kaggle_P_P_232.wav,kaggle_participant,1,48000,0.4
Kaggle,kaggle_P_P_233.wav,kaggle_participant,1,48000,0.4
Kaggle,kaggle_P_P_234.wav,kaggle_participant,1,48000,0.4
Kaggle,kaggle_P_P_235.wav,kaggle_participant,1,48000,0.4
Kaggle,kaggle_P_P_236.wav,kaggle_participant,1,48000,0.4
Kaggle,kaggle_P_P_237.wav,kaggle_participant,1,48000,0.4
Kaggle,kaggle_P_P_238.wav,kaggle_participant,1,48000,0.4
Kaggle,kaggle_P_P_239.wav,kaggle_participant,1,48000,0.4
Kaggle,kaggle_P_P_24.wav,kaggle_participant,1,48000,0.4
Kaggle,kaggle_P_P_240.wav,kaggle_participant,1,48000,0.4
Kaggle,kaggle_P_P_241.wav,kaggle_participant,1,48000,0.4
Kaggle,kaggle_P_P_242.wav,kaggle_participant,1,48000,0.4
Kaggle,kaggle_P_P_243.wav,kaggle_participant,1,48000,0.4
Kaggle,kaggle_P_P_244.wav,kaggle_participant,1,48000,0.4
Kaggle,kaggle_P_P_245.wav,kaggle_participant,1,48000,0.4
Kaggle,kaggle_P_P_246.wav,kaggle_participant,1,48000,0.4
Kaggle,kaggle_P_P_247.wav,kaggle_participant,1,48000,0.4
Kaggle,kaggle_P_P_248.wav,kaggle_participant,1,48000,0.4
Kaggle,kaggle_P_P_249.wav,kaggle_participant,1,48000,0.4
Kaggle,kaggle_P_P_25.wav,kaggle_participant,1,48000,0.4
Kaggle,kaggle_P_P_250.wav,kaggle_participant,1,48000,0.4
Kaggle,kaggle_P_P_251.wav,kaggle_participant,1,48000,0.4
Kaggle,kaggle_P_P_252.wav,kaggle_participant,1,48000,0.4
Kaggle,kaggle_P_P_253.wav,kaggle_participant,1,48000,0.4
Kaggle,kaggle_P_P_254.wav,kaggle_participant,1,48000,0.4
Kaggle,kaggle_P_P_255.wav,kaggle_participant,1,48000,0.4
Kaggle,kaggle_P_P_256.wav,kaggle_participant,1,48000,0.4
Kaggle,kaggle_P_P_257.wav,kaggle_participant,1,48000,0.4
Kaggle,kaggle_P_P_258.wav,kaggle_participant,1,48000,0.4
Kaggle,kaggle_P_P_259.wav,kaggle_participant,1,48000,0.4
Kaggle,kaggle_P_P_26.wav,kaggle_participant,1,48000,0.4
Kaggle,kaggle_P_P_260.wav,kaggle_participant,1,48000,0.4
Kaggle,kaggle_P_P_261.wav,kaggle_participant,1,48000,0.4
Kaggle,kaggle_P_P_262.wav,kaggle_participant,1,48000,0.4
Kaggle,kaggle_P_P_263.wav,kaggle_participant,1,48000,0.4
Kaggle,kaggle_P_P_264.wav,kaggle_participant,1,48000,0.4
Kaggle,kaggle_P_P_265.wav,kaggle_participant,1,48000,0.4
Kaggle,kaggle_P_P_266.wav,kaggle_participant,1,48000,0.4
Kaggle,kaggle_P_P_267.wav,kaggle_participant,1,48000,0.4
Kaggle,kaggle_P_P_268.wav,kaggle_participant,1,48000,0.4
Kaggle,kaggle_P_P_269.wav,kaggle_participant,1,48000,0.4
Kaggle,kaggle_P_P_27.wav,kaggle_participant,1,48000,0.4
Kaggle,kaggle_P_P_270.wav,kaggle_participant,1,48000,0.4
Kaggle,kaggle_P_P_271.wav,kaggle_participant,1,48000,0.4
Kaggle,kaggle_P_P_272.wav,kaggle_participant,1,48000,0.4
Kaggle,kaggle_P_P_273.wav,kaggle_participant,1,48000,0.4
Kaggle,kaggle_P_P_274.wav,kaggle_participant,1,48000,0.4
Kaggle,kaggle_P_P_275.wav,kaggle_participant,1,48000,0.4
Kaggle,kaggle_P_P_276.wav,kaggle_participant,1,48000,0.4
Kaggle,kaggle_P_P_277.wav,kaggle_participant,1,48000,0.4
Kaggle,kaggle_P_P_278.wav,kaggle_participant,1,48000,0.4
Kaggle,kaggle_P_P_279.wav,kaggle_participant,1,48000,0.4
Kaggle,kaggle_P_P_28.wav,kaggle_participant,1,48000,0.4
Kaggle,kaggle_P_P_280.wav,kaggle_participant,1,48000,0.4
Kaggle,kaggle_P_P_281.wav,kaggle_participant,1,48000,0.4
Kaggle,kaggle_P_P_282.wav,kaggle_participant,1,48000,0.4
Kaggle,kaggle_P_P_283.wav,kaggle_participant,1,48000,0.4
Kaggle,kaggle_P_P_284.wav,kaggle_participant,1,48000,0.4
Kaggle,kaggle_P_P_285.wav,kaggle_participant,1,48000,0.4
Kaggle,kaggle_P_P_286.wav,kaggle_participant,1,48000,0.4
Kaggle,kaggle_P_P_287.wav,kaggle_participant,1,48000,0.4
Kaggle,kaggle_P_P_288.wav,kaggle_participant,1,48000,0.4
Kaggle,kaggle_P_P_289.wav,kaggle_participant,1,48000,0.4
Kaggle,kaggle_P_P_29.wav,kaggle_participant,1,48000,0.4
Kaggle,kaggle_P_P_290.wav,kaggle_participant,1,48000,0.4
Kaggle,kaggle_P_P_291.wav,kaggle_participant,1,48000,0.4
Kaggle,kaggle_P_P_292.wav,kaggle_participant,1,48000,0.4
Kaggle,kaggle_P_P_293.wav,kaggle_participant,1,48000,0.4
Kaggle,kaggle_P_P_294.wav,kaggle_participant,1,48000,0.4
Kaggle,kaggle_P_P_295.wav,kaggle_participant,1,48000,0.4
Kaggle,kaggle_P_P_296.wav,kaggle_participant,1,48000,0.4
Kaggle,kaggle_P_P_297.wav,kaggle_participant,1,48000,0.4
Kaggle,kaggle_P_P_298.wav,kaggle_participant,1,48000,0.4
Kaggle,kaggle_P_P_299.wav,kaggle_participant,1,48000,0.4
Kaggle,kaggle_P_P_3.wav,kaggle_participant,1,48000,0.4
Kaggle,kaggle_P_P_30.wav,kaggle_participant,1,48000,0.4
Kaggle,kaggle_P_P_300.wav,kaggle_participant,1,48000,0.4
Kaggle,kaggle_P_P_301.wav,kaggle_participant,1,48000,0.4
Kaggle,kaggle_P_P_302.wav,kaggle_participant,1,48000,0.4
Kaggle,kaggle_P_P_303.wav,kaggle_participant,1,48000,0.4
Kaggle,kaggle_P_P_304.wav,kaggle_participant,1,48000,0.4
Kaggle,kaggle_P_P_305.wav,kaggle_participant,1,48000,0.4
Kaggle,kaggle_P_P_306.wav,kaggle_participant,1,48000,0.4
Kaggle,kaggle_P_P_307.wav,kaggle_participant,1,48000,0.4
Kaggle,kaggle_P_P_308.wav,kaggle_participant,1,48000,0.4
Kaggle,kaggle_P_P_309.wav,kaggle_participant,1,48000,0.4
Kaggle,kaggle_P_P_31.wav,kaggle_participant,1,48000,0.4000208333333333
Kaggle,kaggle_P_P_310.wav,kaggle_participant,1,48000,0.4
Kaggle,kaggle_P_P_311.wav,kaggle_participant,1,48000,0.4000208333333333
Kaggle,kaggle_P_P_312.wav,kaggle_participant,1,48000,0.4000208333333333
Kaggle,kaggle_P_P_313.wav,kaggle_participant,1,48000,0.4
Kaggle,kaggle_P_P_314.wav,kaggle_participant,1,48000,0.4
Kaggle,kaggle_P_P_315.wav,kaggle_participant,1,48000,0.4
Kaggle,kaggle_P_P_316.wav,kaggle_participant,1,48000,0.4
Kaggle,kaggle_P_P_317.wav,kaggle_participant,1,48000,0.4
Kaggle,kaggle_P_P_318.wav,kaggle_participant,1,48000,0.4
Kaggle,kaggle_P_P_319.wav,kaggle_participant,1,48000,0.4
Kaggle,kaggle_P_P_32.wav,kaggle_participant,1,48000,0.4
Kaggle,kaggle_P_P_320.wav,kaggle_participant,1,48000,0.4
Kaggle,kaggle_P_P_321.wav,kaggle_participant,1,48000,0.4
Kaggle,kaggle_P_P_322.wav,kaggle_participant,1,48000,0.4
Kaggle,kaggle_P_P_323.wav,kaggle_participant,1,48000,0.4
Kaggle,kaggle_P_P_324.wav,kaggle_participant,1,48000,0.4000208333333333
Kaggle,kaggle_P_P_325.wav,kaggle_participant,1,48000,0.4000208333333333
Kaggle,kaggle_P_P_326.wav,kaggle_participant,1,48000,0.4000208333333333
Kaggle,kaggle_P_P_327.wav,kaggle_participant,1,48000,0.4000208333333333
Kaggle,kaggle_P_P_328.wav,kaggle_participant,1,48000,0.4000208333333333
Kaggle,kaggle_P_P_329.wav,kaggle_participant,1,48000,0.4
Kaggle,kaggle_P_P_33.wav,kaggle_participant,1,48000,0.4
Kaggle,kaggle_P_P_330.wav,kaggle_participant,1,48000,0.4
Kaggle,kaggle_P_P_331.wav,kaggle_participant,1,48000,0.4000208333333333
Kaggle,kaggle_P_P_332.wav,kaggle_participant,1,48000,0.4000208333333333
Kaggle,kaggle_P_P_333.wav,kaggle_participant,1,48000,0.4
Kaggle,kaggle_P_P_334.wav,kaggle_participant,1,48000,0.4
Kaggle,kaggle_P_P_335.wav,kaggle_participant,1,48000,0.4
Kaggle,kaggle_P_P_336.wav,kaggle_participant,1,48000,0.4
Kaggle,kaggle_P_P_337.wav,kaggle_participant,1,48000,0.4000208333333333
Kaggle,kaggle_P_P_338.wav,kaggle_participant,1,48000,0.4000208333333333
Kaggle,kaggle_P_P_339.wav,kaggle_participant,1,48000,0.4000208333333333
Kaggle,kaggle_P_P_34.wav,kaggle_participant,1,48000,0.4
Kaggle,kaggle_P_P_340.wav,kaggle_participant,1,48000,0.4
Kaggle,kaggle_P_P_341.wav,kaggle_participant,1,48000,0.4000208333333333
Kaggle,kaggle_P_P_342.wav,kaggle_participant,1,48000,0.4000208333333333
Kaggle,kaggle_P_P_343.wav,kaggle_participant,1,48000,0.4000208333333333
Kaggle,kaggle_P_P_344.wav,kaggle_participant,1,48000,0.4
Kaggle,kaggle_P_P_345.wav,kaggle_participant,1,48000,0.4
Kaggle,kaggle_P_P_346.wav,kaggle_participant,1,48000,0.4000208333333333
Kaggle,kaggle_P_P_347.wav,kaggle_participant,1,48000,0.4
Kaggle,kaggle_P_P_348.wav,kaggle_participant,1,48000,0.4
Kaggle,kaggle_P_P_349.wav,kaggle_participant,1,48000,0.4000208333333333
Kaggle,kaggle_P_P_35.wav,kaggle_participant,1,48000,0.4000208333333333
Kaggle,kaggle_P_P_350.wav,kaggle_participant,1,48000,0.4
Kaggle,kaggle_P_P_351.wav,kaggle_participant,1,48000,0.4
Kaggle,kaggle_P_P_352.wav,kaggle_participant,1,48000,0.4
Kaggle,kaggle_P_P_353.wav,kaggle_participant,1,48000,0.4000208333333333
Kaggle,kaggle_P_P_354.wav,kaggle_participant,1,48000,0.4000208333333333
Kaggle,kaggle_P_P_36.wav,kaggle_participant,1,48000,0.4
Kaggle,kaggle_P_P_37.wav,kaggle_participant,1,48000,0.4
Kaggle,kaggle_P_P_38.wav,kaggle_participant,1,48000,0.4000208333333333
Kaggle,kaggle_P_P_39.wav,kaggle_participant,1,48000,0.4
Kaggle,kaggle_P_P_4.wav,kaggle_participant,1,48000,0.4
Kaggle,kaggle_P_P_40.wav,kaggle_participant,1,48000,0.4
Kaggle,kaggle_P_P_41.wav,kaggle_participant,1,48000,0.4
Kaggle,kaggle_P_P_42.wav,kaggle_participant,1,48000,0.39997916666666666
Kaggle,kaggle_P_P_43.wav,kaggle_participant,1,48000,0.39997916666666666
Kaggle,kaggle_P_P_44.wav,kaggle_participant,1,48000,0.4
Kaggle,kaggle_P_P_45.wav,kaggle_participant,1,48000,0.4
Kaggle,kaggle_P_P_46.wav,kaggle_participant,1,48000,0.4
Kaggle,kaggle_P_P_47.wav,kaggle_participant,1,48000,0.4
Kaggle,kaggle_P_P_48.wav,kaggle_participant,1,48000,0.39997916666666666
Kaggle,kaggle_P_P_49.wav,kaggle_participant,1,48000,0.4
Kaggle,kaggle_P_P_5.wav,kaggle_participant,1,48000,0.4
Kaggle,kaggle_P_P_50.wav,kaggle_participant,1,48000,0.39997916666666666
Kaggle,kaggle_P_P_51.wav,kaggle_participant,1,48000,0.4
Kaggle,kaggle_P_P_52.wav,kaggle_participant,1,48000,0.4
Kaggle,kaggle_P_P_53.wav,kaggle_participant,1,48000,0.4
Kaggle,kaggle_P_P_54.wav,kaggle_participant,1,48000,0.4000208333333333
Kaggle,kaggle_P_P_55.wav,kaggle_participant,1,48000,0.4
Kaggle,kaggle_P_P_56.wav,kaggle_participant,1,48000,0.39997916666666666
Kaggle,kaggle_P_P_57.wav,kaggle_participant,1,48000,0.4
Kaggle,kaggle_P_P_58.wav,kaggle_participant,1,48000,0.4
Kaggle,kaggle_P_P_59.wav,kaggle_participant,1,48000,0.4
Kaggle,kaggle_P_P_6.wav,kaggle_participant,1,48000,0.4
Kaggle,kaggle_P_P_60.wav,kaggle_participant,1,48000,0.4
Kaggle,kaggle_P_P_61.wav,kaggle_participant,1,48000,0.4
Kaggle,kaggle_P_P_62.wav,kaggle_participant,1,48000,0.4
Kaggle,kaggle_P_P_63.wav,kaggle_participant,1,48000,0.4
Kaggle,kaggle_P_P_64.wav,kaggle_participant,1,48000,0.4
Kaggle,kaggle_P_P_65.wav,kaggle_participant,1,48000,0.4
Kaggle,kaggle_P_P_66.wav,kaggle_participant,1,48000,0.4
Kaggle,kaggle_P_P_67.wav,kaggle_participant,1,48000,0.4
Kaggle,kaggle_P_P_68.wav,kaggle_participant,1,48000,0.4
Kaggle,kaggle_P_P_69.wav,kaggle_participant,1,48000,0.4
Kaggle,kaggle_P_P_7.wav,kaggle_participant,1,48000,0.4
Kaggle,kaggle_P_P_70.wav,kaggle_participant,1,48000,0.4
Kaggle,kaggle_P_P_71.wav,kaggle_participant,1,48000,0.4
Kaggle,kaggle_P_P_72.wav,kaggle_participant,1,48000,0.4
Kaggle,kaggle_P_P_73.wav,kaggle_participant,1,48000,0.4
Kaggle,kaggle_P_P_74.wav,kaggle_participant,1,48000,0.39997916666666666
Kaggle,kaggle_P_P_75.wav,kaggle_participant,1,48000,0.39997916666666666
Kaggle,kaggle_P_P_76.wav,kaggle_participant,1,48000,0.4
Kaggle,kaggle_P_P_77.wav,kaggle_participant,1,48000,0.4
Kaggle,kaggle_P_P_78.wav,kaggle_participant,1,48000,0.4
Kaggle,kaggle_P_P_79.wav,kaggle_participant,1,48000,0.4
Kaggle,kaggle_P_P_8.wav,kaggle_participant,1,48000,0.4
Kaggle,kaggle_P_P_80.wav,kaggle_participant,1,48000,0.39997916666666666
Kaggle,kaggle_P_P_81.wav,kaggle_participant,1,48000,0.4
Kaggle,kaggle_P_P_82.wav,kaggle_participant,1,48000,0.4
Kaggle,kaggle_P_P_83.wav,kaggle_participant,1,48000,0.4
Kaggle,kaggle_P_P_84.wav,kaggle_participant,1,48000,0.4
Kaggle,kaggle_P_P_85.wav,kaggle_participant,1,48000,0.4
Kaggle,kaggle_P_P_86.wav,kaggle_participant,1,48000,0.39997916666666666
Kaggle,kaggle_P_P_87.wav,kaggle_participant,1,48000,0.4
Kaggle,kaggle_P_P_88.wav,kaggle_participant,1,48000,0.39997916666666666
Kaggle,kaggle_P_P_89.wav,kaggle_participant,1,48000,0.4
Kaggle,kaggle_P_P_9.wav,kaggle_participant,1,48000,0.4
Kaggle,kaggle_P_P_90.wav,kaggle_participant,1,48000,0.39997916666666666
Kaggle,kaggle_P_P_91.wav,kaggle_participant,1,48000,0.39997916666666666
Kaggle,kaggle_P_P_92.wav,kaggle_participant,1,48000,0.4
Kaggle,kaggle_P_P_93.wav,kaggle_participant,1,48000,0.4
Kaggle,kaggle_P_P_94.wav,kaggle_participant,1,48000,0.39997916666666666
Kaggle,kaggle_P_P_95.wav,kaggle_participant,1,48000,0.39997916666666666
Kaggle,kaggle_P_P_96.wav,kaggle_participant,1,48000,0.4
Kaggle,kaggle_P_P_97.wav,kaggle_participant,1,48000,0.39997916666666666
Kaggle,kaggle_P_P_98.wav,kaggle_participant,1,48000,0.4
Kaggle,kaggle_P_P_99.wav,kaggle_participant,1,48000,0.4
Kaggle,kaggle_Q_Q_1.wav,kaggle_participant,1,48000,0.4
Kaggle,kaggle_Q_Q_10.wav,kaggle_participant,1,48000,0.4
Kaggle,kaggle_Q_Q_100.wav,kaggle_participant,1,48000,0.4
Kaggle,kaggle_Q_Q_101.wav,kaggle_participant,1,48000,0.4
Kaggle,kaggle_Q_Q_102.wav,kaggle_participant,1,48000,0.4
Kaggle,kaggle_Q_Q_103.wav,kaggle_participant,1,48000,0.4
Kaggle,kaggle_Q_Q_104.wav,kaggle_participant,1,48000,0.4
Kaggle,kaggle_Q_Q_105.wav,kaggle_participant,1,48000,0.4
Kaggle,kaggle_Q_Q_106.wav,kaggle_participant,1,48000,0.4
Kaggle,kaggle_Q_Q_107.wav,kaggle_participant,1,48000,0.4
Kaggle,kaggle_Q_Q_108.wav,kaggle_participant,1,48000,0.4
Kaggle,kaggle_Q_Q_109.wav,kaggle_participant,1,48000,0.4
Kaggle,kaggle_Q_Q_11.wav,kaggle_participant,1,48000,0.4
Kaggle,kaggle_Q_Q_110.wav,kaggle_participant,1,48000,0.4
Kaggle,kaggle_Q_Q_111.wav,kaggle_participant,1,48000,0.4
Kaggle,kaggle_Q_Q_112.wav,kaggle_participant,1,48000,0.4
Kaggle,kaggle_Q_Q_113.wav,kaggle_participant,1,48000,0.4
Kaggle,kaggle_Q_Q_114.wav,kaggle_participant,1,48000,0.4
Kaggle,kaggle_Q_Q_115.wav,kaggle_participant,1,48000,0.4
Kaggle,kaggle_Q_Q_116.wav,kaggle_participant,1,48000,0.4
Kaggle,kaggle_Q_Q_117.wav,kaggle_participant,1,48000,0.4
Kaggle,kaggle_Q_Q_118.wav,kaggle_participant,1,48000,0.4
Kaggle,kaggle_Q_Q_119.wav,kaggle_participant,1,48000,0.4
Kaggle,kaggle_Q_Q_12.wav,kaggle_participant,1,48000,0.4
Kaggle,kaggle_Q_Q_120.wav,kaggle_participant,1,48000,0.4
Kaggle,kaggle_Q_Q_121.wav,kaggle_participant,1,48000,0.4
Kaggle,kaggle_Q_Q_122.wav,kaggle_participant,1,48000,0.4
Kaggle,kaggle_Q_Q_123.wav,kaggle_participant,1,48000,0.4
Kaggle,kaggle_Q_Q_124.wav,kaggle_participant,1,48000,0.4
Kaggle,kaggle_Q_Q_125.wav,kaggle_participant,1,48000,0.4
Kaggle,kaggle_Q_Q_126.wav,kaggle_participant,1,48000,0.4
Kaggle,kaggle_Q_Q_127.wav,kaggle_participant,1,48000,0.4
Kaggle,kaggle_Q_Q_128.wav,kaggle_participant,1,48000,0.4
Kaggle,kaggle_Q_Q_129.wav,kaggle_participant,1,48000,0.4
Kaggle,kaggle_Q_Q_13.wav,kaggle_participant,1,48000,0.4
Kaggle,kaggle_Q_Q_130.wav,kaggle_participant,1,48000,0.4
Kaggle,kaggle_Q_Q_131.wav,kaggle_participant,1,48000,0.4
Kaggle,kaggle_Q_Q_132.wav,kaggle_participant,1,48000,0.4
Kaggle,kaggle_Q_Q_133.wav,kaggle_participant,1,48000,0.4
Kaggle,kaggle_Q_Q_134.wav,kaggle_participant,1,48000,0.4
Kaggle,kaggle_Q_Q_135.wav,kaggle_participant,1,48000,0.4
Kaggle,kaggle_Q_Q_136.wav,kaggle_participant,1,48000,0.4
Kaggle,kaggle_Q_Q_137.wav,kaggle_participant,1,48000,0.4
Kaggle,kaggle_Q_Q_138.wav,kaggle_participant,1,48000,0.4
Kaggle,kaggle_Q_Q_139.wav,kaggle_participant,1,48000,0.4
Kaggle,kaggle_Q_Q_14.wav,kaggle_participant,1,48000,0.4
Kaggle,kaggle_Q_Q_140.wav,kaggle_participant,1,48000,0.4
Kaggle,kaggle_Q_Q_141.wav,kaggle_participant,1,48000,0.4
Kaggle,kaggle_Q_Q_142.wav,kaggle_participant,1,48000,0.4
Kaggle,kaggle_Q_Q_143.wav,kaggle_participant,1,48000,0.4
Kaggle,kaggle_Q_Q_144.wav,kaggle_participant,1,48000,0.4
Kaggle,kaggle_Q_Q_145.wav,kaggle_participant,1,48000,0.4
Kaggle,kaggle_Q_Q_146.wav,kaggle_participant,1,48000,0.4
Kaggle,kaggle_Q_Q_147.wav,kaggle_participant,1,48000,0.4
Kaggle,kaggle_Q_Q_148.wav,kaggle_participant,1,48000,0.4
Kaggle,kaggle_Q_Q_149.wav,kaggle_participant,1,48000,0.4
Kaggle,kaggle_Q_Q_15.wav,kaggle_participant,1,48000,0.4
Kaggle,kaggle_Q_Q_150.wav,kaggle_participant,1,48000,0.4
Kaggle,kaggle_Q_Q_151.wav,kaggle_participant,1,48000,0.4
Kaggle,kaggle_Q_Q_152.wav,kaggle_participant,1,48000,0.4
Kaggle,kaggle_Q_Q_153.wav,kaggle_participant,1,48000,0.4
Kaggle,kaggle_Q_Q_154.wav,kaggle_participant,1,48000,0.4
Kaggle,kaggle_Q_Q_155.wav,kaggle_participant,1,48000,0.4
Kaggle,kaggle_Q_Q_156.wav,kaggle_participant,1,48000,0.4
Kaggle,kaggle_Q_Q_157.wav,kaggle_participant,1,48000,0.4
Kaggle,kaggle_Q_Q_158.wav,kaggle_participant,1,48000,0.4
Kaggle,kaggle_Q_Q_159.wav,kaggle_participant,1,48000,0.4
Kaggle,kaggle_Q_Q_16.wav,kaggle_participant,1,48000,0.4
Kaggle,kaggle_Q_Q_160.wav,kaggle_participant,1,48000,0.4
Kaggle,kaggle_Q_Q_161.wav,kaggle_participant,1,48000,0.4
Kaggle,kaggle_Q_Q_162.wav,kaggle_participant,1,48000,0.4
Kaggle,kaggle_Q_Q_163.wav,kaggle_participant,1,48000,0.4
Kaggle,kaggle_Q_Q_164.wav,kaggle_participant,1,48000,0.4
Kaggle,kaggle_Q_Q_165.wav,kaggle_participant,1,48000,0.4
Kaggle,kaggle_Q_Q_166.wav,kaggle_participant,1,48000,0.4
Kaggle,kaggle_Q_Q_167.wav,kaggle_participant,1,48000,0.4
Kaggle,kaggle_Q_Q_168.wav,kaggle_participant,1,48000,0.4
Kaggle,kaggle_Q_Q_169.wav,kaggle_participant,1,48000,0.4
Kaggle,kaggle_Q_Q_17.wav,kaggle_participant,1,48000,0.4
Kaggle,kaggle_Q_Q_170.wav,kaggle_participant,1,48000,0.4
Kaggle,kaggle_Q_Q_171.wav,kaggle_participant,1,48000,0.4
Kaggle,kaggle_Q_Q_172.wav,kaggle_participant,1,48000,0.4
Kaggle,kaggle_Q_Q_173.wav,kaggle_participant,1,48000,0.4
Kaggle,kaggle_Q_Q_174.wav,kaggle_participant,1,48000,0.4
Kaggle,kaggle_Q_Q_175.wav,kaggle_participant,1,48000,0.4
Kaggle,kaggle_Q_Q_176.wav,kaggle_participant,1,48000,0.4
Kaggle,kaggle_Q_Q_177.wav,kaggle_participant,1,48000,0.4
Kaggle,kaggle_Q_Q_178.wav,kaggle_participant,1,48000,0.4
Kaggle,kaggle_Q_Q_179.wav,kaggle_participant,1,48000,0.4
Kaggle,kaggle_Q_Q_18.wav,kaggle_participant,1,48000,0.4000208333333333
Kaggle,kaggle_Q_Q_180.wav,kaggle_participant,1,48000,0.4
Kaggle,kaggle_Q_Q_181.wav,kaggle_participant,1,48000,0.4
Kaggle,kaggle_Q_Q_182.wav,kaggle_participant,1,48000,0.4
Kaggle,kaggle_Q_Q_183.wav,kaggle_participant,1,48000,0.4
Kaggle,kaggle_Q_Q_184.wav,kaggle_participant,1,48000,0.4
Kaggle,kaggle_Q_Q_185.wav,kaggle_participant,1,48000,0.4
Kaggle,kaggle_Q_Q_186.wav,kaggle_participant,1,48000,0.4
Kaggle,kaggle_Q_Q_187.wav,kaggle_participant,1,48000,0.4
Kaggle,kaggle_Q_Q_188.wav,kaggle_participant,1,48000,0.4
Kaggle,kaggle_Q_Q_189.wav,kaggle_participant,1,48000,0.4
Kaggle,kaggle_Q_Q_19.wav,kaggle_participant,1,48000,0.4000208333333333
Kaggle,kaggle_Q_Q_190.wav,kaggle_participant,1,48000,0.4
Kaggle,kaggle_Q_Q_191.wav,kaggle_participant,1,48000,0.4
Kaggle,kaggle_Q_Q_192.wav,kaggle_participant,1,48000,0.4
Kaggle,kaggle_Q_Q_193.wav,kaggle_participant,1,48000,0.4
Kaggle,kaggle_Q_Q_194.wav,kaggle_participant,1,48000,0.4
Kaggle,kaggle_Q_Q_195.wav,kaggle_participant,1,48000,0.4
Kaggle,kaggle_Q_Q_196.wav,kaggle_participant,1,48000,0.4
Kaggle,kaggle_Q_Q_197.wav,kaggle_participant,1,48000,0.4
Kaggle,kaggle_Q_Q_198.wav,kaggle_participant,1,48000,0.4
Kaggle,kaggle_Q_Q_199.wav,kaggle_participant,1,48000,0.4
Kaggle,kaggle_Q_Q_2.wav,kaggle_participant,1,48000,0.4
Kaggle,kaggle_Q_Q_20.wav,kaggle_participant,1,48000,0.4
Kaggle,kaggle_Q_Q_200.wav,kaggle_participant,1,48000,0.4
Kaggle,kaggle_Q_Q_201.wav,kaggle_participant,1,48000,0.4
Kaggle,kaggle_Q_Q_202.wav,kaggle_participant,1,48000,0.4
Kaggle,kaggle_Q_Q_203.wav,kaggle_participant,1,48000,0.4
Kaggle,kaggle_Q_Q_204.wav,kaggle_participant,1,48000,0.4
Kaggle,kaggle_Q_Q_205.wav,kaggle_participant,1,48000,0.4
Kaggle,kaggle_Q_Q_206.wav,kaggle_participant,1,48000,0.4
Kaggle,kaggle_Q_Q_207.wav,kaggle_participant,1,48000,0.4
Kaggle,kaggle_Q_Q_208.wav,kaggle_participant,1,48000,0.4
Kaggle,kaggle_Q_Q_209.wav,kaggle_participant,1,48000,0.4
Kaggle,kaggle_Q_Q_21.wav,kaggle_participant,1,48000,0.4
Kaggle,kaggle_Q_Q_210.wav,kaggle_participant,1,48000,0.4
Kaggle,kaggle_Q_Q_211.wav,kaggle_participant,1,48000,0.4
Kaggle,kaggle_Q_Q_212.wav,kaggle_participant,1,48000,0.4
Kaggle,kaggle_Q_Q_213.wav,kaggle_participant,1,48000,0.4
Kaggle,kaggle_Q_Q_214.wav,kaggle_participant,1,48000,0.4
Kaggle,kaggle_Q_Q_215.wav,kaggle_participant,1,48000,0.4
Kaggle,kaggle_Q_Q_216.wav,kaggle_participant,1,48000,0.4
Kaggle,kaggle_Q_Q_217.wav,kaggle_participant,1,48000,0.4
Kaggle,kaggle_Q_Q_218.wav,kaggle_participant,1,48000,0.4
Kaggle,kaggle_Q_Q_219.wav,kaggle_participant,1,48000,0.4
Kaggle,kaggle_Q_Q_22.wav,kaggle_participant,1,48000,0.4
Kaggle,kaggle_Q_Q_220.wav,kaggle_participant,1,48000,0.4
Kaggle,kaggle_Q_Q_221.wav,kaggle_participant,1,48000,0.4
Kaggle,kaggle_Q_Q_222.wav,kaggle_participant,1,48000,0.4
Kaggle,kaggle_Q_Q_223.wav,kaggle_participant,1,48000,0.4
Kaggle,kaggle_Q_Q_224.wav,kaggle_participant,1,48000,0.4
Kaggle,kaggle_Q_Q_225.wav,kaggle_participant,1,48000,0.4
Kaggle,kaggle_Q_Q_226.wav,kaggle_participant,1,48000,0.4
Kaggle,kaggle_Q_Q_227.wav,kaggle_participant,1,48000,0.4
Kaggle,kaggle_Q_Q_228.wav,kaggle_participant,1,48000,0.4
Kaggle,kaggle_Q_Q_229.wav,kaggle_participant,1,48000,0.4
Kaggle,kaggle_Q_Q_23.wav,kaggle_participant,1,48000,0.4000208333333333
Kaggle,kaggle_Q_Q_230.wav,kaggle_participant,1,48000,0.4
Kaggle,kaggle_Q_Q_231.wav,kaggle_participant,1,48000,0.4
Kaggle,kaggle_Q_Q_232.wav,kaggle_participant,1,48000,0.4
Kaggle,kaggle_Q_Q_233.wav,kaggle_participant,1,48000,0.4
Kaggle,kaggle_Q_Q_234.wav,kaggle_participant,1,48000,0.4
Kaggle,kaggle_Q_Q_235.wav,kaggle_participant,1,48000,0.4
Kaggle,kaggle_Q_Q_236.wav,kaggle_participant,1,48000,0.4
Kaggle,kaggle_Q_Q_237.wav,kaggle_participant,1,48000,0.4
Kaggle,kaggle_Q_Q_238.wav,kaggle_participant,1,48000,0.4
Kaggle,kaggle_Q_Q_239.wav,kaggle_participant,1,48000,0.4
Kaggle,kaggle_Q_Q_24.wav,kaggle_participant,1,48000,0.4
Kaggle,kaggle_Q_Q_240.wav,kaggle_participant,1,48000,0.4
Kaggle,kaggle_Q_Q_241.wav,kaggle_participant,1,48000,0.4
Kaggle,kaggle_Q_Q_242.wav,kaggle_participant,1,48000,0.4
Kaggle,kaggle_Q_Q_243.wav,kaggle_participant,1,48000,0.4
Kaggle,kaggle_Q_Q_244.wav,kaggle_participant,1,48000,0.4
Kaggle,kaggle_Q_Q_245.wav,kaggle_participant,1,48000,0.4
Kaggle,kaggle_Q_Q_246.wav,kaggle_participant,1,48000,0.4
Kaggle,kaggle_Q_Q_247.wav,kaggle_participant,1,48000,0.4
Kaggle,kaggle_Q_Q_248.wav,kaggle_participant,1,48000,0.4
Kaggle,kaggle_Q_Q_249.wav,kaggle_participant,1,48000,0.4
Kaggle,kaggle_Q_Q_25.wav,kaggle_participant,1,48000,0.4
Kaggle,kaggle_Q_Q_250.wav,kaggle_participant,1,48000,0.4
Kaggle,kaggle_Q_Q_251.wav,kaggle_participant,1,48000,0.4
Kaggle,kaggle_Q_Q_252.wav,kaggle_participant,1,48000,0.4
Kaggle,kaggle_Q_Q_253.wav,kaggle_participant,1,48000,0.4
Kaggle,kaggle_Q_Q_254.wav,kaggle_participant,1,48000,0.4
Kaggle,kaggle_Q_Q_255.wav,kaggle_participant,1,48000,0.4
Kaggle,kaggle_Q_Q_256.wav,kaggle_participant,1,48000,0.4
Kaggle,kaggle_Q_Q_257.wav,kaggle_participant,1,48000,0.4
Kaggle,kaggle_Q_Q_258.wav,kaggle_participant,1,48000,0.4
Kaggle,kaggle_Q_Q_259.wav,kaggle_participant,1,48000,0.4
Kaggle,kaggle_Q_Q_26.wav,kaggle_participant,1,48000,0.4
Kaggle,kaggle_Q_Q_260.wav,kaggle_participant,1,48000,0.4
Kaggle,kaggle_Q_Q_261.wav,kaggle_participant,1,48000,0.4
Kaggle,kaggle_Q_Q_262.wav,kaggle_participant,1,48000,0.4
Kaggle,kaggle_Q_Q_263.wav,kaggle_participant,1,48000,0.4
Kaggle,kaggle_Q_Q_264.wav,kaggle_participant,1,48000,0.4
Kaggle,kaggle_Q_Q_265.wav,kaggle_participant,1,48000,0.4
Kaggle,kaggle_Q_Q_266.wav,kaggle_participant,1,48000,0.4
Kaggle,kaggle_Q_Q_267.wav,kaggle_participant,1,48000,0.4
Kaggle,kaggle_Q_Q_268.wav,kaggle_participant,1,48000,0.4
Kaggle,kaggle_Q_Q_269.wav,kaggle_participant,1,48000,0.4
Kaggle,kaggle_Q_Q_27.wav,kaggle_participant,1,48000,0.4000208333333333
Kaggle,kaggle_Q_Q_270.wav,kaggle_participant,1,48000,0.4
Kaggle,kaggle_Q_Q_271.wav,kaggle_participant,1,48000,0.4
Kaggle,kaggle_Q_Q_272.wav,kaggle_participant,1,48000,0.4
Kaggle,kaggle_Q_Q_273.wav,kaggle_participant,1,48000,0.4
Kaggle,kaggle_Q_Q_274.wav,kaggle_participant,1,48000,0.4
Kaggle,kaggle_Q_Q_275.wav,kaggle_participant,1,48000,0.4
Kaggle,kaggle_Q_Q_276.wav,kaggle_participant,1,48000,0.4
Kaggle,kaggle_Q_Q_277.wav,kaggle_participant,1,48000,0.4
Kaggle,kaggle_Q_Q_278.wav,kaggle_participant,1,48000,0.4
Kaggle,kaggle_Q_Q_279.wav,kaggle_participant,1,48000,0.4
Kaggle,kaggle_Q_Q_28.wav,kaggle_participant,1,48000,0.4
Kaggle,kaggle_Q_Q_280.wav,kaggle_participant,1,48000,0.4
Kaggle,kaggle_Q_Q_281.wav,kaggle_participant,1,48000,0.4
Kaggle,kaggle_Q_Q_282.wav,kaggle_participant,1,48000,0.4
Kaggle,kaggle_Q_Q_283.wav,kaggle_participant,1,48000,0.4
Kaggle,kaggle_Q_Q_284.wav,kaggle_participant,1,48000,0.4
Kaggle,kaggle_Q_Q_285.wav,kaggle_participant,1,48000,0.4
Kaggle,kaggle_Q_Q_286.wav,kaggle_participant,1,48000,0.4
Kaggle,kaggle_Q_Q_287.wav,kaggle_participant,1,48000,0.4
Kaggle,kaggle_Q_Q_288.wav,kaggle_participant,1,48000,0.4000208333333333
Kaggle,kaggle_Q_Q_289.wav,kaggle_participant,1,48000,0.4
Kaggle,kaggle_Q_Q_29.wav,kaggle_participant,1,48000,0.4
Kaggle,kaggle_Q_Q_290.wav,kaggle_participant,1,48000,0.4
Kaggle,kaggle_Q_Q_291.wav,kaggle_participant,1,48000,0.4000208333333333
Kaggle,kaggle_Q_Q_292.wav,kaggle_participant,1,48000,0.4000208333333333
Kaggle,kaggle_Q_Q_293.wav,kaggle_participant,1,48000,0.4
Kaggle,kaggle_Q_Q_294.wav,kaggle_participant,1,48000,0.4000208333333333
Kaggle,kaggle_Q_Q_295.wav,kaggle_participant,1,48000,0.4
Kaggle,kaggle_Q_Q_296.wav,kaggle_participant,1,48000,0.4
Kaggle,kaggle_Q_Q_297.wav,kaggle_participant,1,48000,0.4000208333333333
Kaggle,kaggle_Q_Q_298.wav,kaggle_participant,1,48000,0.4000208333333333
Kaggle,kaggle_Q_Q_299.wav,kaggle_participant,1,48000,0.4
Kaggle,kaggle_Q_Q_3.wav,kaggle_participant,1,48000,0.4
Kaggle,kaggle_Q_Q_30.wav,kaggle_participant,1,48000,0.4000208333333333
Kaggle,kaggle_Q_Q_300.wav,kaggle_participant,1,48000,0.4
Kaggle,kaggle_Q_Q_301.wav,kaggle_participant,1,48000,0.4000208333333333
Kaggle,kaggle_Q_Q_302.wav,kaggle_participant,1,48000,0.4000208333333333
Kaggle,kaggle_Q_Q_303.wav,kaggle_participant,1,48000,0.4
Kaggle,kaggle_Q_Q_304.wav,kaggle_participant,1,48000,0.4000208333333333
Kaggle,kaggle_Q_Q_305.wav,kaggle_participant,1,48000,0.4000208333333333
Kaggle,kaggle_Q_Q_306.wav,kaggle_participant,1,48000,0.4000208333333333
Kaggle,kaggle_Q_Q_307.wav,kaggle_participant,1,48000,0.4
Kaggle,kaggle_Q_Q_308.wav,kaggle_participant,1,48000,0.4000208333333333
Kaggle,kaggle_Q_Q_309.wav,kaggle_participant,1,48000,0.4000208333333333
Kaggle,kaggle_Q_Q_31.wav,kaggle_participant,1,48000,0.4000208333333333
Kaggle,kaggle_Q_Q_310.wav,kaggle_participant,1,48000,0.4000208333333333
Kaggle,kaggle_Q_Q_311.wav,kaggle_participant,1,48000,0.4
Kaggle,kaggle_Q_Q_312.wav,kaggle_participant,1,48000,0.4000208333333333
Kaggle,kaggle_Q_Q_313.wav,kaggle_participant,1,48000,0.4
Kaggle,kaggle_Q_Q_314.wav,kaggle_participant,1,48000,0.4
Kaggle,kaggle_Q_Q_315.wav,kaggle_participant,1,48000,0.4
Kaggle,kaggle_Q_Q_316.wav,kaggle_participant,1,48000,0.4
Kaggle,kaggle_Q_Q_317.wav,kaggle_participant,1,48000,0.4000208333333333
Kaggle,kaggle_Q_Q_318.wav,kaggle_participant,1,48000,0.4000208333333333
Kaggle,kaggle_Q_Q_319.wav,kaggle_participant,1,48000,0.4
Kaggle,kaggle_Q_Q_32.wav,kaggle_participant,1,48000,0.4
Kaggle,kaggle_Q_Q_320.wav,kaggle_participant,1,48000,0.4000208333333333
Kaggle,kaggle_Q_Q_321.wav,kaggle_participant,1,48000,0.4000208333333333
Kaggle,kaggle_Q_Q_322.wav,kaggle_participant,1,48000,0.4000208333333333
Kaggle,kaggle_Q_Q_323.wav,kaggle_participant,1,48000,0.4
Kaggle,kaggle_Q_Q_324.wav,kaggle_participant,1,48000,0.4000208333333333
Kaggle,kaggle_Q_Q_325.wav,kaggle_participant,1,48000,0.4
Kaggle,kaggle_Q_Q_326.wav,kaggle_participant,1,48000,0.4000208333333333
Kaggle,kaggle_Q_Q_327.wav,kaggle_participant,1,48000,0.4
Kaggle,kaggle_Q_Q_328.wav,kaggle_participant,1,48000,0.4
Kaggle,kaggle_Q_Q_329.wav,kaggle_participant,1,48000,0.4000208333333333
Kaggle,kaggle_Q_Q_33.wav,kaggle_participant,1,48000,0.4
Kaggle,kaggle_Q_Q_330.wav,kaggle_participant,1,48000,0.4000208333333333
Kaggle,kaggle_Q_Q_331.wav,kaggle_participant,1,48000,0.4
Kaggle,kaggle_Q_Q_332.wav,kaggle_participant,1,48000,0.4000208333333333
Kaggle,kaggle_Q_Q_333.wav,kaggle_participant,1,48000,0.4000208333333333
Kaggle,kaggle_Q_Q_334.wav,kaggle_participant,1,48000,0.4
Kaggle,kaggle_Q_Q_335.wav,kaggle_participant,1,48000,0.4000208333333333
Kaggle,kaggle_Q_Q_34.wav,kaggle_participant,1,48000,0.39997916666666666
Kaggle,kaggle_Q_Q_35.wav,kaggle_participant,1,48000,0.4
Kaggle,kaggle_Q_Q_36.wav,kaggle_participant,1,48000,0.4
Kaggle,kaggle_Q_Q_37.wav,kaggle_participant,1,48000,0.39997916666666666
Kaggle,kaggle_Q_Q_38.wav,kaggle_participant,1,48000,0.39997916666666666
Kaggle,kaggle_Q_Q_39.wav,kaggle_participant,1,48000,0.4
Kaggle,kaggle_Q_Q_4.wav,kaggle_participant,1,48000,0.4
Kaggle,kaggle_Q_Q_40.wav,kaggle_participant,1,48000,0.4
Kaggle,kaggle_Q_Q_41.wav,kaggle_participant,1,48000,0.4
Kaggle,kaggle_Q_Q_42.wav,kaggle_participant,1,48000,0.4
Kaggle,kaggle_Q_Q_43.wav,kaggle_participant,1,48000,0.4
Kaggle,kaggle_Q_Q_44.wav,kaggle_participant,1,48000,0.4
Kaggle,kaggle_Q_Q_45.wav,kaggle_participant,1,48000,0.39997916666666666
Kaggle,kaggle_Q_Q_46.wav,kaggle_participant,1,48000,0.4
Kaggle,kaggle_Q_Q_47.wav,kaggle_participant,1,48000,0.4
Kaggle,kaggle_Q_Q_48.wav,kaggle_participant,1,48000,0.4
Kaggle,kaggle_Q_Q_49.wav,kaggle_participant,1,48000,0.4
Kaggle,kaggle_Q_Q_5.wav,kaggle_participant,1,48000,0.39997916666666666
Kaggle,kaggle_Q_Q_50.wav,kaggle_participant,1,48000,0.4
Kaggle,kaggle_Q_Q_51.wav,kaggle_participant,1,48000,0.4
Kaggle,kaggle_Q_Q_52.wav,kaggle_participant,1,48000,0.4
Kaggle,kaggle_Q_Q_53.wav,kaggle_participant,1,48000,0.4
Kaggle,kaggle_Q_Q_54.wav,kaggle_participant,1,48000,0.4
Kaggle,kaggle_Q_Q_55.wav,kaggle_participant,1,48000,0.39997916666666666
Kaggle,kaggle_Q_Q_56.wav,kaggle_participant,1,48000,0.4
Kaggle,kaggle_Q_Q_57.wav,kaggle_participant,1,48000,0.4
Kaggle,kaggle_Q_Q_58.wav,kaggle_participant,1,48000,0.4
Kaggle,kaggle_Q_Q_59.wav,kaggle_participant,1,48000,0.4
Kaggle,kaggle_Q_Q_6.wav,kaggle_participant,1,48000,0.4
Kaggle,kaggle_Q_Q_60.wav,kaggle_participant,1,48000,0.4
Kaggle,kaggle_Q_Q_61.wav,kaggle_participant,1,48000,0.4
Kaggle,kaggle_Q_Q_62.wav,kaggle_participant,1,48000,0.39997916666666666
Kaggle,kaggle_Q_Q_63.wav,kaggle_participant,1,48000,0.4
Kaggle,kaggle_Q_Q_64.wav,kaggle_participant,1,48000,0.4
Kaggle,kaggle_Q_Q_65.wav,kaggle_participant,1,48000,0.39997916666666666
Kaggle,kaggle_Q_Q_66.wav,kaggle_participant,1,48000,0.4
Kaggle,kaggle_Q_Q_67.wav,kaggle_participant,1,48000,0.4
Kaggle,kaggle_Q_Q_68.wav,kaggle_participant,1,48000,0.4
Kaggle,kaggle_Q_Q_69.wav,kaggle_participant,1,48000,0.4
Kaggle,kaggle_Q_Q_7.wav,kaggle_participant,1,48000,0.4
Kaggle,kaggle_Q_Q_70.wav,kaggle_participant,1,48000,0.4
Kaggle,kaggle_Q_Q_71.wav,kaggle_participant,1,48000,0.4
Kaggle,kaggle_Q_Q_72.wav,kaggle_participant,1,48000,0.39997916666666666
Kaggle,kaggle_Q_Q_73.wav,kaggle_participant,1,48000,0.4
Kaggle,kaggle_Q_Q_74.wav,kaggle_participant,1,48000,0.39997916666666666
Kaggle,kaggle_Q_Q_75.wav,kaggle_participant,1,48000,0.4
Kaggle,kaggle_Q_Q_76.wav,kaggle_participant,1,48000,0.4
Kaggle,kaggle_Q_Q_77.wav,kaggle_participant,1,48000,0.4
Kaggle,kaggle_Q_Q_78.wav,kaggle_participant,1,48000,0.39997916666666666
Kaggle,kaggle_Q_Q_79.wav,kaggle_participant,1,48000,0.4
Kaggle,kaggle_Q_Q_8.wav,kaggle_participant,1,48000,0.4
Kaggle,kaggle_Q_Q_80.wav,kaggle_participant,1,48000,0.39997916666666666
Kaggle,kaggle_Q_Q_81.wav,kaggle_participant,1,48000,0.4
Kaggle,kaggle_Q_Q_82.wav,kaggle_participant,1,48000,0.4
Kaggle,kaggle_Q_Q_83.wav,kaggle_participant,1,48000,0.39997916666666666
Kaggle,kaggle_Q_Q_84.wav,kaggle_participant,1,48000,0.4
Kaggle,kaggle_Q_Q_85.wav,kaggle_participant,1,48000,0.39997916666666666
Kaggle,kaggle_Q_Q_86.wav,kaggle_participant,1,48000,0.4
Kaggle,kaggle_Q_Q_87.wav,kaggle_participant,1,48000,0.4
Kaggle,kaggle_Q_Q_88.wav,kaggle_participant,1,48000,0.39997916666666666
Kaggle,kaggle_Q_Q_89.wav,kaggle_participant,1,48000,0.4
Kaggle,kaggle_Q_Q_9.wav,kaggle_participant,1,48000,0.4
Kaggle,kaggle_Q_Q_90.wav,kaggle_participant,1,48000,0.4
Kaggle,kaggle_Q_Q_91.wav,kaggle_participant,1,48000,0.39997916666666666
Kaggle,kaggle_Q_Q_92.wav,kaggle_participant,1,48000,0.4
Kaggle,kaggle_Q_Q_93.wav,kaggle_participant,1,48000,0.39997916666666666
Kaggle,kaggle_Q_Q_94.wav,kaggle_participant,1,48000,0.4
Kaggle,kaggle_Q_Q_95.wav,kaggle_participant,1,48000,0.4
Kaggle,kaggle_Q_Q_96.wav,kaggle_participant,1,48000,0.4
Kaggle,kaggle_Q_Q_97.wav,kaggle_participant,1,48000,0.4
Kaggle,kaggle_Q_Q_98.wav,kaggle_participant,1,48000,0.4
Kaggle,kaggle_Q_Q_99.wav,kaggle_participant,1,48000,0.4
Kaggle,kaggle_R_R_1.wav,kaggle_participant,1,48000,0.4
Kaggle,kaggle_R_R_10.wav,kaggle_participant,1,48000,0.4
Kaggle,kaggle_R_R_100.wav,kaggle_participant,1,48000,0.4
Kaggle,kaggle_R_R_101.wav,kaggle_participant,1,48000,0.4
Kaggle,kaggle_R_R_102.wav,kaggle_participant,1,48000,0.4
Kaggle,kaggle_R_R_103.wav,kaggle_participant,1,48000,0.39997916666666666
Kaggle,kaggle_R_R_104.wav,kaggle_participant,1,48000,0.4
Kaggle,kaggle_R_R_105.wav,kaggle_participant,1,48000,0.4
Kaggle,kaggle_R_R_106.wav,kaggle_participant,1,48000,0.39997916666666666
Kaggle,kaggle_R_R_107.wav,kaggle_participant,1,48000,0.4
Kaggle,kaggle_R_R_108.wav,kaggle_participant,1,48000,0.4
Kaggle,kaggle_R_R_109.wav,kaggle_participant,1,48000,0.4
Kaggle,kaggle_R_R_11.wav,kaggle_participant,1,48000,0.4
Kaggle,kaggle_R_R_110.wav,kaggle_participant,1,48000,0.39997916666666666
Kaggle,kaggle_R_R_111.wav,kaggle_participant,1,48000,0.4
Kaggle,kaggle_R_R_112.wav,kaggle_participant,1,48000,0.39997916666666666
Kaggle,kaggle_R_R_113.wav,kaggle_participant,1,48000,0.39997916666666666
Kaggle,kaggle_R_R_114.wav,kaggle_participant,1,48000,0.4
Kaggle,kaggle_R_R_115.wav,kaggle_participant,1,48000,0.4
Kaggle,kaggle_R_R_116.wav,kaggle_participant,1,48000,0.4
Kaggle,kaggle_R_R_117.wav,kaggle_participant,1,48000,0.4
Kaggle,kaggle_R_R_118.wav,kaggle_participant,1,48000,0.4
Kaggle,kaggle_R_R_119.wav,kaggle_participant,1,48000,0.4
Kaggle,kaggle_R_R_12.wav,kaggle_participant,1,48000,0.4
Kaggle,kaggle_R_R_120.wav,kaggle_participant,1,48000,0.4
Kaggle,kaggle_R_R_121.wav,kaggle_participant,1,48000,0.4
Kaggle,kaggle_R_R_122.wav,kaggle_participant,1,48000,0.4
Kaggle,kaggle_R_R_123.wav,kaggle_participant,1,48000,0.4
Kaggle,kaggle_R_R_124.wav,kaggle_participant,1,48000,0.4
Kaggle,kaggle_R_R_125.wav,kaggle_participant,1,48000,0.4
Kaggle,kaggle_R_R_126.wav,kaggle_participant,1,48000,0.4
Kaggle,kaggle_R_R_127.wav,kaggle_participant,1,48000,0.4
Kaggle,kaggle_R_R_128.wav,kaggle_participant,1,48000,0.4
Kaggle,kaggle_R_R_129.wav,kaggle_participant,1,48000,0.4
Kaggle,kaggle_R_R_13.wav,kaggle_participant,1,48000,0.4
Kaggle,kaggle_R_R_130.wav,kaggle_participant,1,48000,0.4
Kaggle,kaggle_R_R_131.wav,kaggle_participant,1,48000,0.39997916666666666
Kaggle,kaggle_R_R_132.wav,kaggle_participant,1,48000,0.4
Kaggle,kaggle_R_R_133.wav,kaggle_participant,1,48000,0.4
Kaggle,kaggle_R_R_134.wav,kaggle_participant,1,48000,0.4
Kaggle,kaggle_R_R_135.wav,kaggle_participant,1,48000,0.4
Kaggle,kaggle_R_R_136.wav,kaggle_participant,1,48000,0.4
Kaggle,kaggle_R_R_137.wav,kaggle_participant,1,48000,0.4
Kaggle,kaggle_R_R_138.wav,kaggle_participant,1,48000,0.4
Kaggle,kaggle_R_R_139.wav,kaggle_participant,1,48000,0.4
Kaggle,kaggle_R_R_14.wav,kaggle_participant,1,48000,0.4
Kaggle,kaggle_R_R_140.wav,kaggle_participant,1,48000,0.4
Kaggle,kaggle_R_R_141.wav,kaggle_participant,1,48000,0.4
Kaggle,kaggle_R_R_142.wav,kaggle_participant,1,48000,0.4
Kaggle,kaggle_R_R_143.wav,kaggle_participant,1,48000,0.4
Kaggle,kaggle_R_R_144.wav,kaggle_participant,1,48000,0.39997916666666666
Kaggle,kaggle_R_R_145.wav,kaggle_participant,1,48000,0.4
Kaggle,kaggle_R_R_146.wav,kaggle_participant,1,48000,0.4
Kaggle,kaggle_R_R_147.wav,kaggle_participant,1,48000,0.4
Kaggle,kaggle_R_R_148.wav,kaggle_participant,1,48000,0.4
Kaggle,kaggle_R_R_149.wav,kaggle_participant,1,48000,0.4
Kaggle,kaggle_R_R_15.wav,kaggle_participant,1,48000,0.4
Kaggle,kaggle_R_R_150.wav,kaggle_participant,1,48000,0.4
Kaggle,kaggle_R_R_151.wav,kaggle_participant,1,48000,0.39997916666666666
Kaggle,kaggle_R_R_152.wav,kaggle_participant,1,48000,0.4
Kaggle,kaggle_R_R_153.wav,kaggle_participant,1,48000,0.4
Kaggle,kaggle_R_R_154.wav,kaggle_participant,1,48000,0.4
Kaggle,kaggle_R_R_155.wav,kaggle_participant,1,48000,0.4
Kaggle,kaggle_R_R_156.wav,kaggle_participant,1,48000,0.4
Kaggle,kaggle_R_R_157.wav,kaggle_participant,1,48000,0.4
Kaggle,kaggle_R_R_158.wav,kaggle_participant,1,48000,0.4
Kaggle,kaggle_R_R_159.wav,kaggle_participant,1,48000,0.4
Kaggle,kaggle_R_R_16.wav,kaggle_participant,1,48000,0.4
Kaggle,kaggle_R_R_160.wav,kaggle_participant,1,48000,0.4
Kaggle,kaggle_R_R_161.wav,kaggle_participant,1,48000,0.4
Kaggle,kaggle_R_R_162.wav,kaggle_participant,1,48000,0.4
Kaggle,kaggle_R_R_163.wav,kaggle_participant,1,48000,0.4
Kaggle,kaggle_R_R_164.wav,kaggle_participant,1,48000,0.4
Kaggle,kaggle_R_R_165.wav,kaggle_participant,1,48000,0.4
Kaggle,kaggle_R_R_166.wav,kaggle_participant,1,48000,0.4
Kaggle,kaggle_R_R_167.wav,kaggle_participant,1,48000,0.4
Kaggle,kaggle_R_R_168.wav,kaggle_participant,1,48000,0.4
Kaggle,kaggle_R_R_169.wav,kaggle_participant,1,48000,0.4
Kaggle,kaggle_R_R_17.wav,kaggle_participant,1,48000,0.4
Kaggle,kaggle_R_R_170.wav,kaggle_participant,1,48000,0.4
Kaggle,kaggle_R_R_171.wav,kaggle_participant,1,48000,0.4
Kaggle,kaggle_R_R_172.wav,kaggle_participant,1,48000,0.4
Kaggle,kaggle_R_R_173.wav,kaggle_participant,1,48000,0.4
Kaggle,kaggle_R_R_174.wav,kaggle_participant,1,48000,0.4
Kaggle,kaggle_R_R_175.wav,kaggle_participant,1,48000,0.4
Kaggle,kaggle_R_R_176.wav,kaggle_participant,1,48000,0.4
Kaggle,kaggle_R_R_177.wav,kaggle_participant,1,48000,0.4
Kaggle,kaggle_R_R_178.wav,kaggle_participant,1,48000,0.4
Kaggle,kaggle_R_R_179.wav,kaggle_participant,1,48000,0.4
Kaggle,kaggle_R_R_18.wav,kaggle_participant,1,48000,0.4
Kaggle,kaggle_R_R_180.wav,kaggle_participant,1,48000,0.4
Kaggle,kaggle_R_R_181.wav,kaggle_participant,1,48000,0.4
Kaggle,kaggle_R_R_182.wav,kaggle_participant,1,48000,0.4
Kaggle,kaggle_R_R_183.wav,kaggle_participant,1,48000,0.4
Kaggle,kaggle_R_R_184.wav,kaggle_participant,1,48000,0.4
Kaggle,kaggle_R_R_185.wav,kaggle_participant,1,48000,0.4
Kaggle,kaggle_R_R_186.wav,kaggle_participant,1,48000,0.4
Kaggle,kaggle_R_R_187.wav,kaggle_participant,1,48000,0.4
Kaggle,kaggle_R_R_188.wav,kaggle_participant,1,48000,0.4
Kaggle,kaggle_R_R_189.wav,kaggle_participant,1,48000,0.4
Kaggle,kaggle_R_R_19.wav,kaggle_participant,1,48000,0.4
Kaggle,kaggle_R_R_190.wav,kaggle_participant,1,48000,0.4
Kaggle,kaggle_R_R_191.wav,kaggle_participant,1,48000,0.4
Kaggle,kaggle_R_R_192.wav,kaggle_participant,1,48000,0.4
Kaggle,kaggle_R_R_193.wav,kaggle_participant,1,48000,0.4
Kaggle,kaggle_R_R_194.wav,kaggle_participant,1,48000,0.4
Kaggle,kaggle_R_R_195.wav,kaggle_participant,1,48000,0.4
Kaggle,kaggle_R_R_196.wav,kaggle_participant,1,48000,0.4
Kaggle,kaggle_R_R_197.wav,kaggle_participant,1,48000,0.4
Kaggle,kaggle_R_R_198.wav,kaggle_participant,1,48000,0.4
Kaggle,kaggle_R_R_199.wav,kaggle_participant,1,48000,0.4
Kaggle,kaggle_R_R_2.wav,kaggle_participant,1,48000,0.4000208333333333
Kaggle,kaggle_R_R_20.wav,kaggle_participant,1,48000,0.4
Kaggle,kaggle_R_R_200.wav,kaggle_participant,1,48000,0.4
Kaggle,kaggle_R_R_201.wav,kaggle_participant,1,48000,0.4
Kaggle,kaggle_R_R_202.wav,kaggle_participant,1,48000,0.4
Kaggle,kaggle_R_R_203.wav,kaggle_participant,1,48000,0.4
Kaggle,kaggle_R_R_204.wav,kaggle_participant,1,48000,0.4
Kaggle,kaggle_R_R_205.wav,kaggle_participant,1,48000,0.4
Kaggle,kaggle_R_R_206.wav,kaggle_participant,1,48000,0.4
Kaggle,kaggle_R_R_207.wav,kaggle_participant,1,48000,0.4
Kaggle,kaggle_R_R_208.wav,kaggle_participant,1,48000,0.4
Kaggle,kaggle_R_R_209.wav,kaggle_participant,1,48000,0.4
Kaggle,kaggle_R_R_21.wav,kaggle_participant,1,48000,0.4
Kaggle,kaggle_R_R_210.wav,kaggle_participant,1,48000,0.4
Kaggle,kaggle_R_R_211.wav,kaggle_participant,1,48000,0.4
Kaggle,kaggle_R_R_212.wav,kaggle_participant,1,48000,0.4
Kaggle,kaggle_R_R_213.wav,kaggle_participant,1,48000,0.4
Kaggle,kaggle_R_R_214.wav,kaggle_participant,1,48000,0.4
Kaggle,kaggle_R_R_215.wav,kaggle_participant,1,48000,0.4
Kaggle,kaggle_R_R_216.wav,kaggle_participant,1,48000,0.4
Kaggle,kaggle_R_R_217.wav,kaggle_participant,1,48000,0.4
Kaggle,kaggle_R_R_218.wav,kaggle_participant,1,48000,0.4
Kaggle,kaggle_R_R_219.wav,kaggle_participant,1,48000,0.4
Kaggle,kaggle_R_R_22.wav,kaggle_participant,1,48000,0.4
Kaggle,kaggle_R_R_220.wav,kaggle_participant,1,48000,0.4
Kaggle,kaggle_R_R_221.wav,kaggle_participant,1,48000,0.4
Kaggle,kaggle_R_R_222.wav,kaggle_participant,1,48000,0.4
Kaggle,kaggle_R_R_223.wav,kaggle_participant,1,48000,0.4
Kaggle,kaggle_R_R_224.wav,kaggle_participant,1,48000,0.4
Kaggle,kaggle_R_R_225.wav,kaggle_participant,1,48000,0.4
Kaggle,kaggle_R_R_226.wav,kaggle_participant,1,48000,0.4
Kaggle,kaggle_R_R_227.wav,kaggle_participant,1,48000,0.4
Kaggle,kaggle_R_R_228.wav,kaggle_participant,1,48000,0.4
Kaggle,kaggle_R_R_229.wav,kaggle_participant,1,48000,0.4
Kaggle,kaggle_R_R_23.wav,kaggle_participant,1,48000,0.4
Kaggle,kaggle_R_R_230.wav,kaggle_participant,1,48000,0.4
Kaggle,kaggle_R_R_231.wav,kaggle_participant,1,48000,0.4
Kaggle,kaggle_R_R_232.wav,kaggle_participant,1,48000,0.4
Kaggle,kaggle_R_R_233.wav,kaggle_participant,1,48000,0.4
Kaggle,kaggle_R_R_234.wav,kaggle_participant,1,48000,0.4
Kaggle,kaggle_R_R_235.wav,kaggle_participant,1,48000,0.4
Kaggle,kaggle_R_R_236.wav,kaggle_participant,1,48000,0.4
Kaggle,kaggle_R_R_237.wav,kaggle_participant,1,48000,0.4
Kaggle,kaggle_R_R_238.wav,kaggle_participant,1,48000,0.4
Kaggle,kaggle_R_R_239.wav,kaggle_participant,1,48000,0.4
Kaggle,kaggle_R_R_24.wav,kaggle_participant,1,48000,0.4000208333333333
Kaggle,kaggle_R_R_240.wav,kaggle_participant,1,48000,0.4
Kaggle,kaggle_R_R_241.wav,kaggle_participant,1,48000,0.4
Kaggle,kaggle_R_R_242.wav,kaggle_participant,1,48000,0.4
Kaggle,kaggle_R_R_243.wav,kaggle_participant,1,48000,0.4
Kaggle,kaggle_R_R_244.wav,kaggle_participant,1,48000,0.4
Kaggle,kaggle_R_R_245.wav,kaggle_participant,1,48000,0.4
Kaggle,kaggle_R_R_246.wav,kaggle_participant,1,48000,0.4
Kaggle,kaggle_R_R_247.wav,kaggle_participant,1,48000,0.4
Kaggle,kaggle_R_R_248.wav,kaggle_participant,1,48000,0.4
Kaggle,kaggle_R_R_249.wav,kaggle_participant,1,48000,0.4
Kaggle,kaggle_R_R_25.wav,kaggle_participant,1,48000,0.4
Kaggle,kaggle_R_R_250.wav,kaggle_participant,1,48000,0.4
Kaggle,kaggle_R_R_251.wav,kaggle_participant,1,48000,0.4
Kaggle,kaggle_R_R_252.wav,kaggle_participant,1,48000,0.4
Kaggle,kaggle_R_R_253.wav,kaggle_participant,1,48000,0.4
Kaggle,kaggle_R_R_254.wav,kaggle_participant,1,48000,0.4
Kaggle,kaggle_R_R_255.wav,kaggle_participant,1,48000,0.4
Kaggle,kaggle_R_R_256.wav,kaggle_participant,1,48000,0.4
Kaggle,kaggle_R_R_257.wav,kaggle_participant,1,48000,0.4
Kaggle,kaggle_R_R_258.wav,kaggle_participant,1,48000,0.4
Kaggle,kaggle_R_R_259.wav,kaggle_participant,1,48000,0.4
Kaggle,kaggle_R_R_26.wav,kaggle_participant,1,48000,0.4000208333333333
Kaggle,kaggle_R_R_260.wav,kaggle_participant,1,48000,0.4
Kaggle,kaggle_R_R_261.wav,kaggle_participant,1,48000,0.4
Kaggle,kaggle_R_R_262.wav,kaggle_participant,1,48000,0.4
Kaggle,kaggle_R_R_263.wav,kaggle_participant,1,48000,0.4
Kaggle,kaggle_R_R_264.wav,kaggle_participant,1,48000,0.4
Kaggle,kaggle_R_R_265.wav,kaggle_participant,1,48000,0.4
Kaggle,kaggle_R_R_266.wav,kaggle_participant,1,48000,0.4
Kaggle,kaggle_R_R_267.wav,kaggle_participant,1,48000,0.4
Kaggle,kaggle_R_R_268.wav,kaggle_participant,1,48000,0.4
Kaggle,kaggle_R_R_269.wav,kaggle_participant,1,48000,0.4
Kaggle,kaggle_R_R_27.wav,kaggle_participant,1,48000,0.4
Kaggle,kaggle_R_R_270.wav,kaggle_participant,1,48000,0.4
Kaggle,kaggle_R_R_271.wav,kaggle_participant,1,48000,0.4
Kaggle,kaggle_R_R_272.wav,kaggle_participant,1,48000,0.4
Kaggle,kaggle_R_R_273.wav,kaggle_participant,1,48000,0.4
Kaggle,kaggle_R_R_274.wav,kaggle_participant,1,48000,0.4
Kaggle,kaggle_R_R_275.wav,kaggle_participant,1,48000,0.4
Kaggle,kaggle_R_R_276.wav,kaggle_participant,1,48000,0.4
Kaggle,kaggle_R_R_277.wav,kaggle_participant,1,48000,0.4
Kaggle,kaggle_R_R_278.wav,kaggle_participant,1,48000,0.4
Kaggle,kaggle_R_R_279.wav,kaggle_participant,1,48000,0.4
Kaggle,kaggle_R_R_28.wav,kaggle_participant,1,48000,0.4
Kaggle,kaggle_R_R_280.wav,kaggle_participant,1,48000,0.4
Kaggle,kaggle_R_R_281.wav,kaggle_participant,1,48000,0.4
Kaggle,kaggle_R_R_282.wav,kaggle_participant,1,48000,0.4
Kaggle,kaggle_R_R_283.wav,kaggle_participant,1,48000,0.4
Kaggle,kaggle_R_R_284.wav,kaggle_participant,1,48000,0.4
Kaggle,kaggle_R_R_285.wav,kaggle_participant,1,48000,0.4
Kaggle,kaggle_R_R_286.wav,kaggle_participant,1,48000,0.4
Kaggle,kaggle_R_R_287.wav,kaggle_participant,1,48000,0.4
Kaggle,kaggle_R_R_288.wav,kaggle_participant,1,48000,0.4
Kaggle,kaggle_R_R_289.wav,kaggle_participant,1,48000,0.4
Kaggle,kaggle_R_R_29.wav,kaggle_participant,1,48000,0.4
Kaggle,kaggle_R_R_290.wav,kaggle_participant,1,48000,0.4
Kaggle,kaggle_R_R_291.wav,kaggle_participant,1,48000,0.4
Kaggle,kaggle_R_R_292.wav,kaggle_participant,1,48000,0.4
Kaggle,kaggle_R_R_293.wav,kaggle_participant,1,48000,0.4
Kaggle,kaggle_R_R_294.wav,kaggle_participant,1,48000,0.4
Kaggle,kaggle_R_R_295.wav,kaggle_participant,1,48000,0.4
Kaggle,kaggle_R_R_296.wav,kaggle_participant,1,48000,0.4
Kaggle,kaggle_R_R_297.wav,kaggle_participant,1,48000,0.4
Kaggle,kaggle_R_R_298.wav,kaggle_participant,1,48000,0.4
Kaggle,kaggle_R_R_299.wav,kaggle_participant,1,48000,0.4
Kaggle,kaggle_R_R_3.wav,kaggle_participant,1,48000,0.4
Kaggle,kaggle_R_R_30.wav,kaggle_participant,1,48000,0.4
Kaggle,kaggle_R_R_300.wav,kaggle_participant,1,48000,0.4
Kaggle,kaggle_R_R_301.wav,kaggle_participant,1,48000,0.4
Kaggle,kaggle_R_R_302.wav,kaggle_participant,1,48000,0.4
Kaggle,kaggle_R_R_303.wav,kaggle_participant,1,48000,0.4
Kaggle,kaggle_R_R_304.wav,kaggle_participant,1,48000,0.4
Kaggle,kaggle_R_R_305.wav,kaggle_participant,1,48000,0.4
Kaggle,kaggle_R_R_306.wav,kaggle_participant,1,48000,0.4
Kaggle,kaggle_R_R_307.wav,kaggle_participant,1,48000,0.4
Kaggle,kaggle_R_R_308.wav,kaggle_participant,1,48000,0.4
Kaggle,kaggle_R_R_309.wav,kaggle_participant,1,48000,0.4
Kaggle,kaggle_R_R_31.wav,kaggle_participant,1,48000,0.4
Kaggle,kaggle_R_R_310.wav,kaggle_participant,1,48000,0.4
Kaggle,kaggle_R_R_311.wav,kaggle_participant,1,48000,0.4
Kaggle,kaggle_R_R_312.wav,kaggle_participant,1,48000,0.4
Kaggle,kaggle_R_R_313.wav,kaggle_participant,1,48000,0.4
Kaggle,kaggle_R_R_314.wav,kaggle_participant,1,48000,0.4
Kaggle,kaggle_R_R_315.wav,kaggle_participant,1,48000,0.4
Kaggle,kaggle_R_R_316.wav,kaggle_participant,1,48000,0.4
Kaggle,kaggle_R_R_317.wav,kaggle_participant,1,48000,0.4
Kaggle,kaggle_R_R_318.wav,kaggle_participant,1,48000,0.4
Kaggle,kaggle_R_R_319.wav,kaggle_participant,1,48000,0.4
Kaggle,kaggle_R_R_32.wav,kaggle_participant,1,48000,0.4
Kaggle,kaggle_R_R_320.wav,kaggle_participant,1,48000,0.4
Kaggle,kaggle_R_R_321.wav,kaggle_participant,1,48000,0.4
Kaggle,kaggle_R_R_322.wav,kaggle_participant,1,48000,0.4
Kaggle,kaggle_R_R_323.wav,kaggle_participant,1,48000,0.4
Kaggle,kaggle_R_R_324.wav,kaggle_participant,1,48000,0.4
Kaggle,kaggle_R_R_325.wav,kaggle_participant,1,48000,0.4
Kaggle,kaggle_R_R_326.wav,kaggle_participant,1,48000,0.4
Kaggle,kaggle_R_R_327.wav,kaggle_participant,1,48000,0.4
Kaggle,kaggle_R_R_328.wav,kaggle_participant,1,48000,0.4
Kaggle,kaggle_R_R_329.wav,kaggle_participant,1,48000,0.4
Kaggle,kaggle_R_R_33.wav,kaggle_participant,1,48000,0.4
Kaggle,kaggle_R_R_330.wav,kaggle_participant,1,48000,0.4
Kaggle,kaggle_R_R_331.wav,kaggle_participant,1,48000,0.4
Kaggle,kaggle_R_R_332.wav,kaggle_participant,1,48000,0.4
Kaggle,kaggle_R_R_333.wav,kaggle_participant,1,48000,0.4
Kaggle,kaggle_R_R_334.wav,kaggle_participant,1,48000,0.4
Kaggle,kaggle_R_R_335.wav,kaggle_participant,1,48000,0.4
Kaggle,kaggle_R_R_336.wav,kaggle_participant,1,48000,0.4
Kaggle,kaggle_R_R_337.wav,kaggle_participant,1,48000,0.4
Kaggle,kaggle_R_R_338.wav,kaggle_participant,1,48000,0.4
Kaggle,kaggle_R_R_339.wav,kaggle_participant,1,48000,0.4
Kaggle,kaggle_R_R_34.wav,kaggle_participant,1,48000,0.4000208333333333
Kaggle,kaggle_R_R_340.wav,kaggle_participant,1,48000,0.4000208333333333
Kaggle,kaggle_R_R_341.wav,kaggle_participant,1,48000,0.4
Kaggle,kaggle_R_R_342.wav,kaggle_participant,1,48000,0.4
Kaggle,kaggle_R_R_343.wav,kaggle_participant,1,48000,0.4
Kaggle,kaggle_R_R_344.wav,kaggle_participant,1,48000,0.4
Kaggle,kaggle_R_R_345.wav,kaggle_participant,1,48000,0.4000208333333333
Kaggle,kaggle_R_R_346.wav,kaggle_participant,1,48000,0.4
Kaggle,kaggle_R_R_347.wav,kaggle_participant,1,48000,0.4000208333333333
Kaggle,kaggle_R_R_348.wav,kaggle_participant,1,48000,0.4000208333333333
Kaggle,kaggle_R_R_349.wav,kaggle_participant,1,48000,0.4000208333333333
Kaggle,kaggle_R_R_35.wav,kaggle_participant,1,48000,0.4000208333333333
Kaggle,kaggle_R_R_350.wav,kaggle_participant,1,48000,0.4
Kaggle,kaggle_R_R_351.wav,kaggle_participant,1,48000,0.4000208333333333
Kaggle,kaggle_R_R_352.wav,kaggle_participant,1,48000,0.4000208333333333
Kaggle,kaggle_R_R_353.wav,kaggle_participant,1,48000,0.4
Kaggle,kaggle_R_R_354.wav,kaggle_participant,1,48000,0.4000208333333333
Kaggle,kaggle_R_R_355.wav,kaggle_participant,1,48000,0.4000208333333333
Kaggle,kaggle_R_R_356.wav,kaggle_participant,1,48000,0.4000208333333333
Kaggle,kaggle_R_R_357.wav,kaggle_participant,1,48000,0.4
Kaggle,kaggle_R_R_358.wav,kaggle_participant,1,48000,0.4000208333333333
Kaggle,kaggle_R_R_359.wav,kaggle_participant,1,48000,0.4000208333333333
Kaggle,kaggle_R_R_36.wav,kaggle_participant,1,48000,0.4000208333333333
Kaggle,kaggle_R_R_360.wav,kaggle_participant,1,48000,0.4
Kaggle,kaggle_R_R_361.wav,kaggle_participant,1,48000,0.4000208333333333
Kaggle,kaggle_R_R_362.wav,kaggle_participant,1,48000,0.4000208333333333
Kaggle,kaggle_R_R_363.wav,kaggle_participant,1,48000,0.4
Kaggle,kaggle_R_R_364.wav,kaggle_participant,1,48000,0.4000208333333333
Kaggle,kaggle_R_R_365.wav,kaggle_participant,1,48000,0.4
Kaggle,kaggle_R_R_366.wav,kaggle_participant,1,48000,0.4000208333333333
Kaggle,kaggle_R_R_367.wav,kaggle_participant,1,48000,0.4
Kaggle,kaggle_R_R_368.wav,kaggle_participant,1,48000,0.4000208333333333
Kaggle,kaggle_R_R_369.wav,kaggle_participant,1,48000,0.4000208333333333
Kaggle,kaggle_R_R_37.wav,kaggle_participant,1,48000,0.4
Kaggle,kaggle_R_R_370.wav,kaggle_participant,1,48000,0.4
Kaggle,kaggle_R_R_371.wav,kaggle_participant,1,48000,0.4000208333333333
Kaggle,kaggle_R_R_372.wav,kaggle_participant,1,48000,0.4
Kaggle,kaggle_R_R_373.wav,kaggle_participant,1,48000,0.4000208333333333
Kaggle,kaggle_R_R_374.wav,kaggle_participant,1,48000,0.4000208333333333
Kaggle,kaggle_R_R_375.wav,kaggle_participant,1,48000,0.4000208333333333
Kaggle,kaggle_R_R_376.wav,kaggle_participant,1,48000,0.4
Kaggle,kaggle_R_R_377.wav,kaggle_participant,1,48000,0.4
Kaggle,kaggle_R_R_378.wav,kaggle_participant,1,48000,0.4000208333333333
Kaggle,kaggle_R_R_379.wav,kaggle_participant,1,48000,0.4000208333333333
Kaggle,kaggle_R_R_38.wav,kaggle_participant,1,48000,0.4
Kaggle,kaggle_R_R_380.wav,kaggle_participant,1,48000,0.4000208333333333
Kaggle,kaggle_R_R_381.wav,kaggle_participant,1,48000,0.4000208333333333
Kaggle,kaggle_R_R_382.wav,kaggle_participant,1,48000,0.4
Kaggle,kaggle_R_R_383.wav,kaggle_participant,1,48000,0.4000208333333333
Kaggle,kaggle_R_R_384.wav,kaggle_participant,1,48000,0.4000208333333333
Kaggle,kaggle_R_R_385.wav,kaggle_participant,1,48000,0.4000208333333333
Kaggle,kaggle_R_R_386.wav,kaggle_participant,1,48000,0.4000208333333333
Kaggle,kaggle_R_R_387.wav,kaggle_participant,1,48000,0.4000208333333333
Kaggle,kaggle_R_R_388.wav,kaggle_participant,1,48000,0.4000208333333333
Kaggle,kaggle_R_R_389.wav,kaggle_participant,1,48000,0.4000208333333333
Kaggle,kaggle_R_R_39.wav,kaggle_participant,1,48000,0.4
Kaggle,kaggle_R_R_390.wav,kaggle_participant,1,48000,0.4
Kaggle,kaggle_R_R_391.wav,kaggle_participant,1,48000,0.4
Kaggle,kaggle_R_R_392.wav,kaggle_participant,1,48000,0.4000208333333333
Kaggle,kaggle_R_R_393.wav,kaggle_participant,1,48000,0.4
Kaggle,kaggle_R_R_394.wav,kaggle_participant,1,48000,0.4
Kaggle,kaggle_R_R_395.wav,kaggle_participant,1,48000,0.4
Kaggle,kaggle_R_R_396.wav,kaggle_participant,1,48000,0.4000208333333333
Kaggle,kaggle_R_R_397.wav,kaggle_participant,1,48000,0.4
Kaggle,kaggle_R_R_398.wav,kaggle_participant,1,48000,0.4000208333333333
Kaggle,kaggle_R_R_399.wav,kaggle_participant,1,48000,0.4
Kaggle,kaggle_R_R_4.wav,kaggle_participant,1,48000,0.4
Kaggle,kaggle_R_R_40.wav,kaggle_participant,1,48000,0.4
Kaggle,kaggle_R_R_400.wav,kaggle_participant,1,48000,0.4000208333333333
Kaggle,kaggle_R_R_41.wav,kaggle_participant,1,48000,0.4
Kaggle,kaggle_R_R_42.wav,kaggle_participant,1,48000,0.4
Kaggle,kaggle_R_R_43.wav,kaggle_participant,1,48000,0.4
Kaggle,kaggle_R_R_44.wav,kaggle_participant,1,48000,0.4
Kaggle,kaggle_R_R_45.wav,kaggle_participant,1,48000,0.4
Kaggle,kaggle_R_R_46.wav,kaggle_participant,1,48000,0.39997916666666666
Kaggle,kaggle_R_R_47.wav,kaggle_participant,1,48000,0.4
Kaggle,kaggle_R_R_48.wav,kaggle_participant,1,48000,0.4
Kaggle,kaggle_R_R_49.wav,kaggle_participant,1,48000,0.4
Kaggle,kaggle_R_R_5.wav,kaggle_participant,1,48000,0.4
Kaggle,kaggle_R_R_50.wav,kaggle_participant,1,48000,0.4
Kaggle,kaggle_R_R_51.wav,kaggle_participant,1,48000,0.39997916666666666
Kaggle,kaggle_R_R_52.wav,kaggle_participant,1,48000,0.4
Kaggle,kaggle_R_R_53.wav,kaggle_participant,1,48000,0.4
Kaggle,kaggle_R_R_54.wav,kaggle_participant,1,48000,0.4
Kaggle,kaggle_R_R_55.wav,kaggle_participant,1,48000,0.4
Kaggle,kaggle_R_R_56.wav,kaggle_participant,1,48000,0.4
Kaggle,kaggle_R_R_57.wav,kaggle_participant,1,48000,0.4
Kaggle,kaggle_R_R_58.wav,kaggle_participant,1,48000,0.39997916666666666
Kaggle,kaggle_R_R_59.wav,kaggle_participant,1,48000,0.4
Kaggle,kaggle_R_R_6.wav,kaggle_participant,1,48000,0.4
Kaggle,kaggle_R_R_60.wav,kaggle_participant,1,48000,0.4
Kaggle,kaggle_R_R_61.wav,kaggle_participant,1,48000,0.39997916666666666
Kaggle,kaggle_R_R_62.wav,kaggle_participant,1,48000,0.4
Kaggle,kaggle_R_R_63.wav,kaggle_participant,1,48000,0.4
Kaggle,kaggle_R_R_64.wav,kaggle_participant,1,48000,0.4
Kaggle,kaggle_R_R_65.wav,kaggle_participant,1,48000,0.4
Kaggle,kaggle_R_R_66.wav,kaggle_participant,1,48000,0.39997916666666666
Kaggle,kaggle_R_R_67.wav,kaggle_participant,1,48000,0.39997916666666666
Kaggle,kaggle_R_R_68.wav,kaggle_participant,1,48000,0.4
Kaggle,kaggle_R_R_69.wav,kaggle_participant,1,48000,0.39997916666666666
Kaggle,kaggle_R_R_7.wav,kaggle_participant,1,48000,0.4
Kaggle,kaggle_R_R_70.wav,kaggle_participant,1,48000,0.4
Kaggle,kaggle_R_R_71.wav,kaggle_participant,1,48000,0.4
Kaggle,kaggle_R_R_72.wav,kaggle_participant,1,48000,0.4
Kaggle,kaggle_R_R_73.wav,kaggle_participant,1,48000,0.39997916666666666
Kaggle,kaggle_R_R_74.wav,kaggle_participant,1,48000,0.4
Kaggle,kaggle_R_R_75.wav,kaggle_participant,1,48000,0.4
Kaggle,kaggle_R_R_76.wav,kaggle_participant,1,48000,0.4
Kaggle,kaggle_R_R_77.wav,kaggle_participant,1,48000,0.4
Kaggle,kaggle_R_R_78.wav,kaggle_participant,1,48000,0.4
Kaggle,kaggle_R_R_79.wav,kaggle_participant,1,48000,0.4
Kaggle,kaggle_R_R_8.wav,kaggle_participant,1,48000,0.4
Kaggle,kaggle_R_R_80.wav,kaggle_participant,1,48000,0.39997916666666666
Kaggle,kaggle_R_R_81.wav,kaggle_participant,1,48000,0.4
Kaggle,kaggle_R_R_82.wav,kaggle_participant,1,48000,0.39997916666666666
Kaggle,kaggle_R_R_83.wav,kaggle_participant,1,48000,0.4
Kaggle,kaggle_R_R_84.wav,kaggle_participant,1,48000,0.4
Kaggle,kaggle_R_R_85.wav,kaggle_participant,1,48000,0.4
Kaggle,kaggle_R_R_86.wav,kaggle_participant,1,48000,0.4
Kaggle,kaggle_R_R_87.wav,kaggle_participant,1,48000,0.39997916666666666
Kaggle,kaggle_R_R_88.wav,kaggle_participant,1,48000,0.4
Kaggle,kaggle_R_R_89.wav,kaggle_participant,1,48000,0.39997916666666666
Kaggle,kaggle_R_R_9.wav,kaggle_participant,1,48000,0.4
Kaggle,kaggle_R_R_90.wav,kaggle_participant,1,48000,0.4
Kaggle,kaggle_R_R_91.wav,kaggle_participant,1,48000,0.39997916666666666
Kaggle,kaggle_R_R_92.wav,kaggle_participant,1,48000,0.4
Kaggle,kaggle_R_R_93.wav,kaggle_participant,1,48000,0.39997916666666666
Kaggle,kaggle_R_R_94.wav,kaggle_participant,1,48000,0.39997916666666666
Kaggle,kaggle_R_R_95.wav,kaggle_participant,1,48000,0.39997916666666666
Kaggle,kaggle_R_R_96.wav,kaggle_participant,1,48000,0.4
Kaggle,kaggle_R_R_97.wav,kaggle_participant,1,48000,0.39997916666666666
Kaggle,kaggle_R_R_98.wav,kaggle_participant,1,48000,0.39997916666666666
Kaggle,kaggle_R_R_99.wav,kaggle_participant,1,48000,0.39997916666666666
Kaggle,kaggle_S_S_1.wav,kaggle_participant,1,48000,0.4000208333333333
Kaggle,kaggle_S_S_10.wav,kaggle_participant,1,48000,0.4
Kaggle,kaggle_S_S_100.wav,kaggle_participant,1,48000,0.4
Kaggle,kaggle_S_S_101.wav,kaggle_participant,1,48000,0.4
Kaggle,kaggle_S_S_102.wav,kaggle_participant,1,48000,0.4
Kaggle,kaggle_S_S_103.wav,kaggle_participant,1,48000,0.4
Kaggle,kaggle_S_S_104.wav,kaggle_participant,1,48000,0.4
Kaggle,kaggle_S_S_105.wav,kaggle_participant,1,48000,0.4
Kaggle,kaggle_S_S_106.wav,kaggle_participant,1,48000,0.4
Kaggle,kaggle_S_S_107.wav,kaggle_participant,1,48000,0.4
Kaggle,kaggle_S_S_108.wav,kaggle_participant,1,48000,0.4
Kaggle,kaggle_S_S_109.wav,kaggle_participant,1,48000,0.4
Kaggle,kaggle_S_S_11.wav,kaggle_participant,1,48000,0.4
Kaggle,kaggle_S_S_110.wav,kaggle_participant,1,48000,0.4
Kaggle,kaggle_S_S_111.wav,kaggle_participant,1,48000,0.4
Kaggle,kaggle_S_S_112.wav,kaggle_participant,1,48000,0.4
Kaggle,kaggle_S_S_113.wav,kaggle_participant,1,48000,0.4
Kaggle,kaggle_S_S_114.wav,kaggle_participant,1,48000,0.4
Kaggle,kaggle_S_S_115.wav,kaggle_participant,1,48000,0.4
Kaggle,kaggle_S_S_116.wav,kaggle_participant,1,48000,0.4
Kaggle,kaggle_S_S_117.wav,kaggle_participant,1,48000,0.4
Kaggle,kaggle_S_S_118.wav,kaggle_participant,1,48000,0.4
Kaggle,kaggle_S_S_119.wav,kaggle_participant,1,48000,0.4
Kaggle,kaggle_S_S_12.wav,kaggle_participant,1,48000,0.4
Kaggle,kaggle_S_S_120.wav,kaggle_participant,1,48000,0.4
Kaggle,kaggle_S_S_121.wav,kaggle_participant,1,48000,0.4
Kaggle,kaggle_S_S_122.wav,kaggle_participant,1,48000,0.4
Kaggle,kaggle_S_S_123.wav,kaggle_participant,1,48000,0.4
Kaggle,kaggle_S_S_124.wav,kaggle_participant,1,48000,0.4
Kaggle,kaggle_S_S_125.wav,kaggle_participant,1,48000,0.4
Kaggle,kaggle_S_S_126.wav,kaggle_participant,1,48000,0.4
Kaggle,kaggle_S_S_127.wav,kaggle_participant,1,48000,0.4
Kaggle,kaggle_S_S_128.wav,kaggle_participant,1,48000,0.4
Kaggle,kaggle_S_S_129.wav,kaggle_participant,1,48000,0.4
Kaggle,kaggle_S_S_13.wav,kaggle_participant,1,48000,0.4
Kaggle,kaggle_S_S_130.wav,kaggle_participant,1,48000,0.4
Kaggle,kaggle_S_S_131.wav,kaggle_participant,1,48000,0.4
Kaggle,kaggle_S_S_132.wav,kaggle_participant,1,48000,0.4
Kaggle,kaggle_S_S_133.wav,kaggle_participant,1,48000,0.4
Kaggle,kaggle_S_S_134.wav,kaggle_participant,1,48000,0.4
Kaggle,kaggle_S_S_135.wav,kaggle_participant,1,48000,0.4
Kaggle,kaggle_S_S_136.wav,kaggle_participant,1,48000,0.4
Kaggle,kaggle_S_S_137.wav,kaggle_participant,1,48000,0.4
Kaggle,kaggle_S_S_138.wav,kaggle_participant,1,48000,0.4
Kaggle,kaggle_S_S_139.wav,kaggle_participant,1,48000,0.4
Kaggle,kaggle_S_S_14.wav,kaggle_participant,1,48000,0.4
Kaggle,kaggle_S_S_140.wav,kaggle_participant,1,48000,0.4
Kaggle,kaggle_S_S_141.wav,kaggle_participant,1,48000,0.4
Kaggle,kaggle_S_S_142.wav,kaggle_participant,1,48000,0.4
Kaggle,kaggle_S_S_143.wav,kaggle_participant,1,48000,0.4
Kaggle,kaggle_S_S_144.wav,kaggle_participant,1,48000,0.4
Kaggle,kaggle_S_S_145.wav,kaggle_participant,1,48000,0.4
Kaggle,kaggle_S_S_146.wav,kaggle_participant,1,48000,0.4
Kaggle,kaggle_S_S_147.wav,kaggle_participant,1,48000,0.4
Kaggle,kaggle_S_S_148.wav,kaggle_participant,1,48000,0.4
Kaggle,kaggle_S_S_149.wav,kaggle_participant,1,48000,0.4
Kaggle,kaggle_S_S_15.wav,kaggle_participant,1,48000,0.4
Kaggle,kaggle_S_S_150.wav,kaggle_participant,1,48000,0.4
Kaggle,kaggle_S_S_151.wav,kaggle_participant,1,48000,0.4
Kaggle,kaggle_S_S_152.wav,kaggle_participant,1,48000,0.4
Kaggle,kaggle_S_S_153.wav,kaggle_participant,1,48000,0.4
Kaggle,kaggle_S_S_154.wav,kaggle_participant,1,48000,0.4
Kaggle,kaggle_S_S_155.wav,kaggle_participant,1,48000,0.4
Kaggle,kaggle_S_S_156.wav,kaggle_participant,1,48000,0.4
Kaggle,kaggle_S_S_157.wav,kaggle_participant,1,48000,0.4
Kaggle,kaggle_S_S_158.wav,kaggle_participant,1,48000,0.4
Kaggle,kaggle_S_S_159.wav,kaggle_participant,1,48000,0.4
Kaggle,kaggle_S_S_16.wav,kaggle_participant,1,48000,0.4
Kaggle,kaggle_S_S_160.wav,kaggle_participant,1,48000,0.4
Kaggle,kaggle_S_S_161.wav,kaggle_participant,1,48000,0.4
Kaggle,kaggle_S_S_162.wav,kaggle_participant,1,48000,0.4
Kaggle,kaggle_S_S_163.wav,kaggle_participant,1,48000,0.4
Kaggle,kaggle_S_S_164.wav,kaggle_participant,1,48000,0.4
Kaggle,kaggle_S_S_165.wav,kaggle_participant,1,48000,0.4
Kaggle,kaggle_S_S_166.wav,kaggle_participant,1,48000,0.4
Kaggle,kaggle_S_S_167.wav,kaggle_participant,1,48000,0.4
Kaggle,kaggle_S_S_168.wav,kaggle_participant,1,48000,0.4
Kaggle,kaggle_S_S_169.wav,kaggle_participant,1,48000,0.4
Kaggle,kaggle_S_S_17.wav,kaggle_participant,1,48000,0.4000208333333333
Kaggle,kaggle_S_S_170.wav,kaggle_participant,1,48000,0.4
Kaggle,kaggle_S_S_171.wav,kaggle_participant,1,48000,0.4
Kaggle,kaggle_S_S_172.wav,kaggle_participant,1,48000,0.4
Kaggle,kaggle_S_S_173.wav,kaggle_participant,1,48000,0.4
Kaggle,kaggle_S_S_174.wav,kaggle_participant,1,48000,0.4
Kaggle,kaggle_S_S_175.wav,kaggle_participant,1,48000,0.4
Kaggle,kaggle_S_S_176.wav,kaggle_participant,1,48000,0.4
Kaggle,kaggle_S_S_177.wav,kaggle_participant,1,48000,0.4
Kaggle,kaggle_S_S_178.wav,kaggle_participant,1,48000,0.4
Kaggle,kaggle_S_S_179.wav,kaggle_participant,1,48000,0.4
Kaggle,kaggle_S_S_18.wav,kaggle_participant,1,48000,0.4000208333333333
Kaggle,kaggle_S_S_180.wav,kaggle_participant,1,48000,0.4
Kaggle,kaggle_S_S_181.wav,kaggle_participant,1,48000,0.4
Kaggle,kaggle_S_S_182.wav,kaggle_participant,1,48000,0.4
Kaggle,kaggle_S_S_183.wav,kaggle_participant,1,48000,0.4
Kaggle,kaggle_S_S_184.wav,kaggle_participant,1,48000,0.4
Kaggle,kaggle_S_S_185.wav,kaggle_participant,1,48000,0.4
Kaggle,kaggle_S_S_186.wav,kaggle_participant,1,48000,0.4
Kaggle,kaggle_S_S_187.wav,kaggle_participant,1,48000,0.4
Kaggle,kaggle_S_S_188.wav,kaggle_participant,1,48000,0.4
Kaggle,kaggle_S_S_189.wav,kaggle_participant,1,48000,0.4
Kaggle,kaggle_S_S_19.wav,kaggle_participant,1,48000,0.4
Kaggle,kaggle_S_S_190.wav,kaggle_participant,1,48000,0.4
Kaggle,kaggle_S_S_191.wav,kaggle_participant,1,48000,0.4
Kaggle,kaggle_S_S_192.wav,kaggle_participant,1,48000,0.4
Kaggle,kaggle_S_S_193.wav,kaggle_participant,1,48000,0.4
Kaggle,kaggle_S_S_194.wav,kaggle_participant,1,48000,0.4
Kaggle,kaggle_S_S_195.wav,kaggle_participant,1,48000,0.4
Kaggle,kaggle_S_S_196.wav,kaggle_participant,1,48000,0.4
Kaggle,kaggle_S_S_197.wav,kaggle_participant,1,48000,0.4
Kaggle,kaggle_S_S_198.wav,kaggle_participant,1,48000,0.4
Kaggle,kaggle_S_S_199.wav,kaggle_participant,1,48000,0.4
Kaggle,kaggle_S_S_2.wav,kaggle_participant,1,48000,0.39997916666666666
Kaggle,kaggle_S_S_20.wav,kaggle_participant,1,48000,0.4000208333333333
Kaggle,kaggle_S_S_200.wav,kaggle_participant,1,48000,0.4
Kaggle,kaggle_S_S_201.wav,kaggle_participant,1,48000,0.4
Kaggle,kaggle_S_S_202.wav,kaggle_participant,1,48000,0.4
Kaggle,kaggle_S_S_203.wav,kaggle_participant,1,48000,0.4
Kaggle,kaggle_S_S_204.wav,kaggle_participant,1,48000,0.4
Kaggle,kaggle_S_S_205.wav,kaggle_participant,1,48000,0.4
Kaggle,kaggle_S_S_206.wav,kaggle_participant,1,48000,0.4
Kaggle,kaggle_S_S_207.wav,kaggle_participant,1,48000,0.4
Kaggle,kaggle_S_S_208.wav,kaggle_participant,1,48000,0.4
Kaggle,kaggle_S_S_209.wav,kaggle_participant,1,48000,0.4
Kaggle,kaggle_S_S_21.wav,kaggle_participant,1,48000,0.4000208333333333
Kaggle,kaggle_S_S_210.wav,kaggle_participant,1,48000,0.4
Kaggle,kaggle_S_S_211.wav,kaggle_participant,1,48000,0.4
Kaggle,kaggle_S_S_212.wav,kaggle_participant,1,48000,0.4
Kaggle,kaggle_S_S_213.wav,kaggle_participant,1,48000,0.4
Kaggle,kaggle_S_S_214.wav,kaggle_participant,1,48000,0.4
Kaggle,kaggle_S_S_215.wav,kaggle_participant,1,48000,0.4
Kaggle,kaggle_S_S_216.wav,kaggle_participant,1,48000,0.4
Kaggle,kaggle_S_S_217.wav,kaggle_participant,1,48000,0.4
Kaggle,kaggle_S_S_218.wav,kaggle_participant,1,48000,0.4
Kaggle,kaggle_S_S_219.wav,kaggle_participant,1,48000,0.4
Kaggle,kaggle_S_S_22.wav,kaggle_participant,1,48000,0.4
Kaggle,kaggle_S_S_220.wav,kaggle_participant,1,48000,0.4
Kaggle,kaggle_S_S_221.wav,kaggle_participant,1,48000,0.4
Kaggle,kaggle_S_S_222.wav,kaggle_participant,1,48000,0.4
Kaggle,kaggle_S_S_223.wav,kaggle_participant,1,48000,0.4
Kaggle,kaggle_S_S_224.wav,kaggle_participant,1,48000,0.4
Kaggle,kaggle_S_S_225.wav,kaggle_participant,1,48000,0.4
Kaggle,kaggle_S_S_226.wav,kaggle_participant,1,48000,0.4
Kaggle,kaggle_S_S_227.wav,kaggle_participant,1,48000,0.4
Kaggle,kaggle_S_S_228.wav,kaggle_participant,1,48000,0.4
Kaggle,kaggle_S_S_229.wav,kaggle_participant,1,48000,0.4
Kaggle,kaggle_S_S_23.wav,kaggle_participant,1,48000,0.4
Kaggle,kaggle_S_S_230.wav,kaggle_participant,1,48000,0.4
Kaggle,kaggle_S_S_231.wav,kaggle_participant,1,48000,0.4
Kaggle,kaggle_S_S_232.wav,kaggle_participant,1,48000,0.4000208333333333
Kaggle,kaggle_S_S_233.wav,kaggle_participant,1,48000,0.4
Kaggle,kaggle_S_S_234.wav,kaggle_participant,1,48000,0.4000208333333333
Kaggle,kaggle_S_S_235.wav,kaggle_participant,1,48000,0.4
Kaggle,kaggle_S_S_236.wav,kaggle_participant,1,48000,0.4
Kaggle,kaggle_S_S_237.wav,kaggle_participant,1,48000,0.4
Kaggle,kaggle_S_S_238.wav,kaggle_participant,1,48000,0.4000208333333333
Kaggle,kaggle_S_S_239.wav,kaggle_participant,1,48000,0.4000208333333333
Kaggle,kaggle_S_S_24.wav,kaggle_participant,1,48000,0.4
Kaggle,kaggle_S_S_240.wav,kaggle_participant,1,48000,0.4000208333333333
Kaggle,kaggle_S_S_241.wav,kaggle_participant,1,48000,0.4000208333333333
Kaggle,kaggle_S_S_242.wav,kaggle_participant,1,48000,0.4
Kaggle,kaggle_S_S_243.wav,kaggle_participant,1,48000,0.4
Kaggle,kaggle_S_S_244.wav,kaggle_participant,1,48000,0.4
Kaggle,kaggle_S_S_245.wav,kaggle_participant,1,48000,0.4000208333333333
Kaggle,kaggle_S_S_246.wav,kaggle_participant,1,48000,0.4
Kaggle,kaggle_S_S_247.wav,kaggle_participant,1,48000,0.4000208333333333
Kaggle,kaggle_S_S_248.wav,kaggle_participant,1,48000,0.4000208333333333
Kaggle,kaggle_S_S_249.wav,kaggle_participant,1,48000,0.4000208333333333
Kaggle,kaggle_S_S_25.wav,kaggle_participant,1,48000,0.4
Kaggle,kaggle_S_S_250.wav,kaggle_participant,1,48000,0.4
Kaggle,kaggle_S_S_251.wav,kaggle_participant,1,48000,0.4000208333333333
Kaggle,kaggle_S_S_252.wav,kaggle_participant,1,48000,0.4000208333333333
Kaggle,kaggle_S_S_253.wav,kaggle_participant,1,48000,0.4000208333333333
Kaggle,kaggle_S_S_254.wav,kaggle_participant,1,48000,0.4
Kaggle,kaggle_S_S_255.wav,kaggle_participant,1,48000,0.4
Kaggle,kaggle_S_S_256.wav,kaggle_participant,1,48000,0.4000208333333333
Kaggle,kaggle_S_S_257.wav,kaggle_participant,1,48000,0.4000208333333333
Kaggle,kaggle_S_S_258.wav,kaggle_participant,1,48000,0.4
Kaggle,kaggle_S_S_259.wav,kaggle_participant,1,48000,0.4
Kaggle,kaggle_S_S_26.wav,kaggle_participant,1,48000,0.4000208333333333
Kaggle,kaggle_S_S_260.wav,kaggle_participant,1,48000,0.4000208333333333
Kaggle,kaggle_S_S_261.wav,kaggle_participant,1,48000,0.4000208333333333
Kaggle,kaggle_S_S_262.wav,kaggle_participant,1,48000,0.4
Kaggle,kaggle_S_S_263.wav,kaggle_participant,1,48000,0.4
Kaggle,kaggle_S_S_264.wav,kaggle_participant,1,48000,0.4000208333333333
Kaggle,kaggle_S_S_265.wav,kaggle_participant,1,48000,0.4000208333333333
Kaggle,kaggle_S_S_266.wav,kaggle_participant,1,48000,0.4000208333333333
Kaggle,kaggle_S_S_267.wav,kaggle_participant,1,48000,0.4
Kaggle,kaggle_S_S_268.wav,kaggle_participant,1,48000,0.4000208333333333
Kaggle,kaggle_S_S_269.wav,kaggle_participant,1,48000,0.4000208333333333
Kaggle,kaggle_S_S_27.wav,kaggle_participant,1,48000,0.4
Kaggle,kaggle_S_S_270.wav,kaggle_participant,1,48000,0.4000208333333333
Kaggle,kaggle_S_S_271.wav,kaggle_participant,1,48000,0.4000208333333333
Kaggle,kaggle_S_S_272.wav,kaggle_participant,1,48000,0.4000208333333333
Kaggle,kaggle_S_S_273.wav,kaggle_participant,1,48000,0.4000208333333333
Kaggle,kaggle_S_S_274.wav,kaggle_participant,1,48000,0.4000208333333333
Kaggle,kaggle_S_S_28.wav,kaggle_participant,1,48000,0.4
Kaggle,kaggle_S_S_29.wav,kaggle_participant,1,48000,0.4000208333333333
Kaggle,kaggle_S_S_3.wav,kaggle_participant,1,48000,0.4
Kaggle,kaggle_S_S_30.wav,kaggle_participant,1,48000,0.4
Kaggle,kaggle_S_S_31.wav,kaggle_participant,1,48000,0.4000208333333333
Kaggle,kaggle_S_S_32.wav,kaggle_participant,1,48000,0.4
Kaggle,kaggle_S_S_33.wav,kaggle_participant,1,48000,0.4000208333333333
Kaggle,kaggle_S_S_34.wav,kaggle_participant,1,48000,0.39997916666666666
Kaggle,kaggle_S_S_35.wav,kaggle_participant,1,48000,0.39997916666666666
Kaggle,kaggle_S_S_36.wav,kaggle_participant,1,48000,0.4
Kaggle,kaggle_S_S_37.wav,kaggle_participant,1,48000,0.4
Kaggle,kaggle_S_S_38.wav,kaggle_participant,1,48000,0.39997916666666666
Kaggle,kaggle_S_S_39.wav,kaggle_participant,1,48000,0.4
Kaggle,kaggle_S_S_4.wav,kaggle_participant,1,48000,0.4
Kaggle,kaggle_S_S_40.wav,kaggle_participant,1,48000,0.4
Kaggle,kaggle_S_S_41.wav,kaggle_participant,1,48000,0.4
Kaggle,kaggle_S_S_42.wav,kaggle_participant,1,48000,0.4
Kaggle,kaggle_S_S_43.wav,kaggle_participant,1,48000,0.4
Kaggle,kaggle_S_S_44.wav,kaggle_participant,1,48000,0.4
Kaggle,kaggle_S_S_45.wav,kaggle_participant,1,48000,0.4
Kaggle,kaggle_S_S_46.wav,kaggle_participant,1,48000,0.4
Kaggle,kaggle_S_S_47.wav,kaggle_participant,1,48000,0.4
Kaggle,kaggle_S_S_48.wav,kaggle_participant,1,48000,0.4
Kaggle,kaggle_S_S_49.wav,kaggle_participant,1,48000,0.4
Kaggle,kaggle_S_S_5.wav,kaggle_participant,1,48000,0.4
Kaggle,kaggle_S_S_50.wav,kaggle_participant,1,48000,0.4
Kaggle,kaggle_S_S_51.wav,kaggle_participant,1,48000,0.4
Kaggle,kaggle_S_S_52.wav,kaggle_participant,1,48000,0.4
Kaggle,kaggle_S_S_53.wav,kaggle_participant,1,48000,0.39997916666666666
Kaggle,kaggle_S_S_54.wav,kaggle_participant,1,48000,0.4
Kaggle,kaggle_S_S_55.wav,kaggle_participant,1,48000,0.4
Kaggle,kaggle_S_S_56.wav,kaggle_participant,1,48000,0.39997916666666666
Kaggle,kaggle_S_S_57.wav,kaggle_participant,1,48000,0.39997916666666666
Kaggle,kaggle_S_S_58.wav,kaggle_participant,1,48000,0.4
Kaggle,kaggle_S_S_59.wav,kaggle_participant,1,48000,0.4
Kaggle,kaggle_S_S_6.wav,kaggle_participant,1,48000,0.4
Kaggle,kaggle_S_S_60.wav,kaggle_participant,1,48000,0.4
Kaggle,kaggle_S_S_61.wav,kaggle_participant,1,48000,0.4
Kaggle,kaggle_S_S_62.wav,kaggle_participant,1,48000,0.4
Kaggle,kaggle_S_S_63.wav,kaggle_participant,1,48000,0.4
Kaggle,kaggle_S_S_64.wav,kaggle_participant,1,48000,0.39997916666666666
Kaggle,kaggle_S_S_65.wav,kaggle_participant,1,48000,0.4
Kaggle,kaggle_S_S_66.wav,kaggle_participant,1,48000,0.39997916666666666
Kaggle,kaggle_S_S_67.wav,kaggle_participant,1,48000,0.39997916666666666
Kaggle,kaggle_S_S_68.wav,kaggle_participant,1,48000,0.4
Kaggle,kaggle_S_S_69.wav,kaggle_participant,1,48000,0.4
Kaggle,kaggle_S_S_7.wav,kaggle_participant,1,48000,0.4
Kaggle,kaggle_S_S_70.wav,kaggle_participant,1,48000,0.39997916666666666
Kaggle,kaggle_S_S_71.wav,kaggle_participant,1,48000,0.4
Kaggle,kaggle_S_S_72.wav,kaggle_participant,1,48000,0.4
Kaggle,kaggle_S_S_73.wav,kaggle_participant,1,48000,0.4
Kaggle,kaggle_S_S_74.wav,kaggle_participant,1,48000,0.4
Kaggle,kaggle_S_S_75.wav,kaggle_participant,1,48000,0.39997916666666666
Kaggle,kaggle_S_S_76.wav,kaggle_participant,1,48000,0.4
Kaggle,kaggle_S_S_77.wav,kaggle_participant,1,48000,0.4
Kaggle,kaggle_S_S_78.wav,kaggle_participant,1,48000,0.39997916666666666
Kaggle,kaggle_S_S_79.wav,kaggle_participant,1,48000,0.4
Kaggle,kaggle_S_S_8.wav,kaggle_participant,1,48000,0.4
Kaggle,kaggle_S_S_80.wav,kaggle_participant,1,48000,0.4
Kaggle,kaggle_S_S_81.wav,kaggle_participant,1,48000,0.39997916666666666
Kaggle,kaggle_S_S_82.wav,kaggle_participant,1,48000,0.4
Kaggle,kaggle_S_S_83.wav,kaggle_participant,1,48000,0.4
Kaggle,kaggle_S_S_84.wav,kaggle_participant,1,48000,0.4
Kaggle,kaggle_S_S_85.wav,kaggle_participant,1,48000,0.4
Kaggle,kaggle_S_S_86.wav,kaggle_participant,1,48000,0.4
Kaggle,kaggle_S_S_87.wav,kaggle_participant,1,48000,0.4
Kaggle,kaggle_S_S_88.wav,kaggle_participant,1,48000,0.4
Kaggle,kaggle_S_S_89.wav,kaggle_participant,1,48000,0.4
Kaggle,kaggle_S_S_9.wav,kaggle_participant,1,48000,0.4
Kaggle,kaggle_S_S_90.wav,kaggle_participant,1,48000,0.4
Kaggle,kaggle_S_S_91.wav,kaggle_participant,1,48000,0.4
Kaggle,kaggle_S_S_92.wav,kaggle_participant,1,48000,0.4
Kaggle,kaggle_S_S_93.wav,kaggle_participant,1,48000,0.4
Kaggle,kaggle_S_S_94.wav,kaggle_participant,1,48000,0.4
Kaggle,kaggle_S_S_95.wav,kaggle_participant,1,48000,0.4
Kaggle,kaggle_S_S_96.wav,kaggle_participant,1,48000,0.4
Kaggle,kaggle_S_S_97.wav,kaggle_participant,1,48000,0.4
Kaggle,kaggle_S_S_98.wav,kaggle_participant,1,48000,0.4
Kaggle,kaggle_S_S_99.wav,kaggle_participant,1,48000,0.4
Kaggle,kaggle_Space_Space_1.wav,kaggle_participant,1,48000,0.4
Kaggle,kaggle_Space_Space_10.wav,kaggle_participant,1,48000,0.4
Kaggle,kaggle_Space_Space_100.wav,kaggle_participant,1,48000,0.4
Kaggle,kaggle_Space_Space_101.wav,kaggle_participant,1,48000,0.4
Kaggle,kaggle_Space_Space_102.wav,kaggle_participant,1,48000,0.4
Kaggle,kaggle_Space_Space_103.wav,kaggle_participant,1,48000,0.4
Kaggle,kaggle_Space_Space_104.wav,kaggle_participant,1,48000,0.4
Kaggle,kaggle_Space_Space_105.wav,kaggle_participant,1,48000,0.4
Kaggle,kaggle_Space_Space_106.wav,kaggle_participant,1,48000,0.4
Kaggle,kaggle_Space_Space_107.wav,kaggle_participant,1,48000,0.4
Kaggle,kaggle_Space_Space_108.wav,kaggle_participant,1,48000,0.4
Kaggle,kaggle_Space_Space_109.wav,kaggle_participant,1,48000,0.4
Kaggle,kaggle_Space_Space_11.wav,kaggle_participant,1,48000,0.4
Kaggle,kaggle_Space_Space_110.wav,kaggle_participant,1,48000,0.4
Kaggle,kaggle_Space_Space_111.wav,kaggle_participant,1,48000,0.4
Kaggle,kaggle_Space_Space_112.wav,kaggle_participant,1,48000,0.4
Kaggle,kaggle_Space_Space_113.wav,kaggle_participant,1,48000,0.4
Kaggle,kaggle_Space_Space_114.wav,kaggle_participant,1,48000,0.4
Kaggle,kaggle_Space_Space_115.wav,kaggle_participant,1,48000,0.4
Kaggle,kaggle_Space_Space_116.wav,kaggle_participant,1,48000,0.4
Kaggle,kaggle_Space_Space_117.wav,kaggle_participant,1,48000,0.4
Kaggle,kaggle_Space_Space_118.wav,kaggle_participant,1,48000,0.4
Kaggle,kaggle_Space_Space_119.wav,kaggle_participant,1,48000,0.4
Kaggle,kaggle_Space_Space_12.wav,kaggle_participant,1,48000,0.4
Kaggle,kaggle_Space_Space_120.wav,kaggle_participant,1,48000,0.4
Kaggle,kaggle_Space_Space_121.wav,kaggle_participant,1,48000,0.4
Kaggle,kaggle_Space_Space_122.wav,kaggle_participant,1,48000,0.4
Kaggle,kaggle_Space_Space_123.wav,kaggle_participant,1,48000,0.4
Kaggle,kaggle_Space_Space_124.wav,kaggle_participant,1,48000,0.4
Kaggle,kaggle_Space_Space_125.wav,kaggle_participant,1,48000,0.4
Kaggle,kaggle_Space_Space_126.wav,kaggle_participant,1,48000,0.4
Kaggle,kaggle_Space_Space_127.wav,kaggle_participant,1,48000,0.4
Kaggle,kaggle_Space_Space_128.wav,kaggle_participant,1,48000,0.4
Kaggle,kaggle_Space_Space_129.wav,kaggle_participant,1,48000,0.4
Kaggle,kaggle_Space_Space_13.wav,kaggle_participant,1,48000,0.4
Kaggle,kaggle_Space_Space_130.wav,kaggle_participant,1,48000,0.4
Kaggle,kaggle_Space_Space_131.wav,kaggle_participant,1,48000,0.4
Kaggle,kaggle_Space_Space_132.wav,kaggle_participant,1,48000,0.4
Kaggle,kaggle_Space_Space_133.wav,kaggle_participant,1,48000,0.4
Kaggle,kaggle_Space_Space_134.wav,kaggle_participant,1,48000,0.4
Kaggle,kaggle_Space_Space_135.wav,kaggle_participant,1,48000,0.4
Kaggle,kaggle_Space_Space_136.wav,kaggle_participant,1,48000,0.4
Kaggle,kaggle_Space_Space_137.wav,kaggle_participant,1,48000,0.4
Kaggle,kaggle_Space_Space_138.wav,kaggle_participant,1,48000,0.4
Kaggle,kaggle_Space_Space_139.wav,kaggle_participant,1,48000,0.4
Kaggle,kaggle_Space_Space_14.wav,kaggle_participant,1,48000,0.4
Kaggle,kaggle_Space_Space_140.wav,kaggle_participant,1,48000,0.4
Kaggle,kaggle_Space_Space_141.wav,kaggle_participant,1,48000,0.4
Kaggle,kaggle_Space_Space_142.wav,kaggle_participant,1,48000,0.4
Kaggle,kaggle_Space_Space_143.wav,kaggle_participant,1,48000,0.4
Kaggle,kaggle_Space_Space_144.wav,kaggle_participant,1,48000,0.4
Kaggle,kaggle_Space_Space_145.wav,kaggle_participant,1,48000,0.4
Kaggle,kaggle_Space_Space_146.wav,kaggle_participant,1,48000,0.4
Kaggle,kaggle_Space_Space_147.wav,kaggle_participant,1,48000,0.4
Kaggle,kaggle_Space_Space_148.wav,kaggle_participant,1,48000,0.4
Kaggle,kaggle_Space_Space_149.wav,kaggle_participant,1,48000,0.4
Kaggle,kaggle_Space_Space_15.wav,kaggle_participant,1,48000,0.4
Kaggle,kaggle_Space_Space_150.wav,kaggle_participant,1,48000,0.4
Kaggle,kaggle_Space_Space_151.wav,kaggle_participant,1,48000,0.4
Kaggle,kaggle_Space_Space_152.wav,kaggle_participant,1,48000,0.4
Kaggle,kaggle_Space_Space_153.wav,kaggle_participant,1,48000,0.4
Kaggle,kaggle_Space_Space_154.wav,kaggle_participant,1,48000,0.4
Kaggle,kaggle_Space_Space_155.wav,kaggle_participant,1,48000,0.4
Kaggle,kaggle_Space_Space_156.wav,kaggle_participant,1,48000,0.4
Kaggle,kaggle_Space_Space_157.wav,kaggle_participant,1,48000,0.4
Kaggle,kaggle_Space_Space_158.wav,kaggle_participant,1,48000,0.4
Kaggle,kaggle_Space_Space_159.wav,kaggle_participant,1,48000,0.4
Kaggle,kaggle_Space_Space_16.wav,kaggle_participant,1,48000,0.4000208333333333
Kaggle,kaggle_Space_Space_160.wav,kaggle_participant,1,48000,0.4
Kaggle,kaggle_Space_Space_161.wav,kaggle_participant,1,48000,0.4
Kaggle,kaggle_Space_Space_162.wav,kaggle_participant,1,48000,0.4
Kaggle,kaggle_Space_Space_163.wav,kaggle_participant,1,48000,0.4
Kaggle,kaggle_Space_Space_164.wav,kaggle_participant,1,48000,0.4
Kaggle,kaggle_Space_Space_165.wav,kaggle_participant,1,48000,0.4
Kaggle,kaggle_Space_Space_166.wav,kaggle_participant,1,48000,0.4
Kaggle,kaggle_Space_Space_167.wav,kaggle_participant,1,48000,0.4
Kaggle,kaggle_Space_Space_168.wav,kaggle_participant,1,48000,0.4
Kaggle,kaggle_Space_Space_169.wav,kaggle_participant,1,48000,0.4
Kaggle,kaggle_Space_Space_17.wav,kaggle_participant,1,48000,0.4000208333333333
Kaggle,kaggle_Space_Space_170.wav,kaggle_participant,1,48000,0.4
Kaggle,kaggle_Space_Space_171.wav,kaggle_participant,1,48000,0.4
Kaggle,kaggle_Space_Space_172.wav,kaggle_participant,1,48000,0.4
Kaggle,kaggle_Space_Space_173.wav,kaggle_participant,1,48000,0.4
Kaggle,kaggle_Space_Space_174.wav,kaggle_participant,1,48000,0.4
Kaggle,kaggle_Space_Space_175.wav,kaggle_participant,1,48000,0.4
Kaggle,kaggle_Space_Space_176.wav,kaggle_participant,1,48000,0.4
Kaggle,kaggle_Space_Space_177.wav,kaggle_participant,1,48000,0.4
Kaggle,kaggle_Space_Space_178.wav,kaggle_participant,1,48000,0.4
Kaggle,kaggle_Space_Space_179.wav,kaggle_participant,1,48000,0.4
Kaggle,kaggle_Space_Space_18.wav,kaggle_participant,1,48000,0.4000208333333333
Kaggle,kaggle_Space_Space_180.wav,kaggle_participant,1,48000,0.4
Kaggle,kaggle_Space_Space_181.wav,kaggle_participant,1,48000,0.4
Kaggle,kaggle_Space_Space_182.wav,kaggle_participant,1,48000,0.4
Kaggle,kaggle_Space_Space_183.wav,kaggle_participant,1,48000,0.4
Kaggle,kaggle_Space_Space_184.wav,kaggle_participant,1,48000,0.4
Kaggle,kaggle_Space_Space_185.wav,kaggle_participant,1,48000,0.4
Kaggle,kaggle_Space_Space_186.wav,kaggle_participant,1,48000,0.4
Kaggle,kaggle_Space_Space_187.wav,kaggle_participant,1,48000,0.4
Kaggle,kaggle_Space_Space_188.wav,kaggle_participant,1,48000,0.4
Kaggle,kaggle_Space_Space_189.wav,kaggle_participant,1,48000,0.4
Kaggle,kaggle_Space_Space_19.wav,kaggle_participant,1,48000,0.4000208333333333
Kaggle,kaggle_Space_Space_190.wav,kaggle_participant,1,48000,0.4
Kaggle,kaggle_Space_Space_191.wav,kaggle_participant,1,48000,0.4
Kaggle,kaggle_Space_Space_192.wav,kaggle_participant,1,48000,0.4
Kaggle,kaggle_Space_Space_193.wav,kaggle_participant,1,48000,0.4
Kaggle,kaggle_Space_Space_194.wav,kaggle_participant,1,48000,0.4
Kaggle,kaggle_Space_Space_195.wav,kaggle_participant,1,48000,0.4
Kaggle,kaggle_Space_Space_196.wav,kaggle_participant,1,48000,0.4
Kaggle,kaggle_Space_Space_197.wav,kaggle_participant,1,48000,0.4
Kaggle,kaggle_Space_Space_198.wav,kaggle_participant,1,48000,0.4
Kaggle,kaggle_Space_Space_199.wav,kaggle_participant,1,48000,0.4
Kaggle,kaggle_Space_Space_2.wav,kaggle_participant,1,48000,0.4
Kaggle,kaggle_Space_Space_20.wav,kaggle_participant,1,48000,0.4
Kaggle,kaggle_Space_Space_200.wav,kaggle_participant,1,48000,0.4
Kaggle,kaggle_Space_Space_201.wav,kaggle_participant,1,48000,0.4
Kaggle,kaggle_Space_Space_202.wav,kaggle_participant,1,48000,0.4
Kaggle,kaggle_Space_Space_203.wav,kaggle_participant,1,48000,0.4
Kaggle,kaggle_Space_Space_204.wav,kaggle_participant,1,48000,0.4
Kaggle,kaggle_Space_Space_205.wav,kaggle_participant,1,48000,0.4
Kaggle,kaggle_Space_Space_206.wav,kaggle_participant,1,48000,0.4
Kaggle,kaggle_Space_Space_207.wav,kaggle_participant,1,48000,0.4
Kaggle,kaggle_Space_Space_208.wav,kaggle_participant,1,48000,0.4
Kaggle,kaggle_Space_Space_209.wav,kaggle_participant,1,48000,0.4
Kaggle,kaggle_Space_Space_21.wav,kaggle_participant,1,48000,0.4
Kaggle,kaggle_Space_Space_210.wav,kaggle_participant,1,48000,0.4
Kaggle,kaggle_Space_Space_211.wav,kaggle_participant,1,48000,0.4
Kaggle,kaggle_Space_Space_212.wav,kaggle_participant,1,48000,0.4
Kaggle,kaggle_Space_Space_213.wav,kaggle_participant,1,48000,0.4
Kaggle,kaggle_Space_Space_214.wav,kaggle_participant,1,48000,0.4
Kaggle,kaggle_Space_Space_215.wav,kaggle_participant,1,48000,0.4
Kaggle,kaggle_Space_Space_216.wav,kaggle_participant,1,48000,0.4
Kaggle,kaggle_Space_Space_217.wav,kaggle_participant,1,48000,0.4
Kaggle,kaggle_Space_Space_218.wav,kaggle_participant,1,48000,0.4
Kaggle,kaggle_Space_Space_219.wav,kaggle_participant,1,48000,0.4
Kaggle,kaggle_Space_Space_22.wav,kaggle_participant,1,48000,0.4
Kaggle,kaggle_Space_Space_220.wav,kaggle_participant,1,48000,0.4
Kaggle,kaggle_Space_Space_221.wav,kaggle_participant,1,48000,0.4
Kaggle,kaggle_Space_Space_222.wav,kaggle_participant,1,48000,0.4
Kaggle,kaggle_Space_Space_223.wav,kaggle_participant,1,48000,0.4
Kaggle,kaggle_Space_Space_224.wav,kaggle_participant,1,48000,0.4
Kaggle,kaggle_Space_Space_225.wav,kaggle_participant,1,48000,0.4
Kaggle,kaggle_Space_Space_226.wav,kaggle_participant,1,48000,0.4
Kaggle,kaggle_Space_Space_227.wav,kaggle_participant,1,48000,0.4
Kaggle,kaggle_Space_Space_228.wav,kaggle_participant,1,48000,0.4
Kaggle,kaggle_Space_Space_229.wav,kaggle_participant,1,48000,0.4
Kaggle,kaggle_Space_Space_23.wav,kaggle_participant,1,48000,0.4000208333333333
Kaggle,kaggle_Space_Space_230.wav,kaggle_participant,1,48000,0.4
Kaggle,kaggle_Space_Space_231.wav,kaggle_participant,1,48000,0.4
Kaggle,kaggle_Space_Space_232.wav,kaggle_participant,1,48000,0.4
Kaggle,kaggle_Space_Space_233.wav,kaggle_participant,1,48000,0.4
Kaggle,kaggle_Space_Space_234.wav,kaggle_participant,1,48000,0.4
Kaggle,kaggle_Space_Space_235.wav,kaggle_participant,1,48000,0.4000208333333333
Kaggle,kaggle_Space_Space_236.wav,kaggle_participant,1,48000,0.4000208333333333
Kaggle,kaggle_Space_Space_237.wav,kaggle_participant,1,48000,0.4000208333333333
Kaggle,kaggle_Space_Space_238.wav,kaggle_participant,1,48000,0.4000208333333333
Kaggle,kaggle_Space_Space_239.wav,kaggle_participant,1,48000,0.4
Kaggle,kaggle_Space_Space_24.wav,kaggle_participant,1,48000,0.4
Kaggle,kaggle_Space_Space_240.wav,kaggle_participant,1,48000,0.4000208333333333
Kaggle,kaggle_Space_Space_241.wav,kaggle_participant,1,48000,0.4
Kaggle,kaggle_Space_Space_242.wav,kaggle_participant,1,48000,0.4000208333333333
Kaggle,kaggle_Space_Space_243.wav,kaggle_participant,1,48000,0.4000208333333333
Kaggle,kaggle_Space_Space_244.wav,kaggle_participant,1,48000,0.4000208333333333
Kaggle,kaggle_Space_Space_245.wav,kaggle_participant,1,48000,0.4000208333333333
Kaggle,kaggle_Space_Space_246.wav,kaggle_participant,1,48000,0.4000208333333333
Kaggle,kaggle_Space_Space_247.wav,kaggle_participant,1,48000,0.4000208333333333
Kaggle,kaggle_Space_Space_248.wav,kaggle_participant,1,48000,0.4000208333333333
Kaggle,kaggle_Space_Space_249.wav,kaggle_participant,1,48000,0.4
Kaggle,kaggle_Space_Space_25.wav,kaggle_participant,1,48000,0.4
Kaggle,kaggle_Space_Space_250.wav,kaggle_participant,1,48000,0.4
Kaggle,kaggle_Space_Space_251.wav,kaggle_participant,1,48000,0.4000208333333333
Kaggle,kaggle_Space_Space_252.wav,kaggle_participant,1,48000,0.4000208333333333
Kaggle,kaggle_Space_Space_253.wav,kaggle_participant,1,48000,0.4
Kaggle,kaggle_Space_Space_254.wav,kaggle_participant,1,48000,0.4
Kaggle,kaggle_Space_Space_255.wav,kaggle_participant,1,48000,0.4000208333333333
Kaggle,kaggle_Space_Space_256.wav,kaggle_participant,1,48000,0.4000208333333333
Kaggle,kaggle_Space_Space_257.wav,kaggle_participant,1,48000,0.4
Kaggle,kaggle_Space_Space_258.wav,kaggle_participant,1,48000,0.4000208333333333
Kaggle,kaggle_Space_Space_259.wav,kaggle_participant,1,48000,0.4000208333333333
Kaggle,kaggle_Space_Space_26.wav,kaggle_participant,1,48000,0.4
Kaggle,kaggle_Space_Space_260.wav,kaggle_participant,1,48000,0.4000208333333333
Kaggle,kaggle_Space_Space_261.wav,kaggle_participant,1,48000,0.4000208333333333
Kaggle,kaggle_Space_Space_262.wav,kaggle_participant,1,48000,0.4
Kaggle,kaggle_Space_Space_263.wav,kaggle_participant,1,48000,0.4
Kaggle,kaggle_Space_Space_264.wav,kaggle_participant,1,48000,0.4000208333333333
Kaggle,kaggle_Space_Space_265.wav,kaggle_participant,1,48000,0.4000208333333333
Kaggle,kaggle_Space_Space_266.wav,kaggle_participant,1,48000,0.4000208333333333
Kaggle,kaggle_Space_Space_267.wav,kaggle_participant,1,48000,0.4000208333333333
Kaggle,kaggle_Space_Space_27.wav,kaggle_participant,1,48000,0.4
Kaggle,kaggle_Space_Space_28.wav,kaggle_participant,1,48000,0.4
Kaggle,kaggle_Space_Space_29.wav,kaggle_participant,1,48000,0.4
Kaggle,kaggle_Space_Space_3.wav,kaggle_participant,1,48000,0.4000208333333333
Kaggle,kaggle_Space_Space_30.wav,kaggle_participant,1,48000,0.4
Kaggle,kaggle_Space_Space_31.wav,kaggle_participant,1,48000,0.4
Kaggle,kaggle_Space_Space_32.wav,kaggle_participant,1,48000,0.4
Kaggle,kaggle_Space_Space_33.wav,kaggle_participant,1,48000,0.4
Kaggle,kaggle_Space_Space_34.wav,kaggle_participant,1,48000,0.4
Kaggle,kaggle_Space_Space_35.wav,kaggle_participant,1,48000,0.4
Kaggle,kaggle_Space_Space_36.wav,kaggle_participant,1,48000,0.4
Kaggle,kaggle_Space_Space_37.wav,kaggle_participant,1,48000,0.39997916666666666
Kaggle,kaggle_Space_Space_38.wav,kaggle_participant,1,48000,0.4
Kaggle,kaggle_Space_Space_39.wav,kaggle_participant,1,48000,0.4
Kaggle,kaggle_Space_Space_4.wav,kaggle_participant,1,48000,0.4
Kaggle,kaggle_Space_Space_40.wav,kaggle_participant,1,48000,0.4
Kaggle,kaggle_Space_Space_41.wav,kaggle_participant,1,48000,0.4
Kaggle,kaggle_Space_Space_42.wav,kaggle_participant,1,48000,0.4
Kaggle,kaggle_Space_Space_43.wav,kaggle_participant,1,48000,0.4
Kaggle,kaggle_Space_Space_44.wav,kaggle_participant,1,48000,0.4
Kaggle,kaggle_Space_Space_45.wav,kaggle_participant,1,48000,0.4
Kaggle,kaggle_Space_Space_46.wav,kaggle_participant,1,48000,0.4
Kaggle,kaggle_Space_Space_47.wav,kaggle_participant,1,48000,0.39997916666666666
Kaggle,kaggle_Space_Space_48.wav,kaggle_participant,1,48000,0.4
Kaggle,kaggle_Space_Space_49.wav,kaggle_participant,1,48000,0.4
Kaggle,kaggle_Space_Space_5.wav,kaggle_participant,1,48000,0.39997916666666666
Kaggle,kaggle_Space_Space_50.wav,kaggle_participant,1,48000,0.4
Kaggle,kaggle_Space_Space_51.wav,kaggle_participant,1,48000,0.39997916666666666
Kaggle,kaggle_Space_Space_52.wav,kaggle_participant,1,48000,0.39997916666666666
Kaggle,kaggle_Space_Space_53.wav,kaggle_participant,1,48000,0.4
Kaggle,kaggle_Space_Space_54.wav,kaggle_participant,1,48000,0.4
Kaggle,kaggle_Space_Space_55.wav,kaggle_participant,1,48000,0.4
Kaggle,kaggle_Space_Space_56.wav,kaggle_participant,1,48000,0.4
Kaggle,kaggle_Space_Space_57.wav,kaggle_participant,1,48000,0.4
Kaggle,kaggle_Space_Space_58.wav,kaggle_participant,1,48000,0.4
Kaggle,kaggle_Space_Space_59.wav,kaggle_participant,1,48000,0.4
Kaggle,kaggle_Space_Space_6.wav,kaggle_participant,1,48000,0.4
Kaggle,kaggle_Space_Space_60.wav,kaggle_participant,1,48000,0.4
Kaggle,kaggle_Space_Space_61.wav,kaggle_participant,1,48000,0.4
Kaggle,kaggle_Space_Space_62.wav,kaggle_participant,1,48000,0.4
Kaggle,kaggle_Space_Space_63.wav,kaggle_participant,1,48000,0.4
Kaggle,kaggle_Space_Space_64.wav,kaggle_participant,1,48000,0.4
Kaggle,kaggle_Space_Space_65.wav,kaggle_participant,1,48000,0.39997916666666666
Kaggle,kaggle_Space_Space_66.wav,kaggle_participant,1,48000,0.4
Kaggle,kaggle_Space_Space_67.wav,kaggle_participant,1,48000,0.4
Kaggle,kaggle_Space_Space_68.wav,kaggle_participant,1,48000,0.4
Kaggle,kaggle_Space_Space_69.wav,kaggle_participant,1,48000,0.39997916666666666
Kaggle,kaggle_Space_Space_7.wav,kaggle_participant,1,48000,0.4
Kaggle,kaggle_Space_Space_70.wav,kaggle_participant,1,48000,0.4
Kaggle,kaggle_Space_Space_71.wav,kaggle_participant,1,48000,0.4
Kaggle,kaggle_Space_Space_72.wav,kaggle_participant,1,48000,0.39997916666666666
Kaggle,kaggle_Space_Space_73.wav,kaggle_participant,1,48000,0.4
Kaggle,kaggle_Space_Space_74.wav,kaggle_participant,1,48000,0.4
Kaggle,kaggle_Space_Space_75.wav,kaggle_participant,1,48000,0.4
Kaggle,kaggle_Space_Space_76.wav,kaggle_participant,1,48000,0.4
Kaggle,kaggle_Space_Space_77.wav,kaggle_participant,1,48000,0.4
Kaggle,kaggle_Space_Space_78.wav,kaggle_participant,1,48000,0.39997916666666666
Kaggle,kaggle_Space_Space_79.wav,kaggle_participant,1,48000,0.39997916666666666
Kaggle,kaggle_Space_Space_8.wav,kaggle_participant,1,48000,0.4
Kaggle,kaggle_Space_Space_80.wav,kaggle_participant,1,48000,0.4
Kaggle,kaggle_Space_Space_81.wav,kaggle_participant,1,48000,0.39997916666666666
Kaggle,kaggle_Space_Space_82.wav,kaggle_participant,1,48000,0.4
Kaggle,kaggle_Space_Space_83.wav,kaggle_participant,1,48000,0.4
Kaggle,kaggle_Space_Space_84.wav,kaggle_participant,1,48000,0.4
Kaggle,kaggle_Space_Space_85.wav,kaggle_participant,1,48000,0.4
Kaggle,kaggle_Space_Space_86.wav,kaggle_participant,1,48000,0.4
Kaggle,kaggle_Space_Space_87.wav,kaggle_participant,1,48000,0.4
Kaggle,kaggle_Space_Space_88.wav,kaggle_participant,1,48000,0.4
Kaggle,kaggle_Space_Space_89.wav,kaggle_participant,1,48000,0.4
Kaggle,kaggle_Space_Space_9.wav,kaggle_participant,1,48000,0.4
Kaggle,kaggle_Space_Space_90.wav,kaggle_participant,1,48000,0.4
Kaggle,kaggle_Space_Space_91.wav,kaggle_participant,1,48000,0.4
Kaggle,kaggle_Space_Space_92.wav,kaggle_participant,1,48000,0.4
Kaggle,kaggle_Space_Space_93.wav,kaggle_participant,1,48000,0.4
Kaggle,kaggle_Space_Space_94.wav,kaggle_participant,1,48000,0.4
Kaggle,kaggle_Space_Space_95.wav,kaggle_participant,1,48000,0.4
Kaggle,kaggle_Space_Space_96.wav,kaggle_participant,1,48000,0.4
Kaggle,kaggle_Space_Space_97.wav,kaggle_participant,1,48000,0.4
Kaggle,kaggle_Space_Space_98.wav,kaggle_participant,1,48000,0.4
Kaggle,kaggle_Space_Space_99.wav,kaggle_participant,1,48000,0.4
Kaggle,kaggle_T_T_1.wav,kaggle_participant,1,48000,0.4
Kaggle,kaggle_T_T_10.wav,kaggle_participant,1,48000,0.4
Kaggle,kaggle_T_T_100.wav,kaggle_participant,1,48000,0.4
Kaggle,kaggle_T_T_101.wav,kaggle_participant,1,48000,0.4
Kaggle,kaggle_T_T_102.wav,kaggle_participant,1,48000,0.4
Kaggle,kaggle_T_T_103.wav,kaggle_participant,1,48000,0.39997916666666666
Kaggle,kaggle_T_T_104.wav,kaggle_participant,1,48000,0.4
Kaggle,kaggle_T_T_105.wav,kaggle_participant,1,48000,0.39997916666666666
Kaggle,kaggle_T_T_106.wav,kaggle_participant,1,48000,0.4
Kaggle,kaggle_T_T_107.wav,kaggle_participant,1,48000,0.4
Kaggle,kaggle_T_T_108.wav,kaggle_participant,1,48000,0.4
Kaggle,kaggle_T_T_109.wav,kaggle_participant,1,48000,0.39997916666666666
Kaggle,kaggle_T_T_11.wav,kaggle_participant,1,48000,0.4
Kaggle,kaggle_T_T_110.wav,kaggle_participant,1,48000,0.4
Kaggle,kaggle_T_T_111.wav,kaggle_participant,1,48000,0.4
Kaggle,kaggle_T_T_112.wav,kaggle_participant,1,48000,0.4
Kaggle,kaggle_T_T_113.wav,kaggle_participant,1,48000,0.4
Kaggle,kaggle_T_T_114.wav,kaggle_participant,1,48000,0.4
Kaggle,kaggle_T_T_115.wav,kaggle_participant,1,48000,0.4
Kaggle,kaggle_T_T_116.wav,kaggle_participant,1,48000,0.4
Kaggle,kaggle_T_T_117.wav,kaggle_participant,1,48000,0.4
Kaggle,kaggle_T_T_118.wav,kaggle_participant,1,48000,0.4
Kaggle,kaggle_T_T_119.wav,kaggle_participant,1,48000,0.4
Kaggle,kaggle_T_T_12.wav,kaggle_participant,1,48000,0.4
Kaggle,kaggle_T_T_120.wav,kaggle_participant,1,48000,0.4
Kaggle,kaggle_T_T_121.wav,kaggle_participant,1,48000,0.4
Kaggle,kaggle_T_T_122.wav,kaggle_participant,1,48000,0.4
Kaggle,kaggle_T_T_123.wav,kaggle_participant,1,48000,0.4
Kaggle,kaggle_T_T_124.wav,kaggle_participant,1,48000,0.4
Kaggle,kaggle_T_T_125.wav,kaggle_participant,1,48000,0.4
Kaggle,kaggle_T_T_126.wav,kaggle_participant,1,48000,0.4
Kaggle,kaggle_T_T_127.wav,kaggle_participant,1,48000,0.4
Kaggle,kaggle_T_T_128.wav,kaggle_participant,1,48000,0.4
Kaggle,kaggle_T_T_129.wav,kaggle_participant,1,48000,0.4
Kaggle,kaggle_T_T_13.wav,kaggle_participant,1,48000,0.4
Kaggle,kaggle_T_T_130.wav,kaggle_participant,1,48000,0.4
Kaggle,kaggle_T_T_131.wav,kaggle_participant,1,48000,0.4
Kaggle,kaggle_T_T_132.wav,kaggle_participant,1,48000,0.4
Kaggle,kaggle_T_T_133.wav,kaggle_participant,1,48000,0.4
Kaggle,kaggle_T_T_134.wav,kaggle_participant,1,48000,0.4
Kaggle,kaggle_T_T_135.wav,kaggle_participant,1,48000,0.4
Kaggle,kaggle_T_T_136.wav,kaggle_participant,1,48000,0.4
Kaggle,kaggle_T_T_137.wav,kaggle_participant,1,48000,0.4
Kaggle,kaggle_T_T_138.wav,kaggle_participant,1,48000,0.4
Kaggle,kaggle_T_T_139.wav,kaggle_participant,1,48000,0.4
Kaggle,kaggle_T_T_14.wav,kaggle_participant,1,48000,0.4
Kaggle,kaggle_T_T_140.wav,kaggle_participant,1,48000,0.4
Kaggle,kaggle_T_T_141.wav,kaggle_participant,1,48000,0.4
Kaggle,kaggle_T_T_142.wav,kaggle_participant,1,48000,0.4
Kaggle,kaggle_T_T_143.wav,kaggle_participant,1,48000,0.4
Kaggle,kaggle_T_T_144.wav,kaggle_participant,1,48000,0.4
Kaggle,kaggle_T_T_145.wav,kaggle_participant,1,48000,0.4
Kaggle,kaggle_T_T_146.wav,kaggle_participant,1,48000,0.4
Kaggle,kaggle_T_T_147.wav,kaggle_participant,1,48000,0.4
Kaggle,kaggle_T_T_148.wav,kaggle_participant,1,48000,0.4
Kaggle,kaggle_T_T_149.wav,kaggle_participant,1,48000,0.4
Kaggle,kaggle_T_T_15.wav,kaggle_participant,1,48000,0.4
Kaggle,kaggle_T_T_150.wav,kaggle_participant,1,48000,0.4
Kaggle,kaggle_T_T_151.wav,kaggle_participant,1,48000,0.4
Kaggle,kaggle_T_T_152.wav,kaggle_participant,1,48000,0.4
Kaggle,kaggle_T_T_153.wav,kaggle_participant,1,48000,0.4
Kaggle,kaggle_T_T_154.wav,kaggle_participant,1,48000,0.4
Kaggle,kaggle_T_T_155.wav,kaggle_participant,1,48000,0.4
Kaggle,kaggle_T_T_156.wav,kaggle_participant,1,48000,0.4
Kaggle,kaggle_T_T_157.wav,kaggle_participant,1,48000,0.4
Kaggle,kaggle_T_T_158.wav,kaggle_participant,1,48000,0.4
Kaggle,kaggle_T_T_159.wav,kaggle_participant,1,48000,0.4
Kaggle,kaggle_T_T_16.wav,kaggle_participant,1,48000,0.4
Kaggle,kaggle_T_T_160.wav,kaggle_participant,1,48000,0.4
Kaggle,kaggle_T_T_161.wav,kaggle_participant,1,48000,0.4
Kaggle,kaggle_T_T_162.wav,kaggle_participant,1,48000,0.4
Kaggle,kaggle_T_T_163.wav,kaggle_participant,1,48000,0.4
Kaggle,kaggle_T_T_164.wav,kaggle_participant,1,48000,0.4
Kaggle,kaggle_T_T_165.wav,kaggle_participant,1,48000,0.4
Kaggle,kaggle_T_T_166.wav,kaggle_participant,1,48000,0.4
Kaggle,kaggle_T_T_167.wav,kaggle_participant,1,48000,0.4
Kaggle,kaggle_T_T_168.wav,kaggle_participant,1,48000,0.4
Kaggle,kaggle_T_T_169.wav,kaggle_participant,1,48000,0.4
Kaggle,kaggle_T_T_17.wav,kaggle_participant,1,48000,0.4
Kaggle,kaggle_T_T_170.wav,kaggle_participant,1,48000,0.4
Kaggle,kaggle_T_T_171.wav,kaggle_participant,1,48000,0.4
Kaggle,kaggle_T_T_172.wav,kaggle_participant,1,48000,0.4
Kaggle,kaggle_T_T_173.wav,kaggle_participant,1,48000,0.4
Kaggle,kaggle_T_T_174.wav,kaggle_participant,1,48000,0.4
Kaggle,kaggle_T_T_175.wav,kaggle_participant,1,48000,0.4
Kaggle,kaggle_T_T_176.wav,kaggle_participant,1,48000,0.4
Kaggle,kaggle_T_T_177.wav,kaggle_participant,1,48000,0.4
Kaggle,kaggle_T_T_178.wav,kaggle_participant,1,48000,0.4
Kaggle,kaggle_T_T_179.wav,kaggle_participant,1,48000,0.4
Kaggle,kaggle_T_T_18.wav,kaggle_participant,1,48000,0.4
Kaggle,kaggle_T_T_180.wav,kaggle_participant,1,48000,0.4
Kaggle,kaggle_T_T_181.wav,kaggle_participant,1,48000,0.4
Kaggle,kaggle_T_T_182.wav,kaggle_participant,1,48000,0.4
Kaggle,kaggle_T_T_183.wav,kaggle_participant,1,48000,0.4
Kaggle,kaggle_T_T_184.wav,kaggle_participant,1,48000,0.4
Kaggle,kaggle_T_T_185.wav,kaggle_participant,1,48000,0.4
Kaggle,kaggle_T_T_186.wav,kaggle_participant,1,48000,0.4
Kaggle,kaggle_T_T_187.wav,kaggle_participant,1,48000,0.4
Kaggle,kaggle_T_T_188.wav,kaggle_participant,1,48000,0.4
Kaggle,kaggle_T_T_189.wav,kaggle_participant,1,48000,0.4
Kaggle,kaggle_T_T_19.wav,kaggle_participant,1,48000,0.4
Kaggle,kaggle_T_T_190.wav,kaggle_participant,1,48000,0.4
Kaggle,kaggle_T_T_191.wav,kaggle_participant,1,48000,0.4
Kaggle,kaggle_T_T_192.wav,kaggle_participant,1,48000,0.4
Kaggle,kaggle_T_T_193.wav,kaggle_participant,1,48000,0.4
Kaggle,kaggle_T_T_194.wav,kaggle_participant,1,48000,0.4
Kaggle,kaggle_T_T_195.wav,kaggle_participant,1,48000,0.4
Kaggle,kaggle_T_T_196.wav,kaggle_participant,1,48000,0.4
Kaggle,kaggle_T_T_197.wav,kaggle_participant,1,48000,0.4
Kaggle,kaggle_T_T_198.wav,kaggle_participant,1,48000,0.4
Kaggle,kaggle_T_T_199.wav,kaggle_participant,1,48000,0.4
Kaggle,kaggle_T_T_2.wav,kaggle_participant,1,48000,0.4
Kaggle,kaggle_T_T_20.wav,kaggle_participant,1,48000,0.4
Kaggle,kaggle_T_T_200.wav,kaggle_participant,1,48000,0.4
Kaggle,kaggle_T_T_201.wav,kaggle_participant,1,48000,0.4
Kaggle,kaggle_T_T_202.wav,kaggle_participant,1,48000,0.4
Kaggle,kaggle_T_T_203.wav,kaggle_participant,1,48000,0.4
Kaggle,kaggle_T_T_204.wav,kaggle_participant,1,48000,0.4
Kaggle,kaggle_T_T_205.wav,kaggle_participant,1,48000,0.4
Kaggle,kaggle_T_T_206.wav,kaggle_participant,1,48000,0.4
Kaggle,kaggle_T_T_207.wav,kaggle_participant,1,48000,0.4
Kaggle,kaggle_T_T_208.wav,kaggle_participant,1,48000,0.4
Kaggle,kaggle_T_T_209.wav,kaggle_participant,1,48000,0.4
Kaggle,kaggle_T_T_21.wav,kaggle_participant,1,48000,0.4
Kaggle,kaggle_T_T_210.wav,kaggle_participant,1,48000,0.4
Kaggle,kaggle_T_T_211.wav,kaggle_participant,1,48000,0.4
Kaggle,kaggle_T_T_212.wav,kaggle_participant,1,48000,0.4
Kaggle,kaggle_T_T_213.wav,kaggle_participant,1,48000,0.4
Kaggle,kaggle_T_T_214.wav,kaggle_participant,1,48000,0.4
Kaggle,kaggle_T_T_215.wav,kaggle_participant,1,48000,0.4
Kaggle,kaggle_T_T_216.wav,kaggle_participant,1,48000,0.4
Kaggle,kaggle_T_T_217.wav,kaggle_participant,1,48000,0.4
Kaggle,kaggle_T_T_218.wav,kaggle_participant,1,48000,0.4
Kaggle,kaggle_T_T_219.wav,kaggle_participant,1,48000,0.4
Kaggle,kaggle_T_T_22.wav,kaggle_participant,1,48000,0.4
Kaggle,kaggle_T_T_220.wav,kaggle_participant,1,48000,0.4
Kaggle,kaggle_T_T_221.wav,kaggle_participant,1,48000,0.4
Kaggle,kaggle_T_T_222.wav,kaggle_participant,1,48000,0.4
Kaggle,kaggle_T_T_223.wav,kaggle_participant,1,48000,0.4
Kaggle,kaggle_T_T_224.wav,kaggle_participant,1,48000,0.4
Kaggle,kaggle_T_T_225.wav,kaggle_participant,1,48000,0.4
Kaggle,kaggle_T_T_226.wav,kaggle_participant,1,48000,0.4
Kaggle,kaggle_T_T_227.wav,kaggle_participant,1,48000,0.4
Kaggle,kaggle_T_T_228.wav,kaggle_participant,1,48000,0.4
Kaggle,kaggle_T_T_229.wav,kaggle_participant,1,48000,0.4
Kaggle,kaggle_T_T_23.wav,kaggle_participant,1,48000,0.4
Kaggle,kaggle_T_T_230.wav,kaggle_participant,1,48000,0.4
Kaggle,kaggle_T_T_231.wav,kaggle_participant,1,48000,0.4
Kaggle,kaggle_T_T_232.wav,kaggle_participant,1,48000,0.4
Kaggle,kaggle_T_T_233.wav,kaggle_participant,1,48000,0.4
Kaggle,kaggle_T_T_234.wav,kaggle_participant,1,48000,0.4
Kaggle,kaggle_T_T_235.wav,kaggle_participant,1,48000,0.4
Kaggle,kaggle_T_T_236.wav,kaggle_participant,1,48000,0.4
Kaggle,kaggle_T_T_237.wav,kaggle_participant,1,48000,0.4
Kaggle,kaggle_T_T_238.wav,kaggle_participant,1,48000,0.4
Kaggle,kaggle_T_T_239.wav,kaggle_participant,1,48000,0.4
Kaggle,kaggle_T_T_24.wav,kaggle_participant,1,48000,0.4000208333333333
Kaggle,kaggle_T_T_240.wav,kaggle_participant,1,48000,0.4
Kaggle,kaggle_T_T_241.wav,kaggle_participant,1,48000,0.4
Kaggle,kaggle_T_T_242.wav,kaggle_participant,1,48000,0.4
Kaggle,kaggle_T_T_243.wav,kaggle_participant,1,48000,0.4
Kaggle,kaggle_T_T_244.wav,kaggle_participant,1,48000,0.4
Kaggle,kaggle_T_T_245.wav,kaggle_participant,1,48000,0.4
Kaggle,kaggle_T_T_246.wav,kaggle_participant,1,48000,0.4
Kaggle,kaggle_T_T_247.wav,kaggle_participant,1,48000,0.4
Kaggle,kaggle_T_T_248.wav,kaggle_participant,1,48000,0.4
Kaggle,kaggle_T_T_249.wav,kaggle_participant,1,48000,0.4
Kaggle,kaggle_T_T_25.wav,kaggle_participant,1,48000,0.4000208333333333
Kaggle,kaggle_T_T_250.wav,kaggle_participant,1,48000,0.4
Kaggle,kaggle_T_T_251.wav,kaggle_participant,1,48000,0.4
Kaggle,kaggle_T_T_252.wav,kaggle_participant,1,48000,0.4
Kaggle,kaggle_T_T_253.wav,kaggle_participant,1,48000,0.4
Kaggle,kaggle_T_T_254.wav,kaggle_participant,1,48000,0.4
Kaggle,kaggle_T_T_255.wav,kaggle_participant,1,48000,0.4
Kaggle,kaggle_T_T_256.wav,kaggle_participant,1,48000,0.4
Kaggle,kaggle_T_T_257.wav,kaggle_participant,1,48000,0.4
Kaggle,kaggle_T_T_258.wav,kaggle_participant,1,48000,0.4
Kaggle,kaggle_T_T_259.wav,kaggle_participant,1,48000,0.4
Kaggle,kaggle_T_T_26.wav,kaggle_participant,1,48000,0.4
Kaggle,kaggle_T_T_260.wav,kaggle_participant,1,48000,0.4
Kaggle,kaggle_T_T_261.wav,kaggle_participant,1,48000,0.4
Kaggle,kaggle_T_T_262.wav,kaggle_participant,1,48000,0.4
Kaggle,kaggle_T_T_263.wav,kaggle_participant,1,48000,0.4
Kaggle,kaggle_T_T_264.wav,kaggle_participant,1,48000,0.4
Kaggle,kaggle_T_T_265.wav,kaggle_participant,1,48000,0.4
Kaggle,kaggle_T_T_266.wav,kaggle_participant,1,48000,0.4
Kaggle,kaggle_T_T_267.wav,kaggle_participant,1,48000,0.4
Kaggle,kaggle_T_T_268.wav,kaggle_participant,1,48000,0.4
Kaggle,kaggle_T_T_269.wav,kaggle_participant,1,48000,0.4
Kaggle,kaggle_T_T_27.wav,kaggle_participant,1,48000,0.4
Kaggle,kaggle_T_T_270.wav,kaggle_participant,1,48000,0.4
Kaggle,kaggle_T_T_271.wav,kaggle_participant,1,48000,0.4
Kaggle,kaggle_T_T_272.wav,kaggle_participant,1,48000,0.4
Kaggle,kaggle_T_T_273.wav,kaggle_participant,1,48000,0.4
Kaggle,kaggle_T_T_274.wav,kaggle_participant,1,48000,0.4
Kaggle,kaggle_T_T_275.wav,kaggle_participant,1,48000,0.4
Kaggle,kaggle_T_T_276.wav,kaggle_participant,1,48000,0.4
Kaggle,kaggle_T_T_277.wav,kaggle_participant,1,48000,0.4
Kaggle,kaggle_T_T_278.wav,kaggle_participant,1,48000,0.4
Kaggle,kaggle_T_T_279.wav,kaggle_participant,1,48000,0.4
Kaggle,kaggle_T_T_28.wav,kaggle_participant,1,48000,0.4000208333333333
Kaggle,kaggle_T_T_280.wav,kaggle_participant,1,48000,0.4
Kaggle,kaggle_T_T_281.wav,kaggle_participant,1,48000,0.4
Kaggle,kaggle_T_T_282.wav,kaggle_participant,1,48000,0.4
Kaggle,kaggle_T_T_283.wav,kaggle_participant,1,48000,0.4
Kaggle,kaggle_T_T_284.wav,kaggle_participant,1,48000,0.4
Kaggle,kaggle_T_T_285.wav,kaggle_participant,1,48000,0.4
Kaggle,kaggle_T_T_286.wav,kaggle_participant,1,48000,0.4
Kaggle,kaggle_T_T_287.wav,kaggle_participant,1,48000,0.4
Kaggle,kaggle_T_T_288.wav,kaggle_participant,1,48000,0.4
Kaggle,kaggle_T_T_289.wav,kaggle_participant,1,48000,0.4
Kaggle,kaggle_T_T_29.wav,kaggle_participant,1,48000,0.4
Kaggle,kaggle_T_T_290.wav,kaggle_participant,1,48000,0.4
Kaggle,kaggle_T_T_291.wav,kaggle_participant,1,48000,0.4
Kaggle,kaggle_T_T_292.wav,kaggle_participant,1,48000,0.4
Kaggle,kaggle_T_T_293.wav,kaggle_participant,1,48000,0.4
Kaggle,kaggle_T_T_294.wav,kaggle_participant,1,48000,0.4
Kaggle,kaggle_T_T_295.wav,kaggle_participant,1,48000,0.4
Kaggle,kaggle_T_T_296.wav,kaggle_participant,1,48000,0.4
Kaggle,kaggle_T_T_297.wav,kaggle_participant,1,48000,0.4
Kaggle,kaggle_T_T_298.wav,kaggle_participant,1,48000,0.4
Kaggle,kaggle_T_T_299.wav,kaggle_participant,1,48000,0.4
Kaggle,kaggle_T_T_3.wav,kaggle_participant,1,48000,0.4000208333333333
Kaggle,kaggle_T_T_30.wav,kaggle_participant,1,48000,0.4
Kaggle,kaggle_T_T_300.wav,kaggle_participant,1,48000,0.4
Kaggle,kaggle_T_T_301.wav,kaggle_participant,1,48000,0.4
Kaggle,kaggle_T_T_302.wav,kaggle_participant,1,48000,0.4
Kaggle,kaggle_T_T_303.wav,kaggle_participant,1,48000,0.4
Kaggle,kaggle_T_T_304.wav,kaggle_participant,1,48000,0.4
Kaggle,kaggle_T_T_305.wav,kaggle_participant,1,48000,0.4
Kaggle,kaggle_T_T_306.wav,kaggle_participant,1,48000,0.4
Kaggle,kaggle_T_T_307.wav,kaggle_participant,1,48000,0.4
Kaggle,kaggle_T_T_308.wav,kaggle_participant,1,48000,0.4
Kaggle,kaggle_T_T_309.wav,kaggle_participant,1,48000,0.4
Kaggle,kaggle_T_T_31.wav,kaggle_participant,1,48000,0.4
Kaggle,kaggle_T_T_310.wav,kaggle_participant,1,48000,0.4
Kaggle,kaggle_T_T_311.wav,kaggle_participant,1,48000,0.4
Kaggle,kaggle_T_T_312.wav,kaggle_participant,1,48000,0.4
Kaggle,kaggle_T_T_313.wav,kaggle_participant,1,48000,0.4
Kaggle,kaggle_T_T_314.wav,kaggle_participant,1,48000,0.4
Kaggle,kaggle_T_T_315.wav,kaggle_participant,1,48000,0.4
Kaggle,kaggle_T_T_316.wav,kaggle_participant,1,48000,0.4
Kaggle,kaggle_T_T_317.wav,kaggle_participant,1,48000,0.4
Kaggle,kaggle_T_T_318.wav,kaggle_participant,1,48000,0.4
Kaggle,kaggle_T_T_319.wav,kaggle_participant,1,48000,0.4
Kaggle,kaggle_T_T_32.wav,kaggle_participant,1,48000,0.4
Kaggle,kaggle_T_T_320.wav,kaggle_participant,1,48000,0.4
Kaggle,kaggle_T_T_321.wav,kaggle_participant,1,48000,0.4
Kaggle,kaggle_T_T_322.wav,kaggle_participant,1,48000,0.4
Kaggle,kaggle_T_T_323.wav,kaggle_participant,1,48000,0.4
Kaggle,kaggle_T_T_324.wav,kaggle_participant,1,48000,0.4
Kaggle,kaggle_T_T_325.wav,kaggle_participant,1,48000,0.4
Kaggle,kaggle_T_T_326.wav,kaggle_participant,1,48000,0.4
Kaggle,kaggle_T_T_327.wav,kaggle_participant,1,48000,0.4
Kaggle,kaggle_T_T_328.wav,kaggle_participant,1,48000,0.4
Kaggle,kaggle_T_T_329.wav,kaggle_participant,1,48000,0.4
Kaggle,kaggle_T_T_33.wav,kaggle_participant,1,48000,0.4
Kaggle,kaggle_T_T_330.wav,kaggle_participant,1,48000,0.4
Kaggle,kaggle_T_T_331.wav,kaggle_participant,1,48000,0.4000208333333333
Kaggle,kaggle_T_T_332.wav,kaggle_participant,1,48000,0.4000208333333333
Kaggle,kaggle_T_T_333.wav,kaggle_participant,1,48000,0.4000208333333333
Kaggle,kaggle_T_T_334.wav,kaggle_participant,1,48000,0.4000208333333333
Kaggle,kaggle_T_T_335.wav,kaggle_participant,1,48000,0.4
Kaggle,kaggle_T_T_336.wav,kaggle_participant,1,48000,0.4000208333333333
Kaggle,kaggle_T_T_337.wav,kaggle_participant,1,48000,0.4
Kaggle,kaggle_T_T_338.wav,kaggle_participant,1,48000,0.4000208333333333
Kaggle,kaggle_T_T_339.wav,kaggle_participant,1,48000,0.4
Kaggle,kaggle_T_T_34.wav,kaggle_participant,1,48000,0.4
Kaggle,kaggle_T_T_340.wav,kaggle_participant,1,48000,0.4000208333333333
Kaggle,kaggle_T_T_341.wav,kaggle_participant,1,48000,0.4
Kaggle,kaggle_T_T_342.wav,kaggle_participant,1,48000,0.4000208333333333
Kaggle,kaggle_T_T_343.wav,kaggle_participant,1,48000,0.4
Kaggle,kaggle_T_T_344.wav,kaggle_participant,1,48000,0.4
Kaggle,kaggle_T_T_345.wav,kaggle_participant,1,48000,0.4
Kaggle,kaggle_T_T_346.wav,kaggle_participant,1,48000,0.4000208333333333
Kaggle,kaggle_T_T_347.wav,kaggle_participant,1,48000,0.4000208333333333
Kaggle,kaggle_T_T_348.wav,kaggle_participant,1,48000,0.4000208333333333
Kaggle,kaggle_T_T_349.wav,kaggle_participant,1,48000,0.4000208333333333
Kaggle,kaggle_T_T_35.wav,kaggle_participant,1,48000,0.4000208333333333
Kaggle,kaggle_T_T_350.wav,kaggle_participant,1,48000,0.4000208333333333
Kaggle,kaggle_T_T_351.wav,kaggle_participant,1,48000,0.4
Kaggle,kaggle_T_T_352.wav,kaggle_participant,1,48000,0.4
Kaggle,kaggle_T_T_353.wav,kaggle_participant,1,48000,0.4000208333333333
Kaggle,kaggle_T_T_354.wav,kaggle_participant,1,48000,0.4
Kaggle,kaggle_T_T_355.wav,kaggle_participant,1,48000,0.4000208333333333
Kaggle,kaggle_T_T_356.wav,kaggle_participant,1,48000,0.4000208333333333
Kaggle,kaggle_T_T_357.wav,kaggle_participant,1,48000,0.4
Kaggle,kaggle_T_T_358.wav,kaggle_participant,1,48000,0.4000208333333333
Kaggle,kaggle_T_T_359.wav,kaggle_participant,1,48000,0.4
Kaggle,kaggle_T_T_36.wav,kaggle_participant,1,48000,0.4000208333333333
Kaggle,kaggle_T_T_360.wav,kaggle_participant,1,48000,0.4000208333333333
Kaggle,kaggle_T_T_361.wav,kaggle_participant,1,48000,0.4
Kaggle,kaggle_T_T_362.wav,kaggle_participant,1,48000,0.4
Kaggle,kaggle_T_T_363.wav,kaggle_participant,1,48000,0.4000208333333333
Kaggle,kaggle_T_T_364.wav,kaggle_participant,1,48000,0.4
Kaggle,kaggle_T_T_365.wav,kaggle_participant,1,48000,0.4000208333333333
Kaggle,kaggle_T_T_366.wav,kaggle_participant,1,48000,0.4000208333333333
Kaggle,kaggle_T_T_367.wav,kaggle_participant,1,48000,0.4000208333333333
Kaggle,kaggle_T_T_368.wav,kaggle_participant,1,48000,0.4000208333333333
Kaggle,kaggle_T_T_369.wav,kaggle_participant,1,48000,0.4000208333333333
Kaggle,kaggle_T_T_37.wav,kaggle_participant,1,48000,0.4000208333333333
Kaggle,kaggle_T_T_370.wav,kaggle_participant,1,48000,0.4000208333333333
Kaggle,kaggle_T_T_371.wav,kaggle_participant,1,48000,0.4
Kaggle,kaggle_T_T_372.wav,kaggle_participant,1,48000,0.4000208333333333
Kaggle,kaggle_T_T_373.wav,kaggle_participant,1,48000,0.4
Kaggle,kaggle_T_T_374.wav,kaggle_participant,1,48000,0.4
Kaggle,kaggle_T_T_375.wav,kaggle_participant,1,48000,0.4000208333333333
Kaggle,kaggle_T_T_376.wav,kaggle_participant,1,48000,0.4
Kaggle,kaggle_T_T_377.wav,kaggle_participant,1,48000,0.4
Kaggle,kaggle_T_T_38.wav,kaggle_participant,1,48000,0.4
Kaggle,kaggle_T_T_39.wav,kaggle_participant,1,48000,0.4
Kaggle,kaggle_T_T_4.wav,kaggle_participant,1,48000,0.4
Kaggle,kaggle_T_T_40.wav,kaggle_participant,1,48000,0.4
Kaggle,kaggle_T_T_41.wav,kaggle_participant,1,48000,0.39997916666666666
Kaggle,kaggle_T_T_42.wav,kaggle_participant,1,48000,0.4
Kaggle,kaggle_T_T_43.wav,kaggle_participant,1,48000,0.39997916666666666
Kaggle,kaggle_T_T_44.wav,kaggle_participant,1,48000,0.4
Kaggle,kaggle_T_T_45.wav,kaggle_participant,1,48000,0.4
Kaggle,kaggle_T_T_46.wav,kaggle_participant,1,48000,0.39997916666666666
Kaggle,kaggle_T_T_47.wav,kaggle_participant,1,48000,0.4
Kaggle,kaggle_T_T_48.wav,kaggle_participant,1,48000,0.39997916666666666
Kaggle,kaggle_T_T_49.wav,kaggle_participant,1,48000,0.4
Kaggle,kaggle_T_T_5.wav,kaggle_participant,1,48000,0.4
Kaggle,kaggle_T_T_50.wav,kaggle_participant,1,48000,0.4
Kaggle,kaggle_T_T_51.wav,kaggle_participant,1,48000,0.39997916666666666
Kaggle,kaggle_T_T_52.wav,kaggle_participant,1,48000,0.4
Kaggle,kaggle_T_T_53.wav,kaggle_participant,1,48000,0.4
Kaggle,kaggle_T_T_54.wav,kaggle_participant,1,48000,0.4
Kaggle,kaggle_T_T_55.wav,kaggle_participant,1,48000,0.4
Kaggle,kaggle_T_T_56.wav,kaggle_participant,1,48000,0.4
Kaggle,kaggle_T_T_57.wav,kaggle_participant,1,48000,0.4
Kaggle,kaggle_T_T_58.wav,kaggle_participant,1,48000,0.4
Kaggle,kaggle_T_T_59.wav,kaggle_participant,1,48000,0.4
Kaggle,kaggle_T_T_6.wav,kaggle_participant,1,48000,0.4
Kaggle,kaggle_T_T_60.wav,kaggle_participant,1,48000,0.4
Kaggle,kaggle_T_T_61.wav,kaggle_participant,1,48000,0.4
Kaggle,kaggle_T_T_62.wav,kaggle_participant,1,48000,0.4
Kaggle,kaggle_T_T_63.wav,kaggle_participant,1,48000,0.4
Kaggle,kaggle_T_T_64.wav,kaggle_participant,1,48000,0.4
Kaggle,kaggle_T_T_65.wav,kaggle_participant,1,48000,0.4
Kaggle,kaggle_T_T_66.wav,kaggle_participant,1,48000,0.4
Kaggle,kaggle_T_T_67.wav,kaggle_participant,1,48000,0.4
Kaggle,kaggle_T_T_68.wav,kaggle_participant,1,48000,0.39997916666666666
Kaggle,kaggle_T_T_69.wav,kaggle_participant,1,48000,0.39997916666666666
Kaggle,kaggle_T_T_7.wav,kaggle_participant,1,48000,0.4
Kaggle,kaggle_T_T_70.wav,kaggle_participant,1,48000,0.4
Kaggle,kaggle_T_T_71.wav,kaggle_participant,1,48000,0.4
Kaggle,kaggle_T_T_72.wav,kaggle_participant,1,48000,0.4
Kaggle,kaggle_T_T_73.wav,kaggle_participant,1,48000,0.4
Kaggle,kaggle_T_T_74.wav,kaggle_participant,1,48000,0.4
Kaggle,kaggle_T_T_75.wav,kaggle_participant,1,48000,0.39997916666666666
Kaggle,kaggle_T_T_76.wav,kaggle_participant,1,48000,0.4
Kaggle,kaggle_T_T_77.wav,kaggle_participant,1,48000,0.39997916666666666
Kaggle,kaggle_T_T_78.wav,kaggle_participant,1,48000,0.39997916666666666
Kaggle,kaggle_T_T_79.wav,kaggle_participant,1,48000,0.4
Kaggle,kaggle_T_T_8.wav,kaggle_participant,1,48000,0.4
Kaggle,kaggle_T_T_80.wav,kaggle_participant,1,48000,0.4
Kaggle,kaggle_T_T_81.wav,kaggle_participant,1,48000,0.4
Kaggle,kaggle_T_T_82.wav,kaggle_participant,1,48000,0.4
Kaggle,kaggle_T_T_83.wav,kaggle_participant,1,48000,0.4
Kaggle,kaggle_T_T_84.wav,kaggle_participant,1,48000,0.4
Kaggle,kaggle_T_T_85.wav,kaggle_participant,1,48000,0.39997916666666666
Kaggle,kaggle_T_T_86.wav,kaggle_participant,1,48000,0.4
Kaggle,kaggle_T_T_87.wav,kaggle_participant,1,48000,0.4
Kaggle,kaggle_T_T_88.wav,kaggle_participant,1,48000,0.4
Kaggle,kaggle_T_T_89.wav,kaggle_participant,1,48000,0.39997916666666666
Kaggle,kaggle_T_T_9.wav,kaggle_participant,1,48000,0.4
Kaggle,kaggle_T_T_90.wav,kaggle_participant,1,48000,0.39997916666666666
Kaggle,kaggle_T_T_91.wav,kaggle_participant,1,48000,0.39997916666666666
Kaggle,kaggle_T_T_92.wav,kaggle_participant,1,48000,0.39997916666666666
Kaggle,kaggle_T_T_93.wav,kaggle_participant,1,48000,0.4
Kaggle,kaggle_T_T_94.wav,kaggle_participant,1,48000,0.4
Kaggle,kaggle_T_T_95.wav,kaggle_participant,1,48000,0.39997916666666666
Kaggle,kaggle_T_T_96.wav,kaggle_participant,1,48000,0.4
Kaggle,kaggle_T_T_97.wav,kaggle_participant,1,48000,0.4
Kaggle,kaggle_T_T_98.wav,kaggle_participant,1,48000,0.39997916666666666
Kaggle,kaggle_T_T_99.wav,kaggle_participant,1,48000,0.4
Kaggle,kaggle_U_U_1.wav,kaggle_participant,1,48000,0.39997916666666666
Kaggle,kaggle_U_U_10.wav,kaggle_participant,1,48000,0.4
Kaggle,kaggle_U_U_100.wav,kaggle_participant,1,48000,0.4
Kaggle,kaggle_U_U_101.wav,kaggle_participant,1,48000,0.4
Kaggle,kaggle_U_U_102.wav,kaggle_participant,1,48000,0.4
Kaggle,kaggle_U_U_103.wav,kaggle_participant,1,48000,0.4
Kaggle,kaggle_U_U_104.wav,kaggle_participant,1,48000,0.4
Kaggle,kaggle_U_U_105.wav,kaggle_participant,1,48000,0.4
Kaggle,kaggle_U_U_106.wav,kaggle_participant,1,48000,0.4
Kaggle,kaggle_U_U_107.wav,kaggle_participant,1,48000,0.4
Kaggle,kaggle_U_U_108.wav,kaggle_participant,1,48000,0.4
Kaggle,kaggle_U_U_109.wav,kaggle_participant,1,48000,0.4
Kaggle,kaggle_U_U_11.wav,kaggle_participant,1,48000,0.4
Kaggle,kaggle_U_U_110.wav,kaggle_participant,1,48000,0.4
Kaggle,kaggle_U_U_111.wav,kaggle_participant,1,48000,0.39997916666666666
Kaggle,kaggle_U_U_112.wav,kaggle_participant,1,48000,0.4
Kaggle,kaggle_U_U_113.wav,kaggle_participant,1,48000,0.4
Kaggle,kaggle_U_U_114.wav,kaggle_participant,1,48000,0.4
Kaggle,kaggle_U_U_115.wav,kaggle_participant,1,48000,0.4
Kaggle,kaggle_U_U_116.wav,kaggle_participant,1,48000,0.4
Kaggle,kaggle_U_U_117.wav,kaggle_participant,1,48000,0.4
Kaggle,kaggle_U_U_118.wav,kaggle_participant,1,48000,0.4
Kaggle,kaggle_U_U_119.wav,kaggle_participant,1,48000,0.4
Kaggle,kaggle_U_U_12.wav,kaggle_participant,1,48000,0.4
Kaggle,kaggle_U_U_120.wav,kaggle_participant,1,48000,0.4
Kaggle,kaggle_U_U_121.wav,kaggle_participant,1,48000,0.4
Kaggle,kaggle_U_U_122.wav,kaggle_participant,1,48000,0.4
Kaggle,kaggle_U_U_123.wav,kaggle_participant,1,48000,0.4
Kaggle,kaggle_U_U_124.wav,kaggle_participant,1,48000,0.4
Kaggle,kaggle_U_U_125.wav,kaggle_participant,1,48000,0.4
Kaggle,kaggle_U_U_126.wav,kaggle_participant,1,48000,0.4
Kaggle,kaggle_U_U_127.wav,kaggle_participant,1,48000,0.4
Kaggle,kaggle_U_U_128.wav,kaggle_participant,1,48000,0.4
Kaggle,kaggle_U_U_129.wav,kaggle_participant,1,48000,0.4
Kaggle,kaggle_U_U_13.wav,kaggle_participant,1,48000,0.4
Kaggle,kaggle_U_U_130.wav,kaggle_participant,1,48000,0.4
Kaggle,kaggle_U_U_131.wav,kaggle_participant,1,48000,0.4
Kaggle,kaggle_U_U_132.wav,kaggle_participant,1,48000,0.4
Kaggle,kaggle_U_U_133.wav,kaggle_participant,1,48000,0.4
Kaggle,kaggle_U_U_134.wav,kaggle_participant,1,48000,0.4
Kaggle,kaggle_U_U_135.wav,kaggle_participant,1,48000,0.4
Kaggle,kaggle_U_U_136.wav,kaggle_participant,1,48000,0.4
Kaggle,kaggle_U_U_137.wav,kaggle_participant,1,48000,0.4
Kaggle,kaggle_U_U_138.wav,kaggle_participant,1,48000,0.4
Kaggle,kaggle_U_U_139.wav,kaggle_participant,1,48000,0.4
Kaggle,kaggle_U_U_14.wav,kaggle_participant,1,48000,0.4
Kaggle,kaggle_U_U_140.wav,kaggle_participant,1,48000,0.4
Kaggle,kaggle_U_U_141.wav,kaggle_participant,1,48000,0.4
Kaggle,kaggle_U_U_142.wav,kaggle_participant,1,48000,0.4
Kaggle,kaggle_U_U_143.wav,kaggle_participant,1,48000,0.4
Kaggle,kaggle_U_U_144.wav,kaggle_participant,1,48000,0.4
Kaggle,kaggle_U_U_145.wav,kaggle_participant,1,48000,0.4
Kaggle,kaggle_U_U_146.wav,kaggle_participant,1,48000,0.4
Kaggle,kaggle_U_U_147.wav,kaggle_participant,1,48000,0.4
Kaggle,kaggle_U_U_148.wav,kaggle_participant,1,48000,0.4
Kaggle,kaggle_U_U_149.wav,kaggle_participant,1,48000,0.4
Kaggle,kaggle_U_U_15.wav,kaggle_participant,1,48000,0.4
Kaggle,kaggle_U_U_150.wav,kaggle_participant,1,48000,0.4
Kaggle,kaggle_U_U_151.wav,kaggle_participant,1,48000,0.4
Kaggle,kaggle_U_U_152.wav,kaggle_participant,1,48000,0.4
Kaggle,kaggle_U_U_153.wav,kaggle_participant,1,48000,0.4
Kaggle,kaggle_U_U_154.wav,kaggle_participant,1,48000,0.4
Kaggle,kaggle_U_U_155.wav,kaggle_participant,1,48000,0.4
Kaggle,kaggle_U_U_156.wav,kaggle_participant,1,48000,0.4
Kaggle,kaggle_U_U_157.wav,kaggle_participant,1,48000,0.4
Kaggle,kaggle_U_U_158.wav,kaggle_participant,1,48000,0.4
Kaggle,kaggle_U_U_159.wav,kaggle_participant,1,48000,0.4
Kaggle,kaggle_U_U_16.wav,kaggle_participant,1,48000,0.4
Kaggle,kaggle_U_U_160.wav,kaggle_participant,1,48000,0.4
Kaggle,kaggle_U_U_161.wav,kaggle_participant,1,48000,0.4
Kaggle,kaggle_U_U_162.wav,kaggle_participant,1,48000,0.4
Kaggle,kaggle_U_U_163.wav,kaggle_participant,1,48000,0.4
Kaggle,kaggle_U_U_164.wav,kaggle_participant,1,48000,0.4
Kaggle,kaggle_U_U_165.wav,kaggle_participant,1,48000,0.4
Kaggle,kaggle_U_U_166.wav,kaggle_participant,1,48000,0.4
Kaggle,kaggle_U_U_167.wav,kaggle_participant,1,48000,0.4
Kaggle,kaggle_U_U_168.wav,kaggle_participant,1,48000,0.4
Kaggle,kaggle_U_U_169.wav,kaggle_participant,1,48000,0.4
Kaggle,kaggle_U_U_17.wav,kaggle_participant,1,48000,0.4
Kaggle,kaggle_U_U_170.wav,kaggle_participant,1,48000,0.4
Kaggle,kaggle_U_U_171.wav,kaggle_participant,1,48000,0.4
Kaggle,kaggle_U_U_172.wav,kaggle_participant,1,48000,0.4
Kaggle,kaggle_U_U_173.wav,kaggle_participant,1,48000,0.4
Kaggle,kaggle_U_U_174.wav,kaggle_participant,1,48000,0.4
Kaggle,kaggle_U_U_175.wav,kaggle_participant,1,48000,0.4
Kaggle,kaggle_U_U_176.wav,kaggle_participant,1,48000,0.4
Kaggle,kaggle_U_U_177.wav,kaggle_participant,1,48000,0.4
Kaggle,kaggle_U_U_178.wav,kaggle_participant,1,48000,0.4
Kaggle,kaggle_U_U_179.wav,kaggle_participant,1,48000,0.4
Kaggle,kaggle_U_U_18.wav,kaggle_participant,1,48000,0.4
Kaggle,kaggle_U_U_180.wav,kaggle_participant,1,48000,0.4
Kaggle,kaggle_U_U_181.wav,kaggle_participant,1,48000,0.4
Kaggle,kaggle_U_U_182.wav,kaggle_participant,1,48000,0.4
Kaggle,kaggle_U_U_183.wav,kaggle_participant,1,48000,0.4
Kaggle,kaggle_U_U_184.wav,kaggle_participant,1,48000,0.4
Kaggle,kaggle_U_U_185.wav,kaggle_participant,1,48000,0.4
Kaggle,kaggle_U_U_186.wav,kaggle_participant,1,48000,0.4
Kaggle,kaggle_U_U_187.wav,kaggle_participant,1,48000,0.4
Kaggle,kaggle_U_U_188.wav,kaggle_participant,1,48000,0.4
Kaggle,kaggle_U_U_189.wav,kaggle_participant,1,48000,0.4
Kaggle,kaggle_U_U_19.wav,kaggle_participant,1,48000,0.4000208333333333
Kaggle,kaggle_U_U_190.wav,kaggle_participant,1,48000,0.4
Kaggle,kaggle_U_U_191.wav,kaggle_participant,1,48000,0.4
Kaggle,kaggle_U_U_192.wav,kaggle_participant,1,48000,0.4
Kaggle,kaggle_U_U_193.wav,kaggle_participant,1,48000,0.4
Kaggle,kaggle_U_U_194.wav,kaggle_participant,1,48000,0.4
Kaggle,kaggle_U_U_195.wav,kaggle_participant,1,48000,0.4
Kaggle,kaggle_U_U_196.wav,kaggle_participant,1,48000,0.4
Kaggle,kaggle_U_U_197.wav,kaggle_participant,1,48000,0.4
Kaggle,kaggle_U_U_198.wav,kaggle_participant,1,48000,0.4
Kaggle,kaggle_U_U_199.wav,kaggle_participant,1,48000,0.4
Kaggle,kaggle_U_U_2.wav,kaggle_participant,1,48000,0.4000208333333333
Kaggle,kaggle_U_U_20.wav,kaggle_participant,1,48000,0.4000208333333333
Kaggle,kaggle_U_U_200.wav,kaggle_participant,1,48000,0.4
Kaggle,kaggle_U_U_201.wav,kaggle_participant,1,48000,0.4
Kaggle,kaggle_U_U_202.wav,kaggle_participant,1,48000,0.4
Kaggle,kaggle_U_U_203.wav,kaggle_participant,1,48000,0.4
Kaggle,kaggle_U_U_204.wav,kaggle_participant,1,48000,0.4
Kaggle,kaggle_U_U_205.wav,kaggle_participant,1,48000,0.4
Kaggle,kaggle_U_U_206.wav,kaggle_participant,1,48000,0.4
Kaggle,kaggle_U_U_207.wav,kaggle_participant,1,48000,0.4
Kaggle,kaggle_U_U_208.wav,kaggle_participant,1,48000,0.4
Kaggle,kaggle_U_U_209.wav,kaggle_participant,1,48000,0.4
Kaggle,kaggle_U_U_21.wav,kaggle_participant,1,48000,0.4000208333333333
Kaggle,kaggle_U_U_210.wav,kaggle_participant,1,48000,0.4
Kaggle,kaggle_U_U_211.wav,kaggle_participant,1,48000,0.4
Kaggle,kaggle_U_U_212.wav,kaggle_participant,1,48000,0.4
Kaggle,kaggle_U_U_213.wav,kaggle_participant,1,48000,0.4
Kaggle,kaggle_U_U_214.wav,kaggle_participant,1,48000,0.4
Kaggle,kaggle_U_U_215.wav,kaggle_participant,1,48000,0.4
Kaggle,kaggle_U_U_216.wav,kaggle_participant,1,48000,0.4
Kaggle,kaggle_U_U_217.wav,kaggle_participant,1,48000,0.4
Kaggle,kaggle_U_U_218.wav,kaggle_participant,1,48000,0.4
Kaggle,kaggle_U_U_219.wav,kaggle_participant,1,48000,0.4
Kaggle,kaggle_U_U_22.wav,kaggle_participant,1,48000,0.4
Kaggle,kaggle_U_U_220.wav,kaggle_participant,1,48000,0.4
Kaggle,kaggle_U_U_221.wav,kaggle_participant,1,48000,0.4
Kaggle,kaggle_U_U_222.wav,kaggle_participant,1,48000,0.4
Kaggle,kaggle_U_U_223.wav,kaggle_participant,1,48000,0.4
Kaggle,kaggle_U_U_224.wav,kaggle_participant,1,48000,0.4
Kaggle,kaggle_U_U_225.wav,kaggle_participant,1,48000,0.4
Kaggle,kaggle_U_U_226.wav,kaggle_participant,1,48000,0.4
Kaggle,kaggle_U_U_227.wav,kaggle_participant,1,48000,0.4
Kaggle,kaggle_U_U_228.wav,kaggle_participant,1,48000,0.4
Kaggle,kaggle_U_U_229.wav,kaggle_participant,1,48000,0.4
Kaggle,kaggle_U_U_23.wav,kaggle_participant,1,48000,0.4
Kaggle,kaggle_U_U_230.wav,kaggle_participant,1,48000,0.4
Kaggle,kaggle_U_U_231.wav,kaggle_participant,1,48000,0.4
Kaggle,kaggle_U_U_232.wav,kaggle_participant,1,48000,0.4
Kaggle,kaggle_U_U_233.wav,kaggle_participant,1,48000,0.4
Kaggle,kaggle_U_U_234.wav,kaggle_participant,1,48000,0.4
Kaggle,kaggle_U_U_235.wav,kaggle_participant,1,48000,0.4
Kaggle,kaggle_U_U_236.wav,kaggle_participant,1,48000,0.4
Kaggle,kaggle_U_U_237.wav,kaggle_participant,1,48000,0.4
Kaggle,kaggle_U_U_238.wav,kaggle_participant,1,48000,0.4
Kaggle,kaggle_U_U_239.wav,kaggle_participant,1,48000,0.4
Kaggle,kaggle_U_U_24.wav,kaggle_participant,1,48000,0.4000208333333333
Kaggle,kaggle_U_U_240.wav,kaggle_participant,1,48000,0.4
Kaggle,kaggle_U_U_241.wav,kaggle_participant,1,48000,0.4
Kaggle,kaggle_U_U_242.wav,kaggle_participant,1,48000,0.4
Kaggle,kaggle_U_U_243.wav,kaggle_participant,1,48000,0.4
Kaggle,kaggle_U_U_244.wav,kaggle_participant,1,48000,0.4
Kaggle,kaggle_U_U_245.wav,kaggle_participant,1,48000,0.4
Kaggle,kaggle_U_U_246.wav,kaggle_participant,1,48000,0.4
Kaggle,kaggle_U_U_247.wav,kaggle_participant,1,48000,0.4
Kaggle,kaggle_U_U_248.wav,kaggle_participant,1,48000,0.4
Kaggle,kaggle_U_U_249.wav,kaggle_participant,1,48000,0.4
Kaggle,kaggle_U_U_25.wav,kaggle_participant,1,48000,0.4
Kaggle,kaggle_U_U_250.wav,kaggle_participant,1,48000,0.4
Kaggle,kaggle_U_U_251.wav,kaggle_participant,1,48000,0.4
Kaggle,kaggle_U_U_252.wav,kaggle_participant,1,48000,0.4
Kaggle,kaggle_U_U_253.wav,kaggle_participant,1,48000,0.4
Kaggle,kaggle_U_U_254.wav,kaggle_participant,1,48000,0.4
Kaggle,kaggle_U_U_255.wav,kaggle_participant,1,48000,0.4
Kaggle,kaggle_U_U_256.wav,kaggle_participant,1,48000,0.4
Kaggle,kaggle_U_U_257.wav,kaggle_participant,1,48000,0.4
Kaggle,kaggle_U_U_258.wav,kaggle_participant,1,48000,0.4
Kaggle,kaggle_U_U_259.wav,kaggle_participant,1,48000,0.4
Kaggle,kaggle_U_U_26.wav,kaggle_participant,1,48000,0.4
Kaggle,kaggle_U_U_260.wav,kaggle_participant,1,48000,0.4
Kaggle,kaggle_U_U_261.wav,kaggle_participant,1,48000,0.4
Kaggle,kaggle_U_U_262.wav,kaggle_participant,1,48000,0.4
Kaggle,kaggle_U_U_263.wav,kaggle_participant,1,48000,0.4
Kaggle,kaggle_U_U_264.wav,kaggle_participant,1,48000,0.4
Kaggle,kaggle_U_U_265.wav,kaggle_participant,1,48000,0.4
Kaggle,kaggle_U_U_266.wav,kaggle_participant,1,48000,0.4
Kaggle,kaggle_U_U_267.wav,kaggle_participant,1,48000,0.4
Kaggle,kaggle_U_U_268.wav,kaggle_participant,1,48000,0.4
Kaggle,kaggle_U_U_269.wav,kaggle_participant,1,48000,0.4
Kaggle,kaggle_U_U_27.wav,kaggle_participant,1,48000,0.4000208333333333
Kaggle,kaggle_U_U_270.wav,kaggle_participant,1,48000,0.4
Kaggle,kaggle_U_U_271.wav,kaggle_participant,1,48000,0.4
Kaggle,kaggle_U_U_272.wav,kaggle_participant,1,48000,0.4
Kaggle,kaggle_U_U_273.wav,kaggle_participant,1,48000,0.4
Kaggle,kaggle_U_U_274.wav,kaggle_participant,1,48000,0.4
Kaggle,kaggle_U_U_275.wav,kaggle_participant,1,48000,0.4
Kaggle,kaggle_U_U_276.wav,kaggle_participant,1,48000,0.4
Kaggle,kaggle_U_U_277.wav,kaggle_participant,1,48000,0.4
Kaggle,kaggle_U_U_278.wav,kaggle_participant,1,48000,0.4
Kaggle,kaggle_U_U_279.wav,kaggle_participant,1,48000,0.4
Kaggle,kaggle_U_U_28.wav,kaggle_participant,1,48000,0.4000208333333333
Kaggle,kaggle_U_U_280.wav,kaggle_participant,1,48000,0.4
Kaggle,kaggle_U_U_281.wav,kaggle_participant,1,48000,0.4
Kaggle,kaggle_U_U_282.wav,kaggle_participant,1,48000,0.4
Kaggle,kaggle_U_U_283.wav,kaggle_participant,1,48000,0.4
Kaggle,kaggle_U_U_284.wav,kaggle_participant,1,48000,0.4
Kaggle,kaggle_U_U_285.wav,kaggle_participant,1,48000,0.4
Kaggle,kaggle_U_U_286.wav,kaggle_participant,1,48000,0.4
Kaggle,kaggle_U_U_287.wav,kaggle_participant,1,48000,0.4
Kaggle,kaggle_U_U_288.wav,kaggle_participant,1,48000,0.4
Kaggle,kaggle_U_U_289.wav,kaggle_participant,1,48000,0.4
Kaggle,kaggle_U_U_29.wav,kaggle_participant,1,48000,0.4
Kaggle,kaggle_U_U_290.wav,kaggle_participant,1,48000,0.4
Kaggle,kaggle_U_U_291.wav,kaggle_participant,1,48000,0.4
Kaggle,kaggle_U_U_292.wav,kaggle_participant,1,48000,0.4
Kaggle,kaggle_U_U_293.wav,kaggle_participant,1,48000,0.4
Kaggle,kaggle_U_U_294.wav,kaggle_participant,1,48000,0.4000208333333333
Kaggle,kaggle_U_U_295.wav,kaggle_participant,1,48000,0.4000208333333333
Kaggle,kaggle_U_U_296.wav,kaggle_participant,1,48000,0.4
Kaggle,kaggle_U_U_297.wav,kaggle_participant,1,48000,0.4000208333333333
Kaggle,kaggle_U_U_298.wav,kaggle_participant,1,48000,0.4000208333333333
Kaggle,kaggle_U_U_299.wav,kaggle_participant,1,48000,0.4000208333333333
Kaggle,kaggle_U_U_3.wav,kaggle_participant,1,48000,0.4
Kaggle,kaggle_U_U_30.wav,kaggle_participant,1,48000,0.4
Kaggle,kaggle_U_U_300.wav,kaggle_participant,1,48000,0.4000208333333333
Kaggle,kaggle_U_U_301.wav,kaggle_participant,1,48000,0.4000208333333333
Kaggle,kaggle_U_U_302.wav,kaggle_participant,1,48000,0.4000208333333333
Kaggle,kaggle_U_U_303.wav,kaggle_participant,1,48000,0.4000208333333333
Kaggle,kaggle_U_U_304.wav,kaggle_participant,1,48000,0.4000208333333333
Kaggle,kaggle_U_U_305.wav,kaggle_participant,1,48000,0.4000208333333333
Kaggle,kaggle_U_U_306.wav,kaggle_participant,1,48000,0.4
Kaggle,kaggle_U_U_307.wav,kaggle_participant,1,48000,0.4
Kaggle,kaggle_U_U_308.wav,kaggle_participant,1,48000,0.4000208333333333
Kaggle,kaggle_U_U_309.wav,kaggle_participant,1,48000,0.4
Kaggle,kaggle_U_U_31.wav,kaggle_participant,1,48000,0.4
Kaggle,kaggle_U_U_310.wav,kaggle_participant,1,48000,0.4000208333333333
Kaggle,kaggle_U_U_311.wav,kaggle_participant,1,48000,0.4
Kaggle,kaggle_U_U_312.wav,kaggle_participant,1,48000,0.4
Kaggle,kaggle_U_U_313.wav,kaggle_participant,1,48000,0.4
Kaggle,kaggle_U_U_314.wav,kaggle_participant,1,48000,0.4000208333333333
Kaggle,kaggle_U_U_315.wav,kaggle_participant,1,48000,0.4
Kaggle,kaggle_U_U_316.wav,kaggle_participant,1,48000,0.4000208333333333
Kaggle,kaggle_U_U_317.wav,kaggle_participant,1,48000,0.4000208333333333
Kaggle,kaggle_U_U_318.wav,kaggle_participant,1,48000,0.4000208333333333
Kaggle,kaggle_U_U_319.wav,kaggle_participant,1,48000,0.4000208333333333
Kaggle,kaggle_U_U_32.wav,kaggle_participant,1,48000,0.4000208333333333
Kaggle,kaggle_U_U_320.wav,kaggle_participant,1,48000,0.4
Kaggle,kaggle_U_U_321.wav,kaggle_participant,1,48000,0.4000208333333333
Kaggle,kaggle_U_U_322.wav,kaggle_participant,1,48000,0.4
Kaggle,kaggle_U_U_323.wav,kaggle_participant,1,48000,0.4000208333333333
Kaggle,kaggle_U_U_324.wav,kaggle_participant,1,48000,0.4
Kaggle,kaggle_U_U_325.wav,kaggle_participant,1,48000,0.4
Kaggle,kaggle_U_U_326.wav,kaggle_participant,1,48000,0.4000208333333333
Kaggle,kaggle_U_U_327.wav,kaggle_participant,1,48000,0.4000208333333333
Kaggle,kaggle_U_U_328.wav,kaggle_participant,1,48000,0.4
Kaggle,kaggle_U_U_329.wav,kaggle_participant,1,48000,0.4000208333333333
Kaggle,kaggle_U_U_33.wav,kaggle_participant,1,48000,0.4
Kaggle,kaggle_U_U_330.wav,kaggle_participant,1,48000,0.4
Kaggle,kaggle_U_U_331.wav,kaggle_participant,1,48000,0.4
Kaggle,kaggle_U_U_332.wav,kaggle_participant,1,48000,0.4000208333333333
Kaggle,kaggle_U_U_333.wav,kaggle_participant,1,48000,0.4000208333333333
Kaggle,kaggle_U_U_334.wav,kaggle_participant,1,48000,0.4000208333333333
Kaggle,kaggle_U_U_335.wav,kaggle_participant,1,48000,0.4
Kaggle,kaggle_U_U_336.wav,kaggle_participant,1,48000,0.4000208333333333
Kaggle,kaggle_U_U_337.wav,kaggle_participant,1,48000,0.4
Kaggle,kaggle_U_U_338.wav,kaggle_participant,1,48000,0.4000208333333333
Kaggle,kaggle_U_U_339.wav,kaggle_participant,1,48000,0.4
Kaggle,kaggle_U_U_34.wav,kaggle_participant,1,48000,0.4
Kaggle,kaggle_U_U_340.wav,kaggle_participant,1,48000,0.4000208333333333
Kaggle,kaggle_U_U_341.wav,kaggle_participant,1,48000,0.4000208333333333
Kaggle,kaggle_U_U_342.wav,kaggle_participant,1,48000,0.4
Kaggle,kaggle_U_U_343.wav,kaggle_participant,1,48000,0.4000208333333333
Kaggle,kaggle_U_U_35.wav,kaggle_participant,1,48000,0.4000208333333333
Kaggle,kaggle_U_U_36.wav,kaggle_participant,1,48000,0.39997916666666666
Kaggle,kaggle_U_U_37.wav,kaggle_participant,1,48000,0.4
Kaggle,kaggle_U_U_38.wav,kaggle_participant,1,48000,0.39997916666666666
Kaggle,kaggle_U_U_39.wav,kaggle_participant,1,48000,0.39997916666666666
Kaggle,kaggle_U_U_4.wav,kaggle_participant,1,48000,0.4
Kaggle,kaggle_U_U_40.wav,kaggle_participant,1,48000,0.4
Kaggle,kaggle_U_U_41.wav,kaggle_participant,1,48000,0.4
Kaggle,kaggle_U_U_42.wav,kaggle_participant,1,48000,0.4
Kaggle,kaggle_U_U_43.wav,kaggle_participant,1,48000,0.4
Kaggle,kaggle_U_U_44.wav,kaggle_participant,1,48000,0.4
Kaggle,kaggle_U_U_45.wav,kaggle_participant,1,48000,0.4
Kaggle,kaggle_U_U_46.wav,kaggle_participant,1,48000,0.4
Kaggle,kaggle_U_U_47.wav,kaggle_participant,1,48000,0.4
Kaggle,kaggle_U_U_48.wav,kaggle_participant,1,48000,0.39997916666666666
Kaggle,kaggle_U_U_49.wav,kaggle_participant,1,48000,0.4
Kaggle,kaggle_U_U_5.wav,kaggle_participant,1,48000,0.4
Kaggle,kaggle_U_U_50.wav,kaggle_participant,1,48000,0.4
Kaggle,kaggle_U_U_51.wav,kaggle_participant,1,48000,0.4
Kaggle,kaggle_U_U_52.wav,kaggle_participant,1,48000,0.4
Kaggle,kaggle_U_U_53.wav,kaggle_participant,1,48000,0.4
Kaggle,kaggle_U_U_54.wav,kaggle_participant,1,48000,0.4
Kaggle,kaggle_U_U_55.wav,kaggle_participant,1,48000,0.39997916666666666
Kaggle,kaggle_U_U_56.wav,kaggle_participant,1,48000,0.4
Kaggle,kaggle_U_U_57.wav,kaggle_participant,1,48000,0.4
Kaggle,kaggle_U_U_58.wav,kaggle_participant,1,48000,0.4
Kaggle,kaggle_U_U_59.wav,kaggle_participant,1,48000,0.4
Kaggle,kaggle_U_U_6.wav,kaggle_participant,1,48000,0.4
Kaggle,kaggle_U_U_60.wav,kaggle_participant,1,48000,0.4
Kaggle,kaggle_U_U_61.wav,kaggle_participant,1,48000,0.4
Kaggle,kaggle_U_U_62.wav,kaggle_participant,1,48000,0.4
Kaggle,kaggle_U_U_63.wav,kaggle_participant,1,48000,0.4
Kaggle,kaggle_U_U_64.wav,kaggle_participant,1,48000,0.4
Kaggle,kaggle_U_U_65.wav,kaggle_participant,1,48000,0.4
Kaggle,kaggle_U_U_66.wav,kaggle_participant,1,48000,0.39997916666666666
Kaggle,kaggle_U_U_67.wav,kaggle_participant,1,48000,0.39997916666666666
Kaggle,kaggle_U_U_68.wav,kaggle_participant,1,48000,0.4
Kaggle,kaggle_U_U_69.wav,kaggle_participant,1,48000,0.4
Kaggle,kaggle_U_U_7.wav,kaggle_participant,1,48000,0.4
Kaggle,kaggle_U_U_70.wav,kaggle_participant,1,48000,0.39997916666666666
Kaggle,kaggle_U_U_71.wav,kaggle_participant,1,48000,0.4
Kaggle,kaggle_U_U_72.wav,kaggle_participant,1,48000,0.4
Kaggle,kaggle_U_U_73.wav,kaggle_participant,1,48000,0.39997916666666666
Kaggle,kaggle_U_U_74.wav,kaggle_participant,1,48000,0.39997916666666666
Kaggle,kaggle_U_U_75.wav,kaggle_participant,1,48000,0.39997916666666666
Kaggle,kaggle_U_U_76.wav,kaggle_participant,1,48000,0.4
Kaggle,kaggle_U_U_77.wav,kaggle_participant,1,48000,0.4
Kaggle,kaggle_U_U_78.wav,kaggle_participant,1,48000,0.4
Kaggle,kaggle_U_U_79.wav,kaggle_participant,1,48000,0.39997916666666666
Kaggle,kaggle_U_U_8.wav,kaggle_participant,1,48000,0.4
Kaggle,kaggle_U_U_80.wav,kaggle_participant,1,48000,0.4
Kaggle,kaggle_U_U_81.wav,kaggle_participant,1,48000,0.4
Kaggle,kaggle_U_U_82.wav,kaggle_participant,1,48000,0.4
Kaggle,kaggle_U_U_83.wav,kaggle_participant,1,48000,0.39997916666666666
Kaggle,kaggle_U_U_84.wav,kaggle_participant,1,48000,0.4
Kaggle,kaggle_U_U_85.wav,kaggle_participant,1,48000,0.4
Kaggle,kaggle_U_U_86.wav,kaggle_participant,1,48000,0.4
Kaggle,kaggle_U_U_87.wav,kaggle_participant,1,48000,0.4
Kaggle,kaggle_U_U_88.wav,kaggle_participant,1,48000,0.4
Kaggle,kaggle_U_U_89.wav,kaggle_participant,1,48000,0.4
Kaggle,kaggle_U_U_9.wav,kaggle_participant,1,48000,0.4
Kaggle,kaggle_U_U_90.wav,kaggle_participant,1,48000,0.39997916666666666
Kaggle,kaggle_U_U_91.wav,kaggle_participant,1,48000,0.4
Kaggle,kaggle_U_U_92.wav,kaggle_participant,1,48000,0.39997916666666666
Kaggle,kaggle_U_U_93.wav,kaggle_participant,1,48000,0.4
Kaggle,kaggle_U_U_94.wav,kaggle_participant,1,48000,0.4
Kaggle,kaggle_U_U_95.wav,kaggle_participant,1,48000,0.4
Kaggle,kaggle_U_U_96.wav,kaggle_participant,1,48000,0.4
Kaggle,kaggle_U_U_97.wav,kaggle_participant,1,48000,0.4
Kaggle,kaggle_U_U_98.wav,kaggle_participant,1,48000,0.4
Kaggle,kaggle_U_U_99.wav,kaggle_participant,1,48000,0.4
Kaggle,kaggle_V_V_1.wav,kaggle_participant,1,48000,0.4000208333333333
Kaggle,kaggle_V_V_10.wav,kaggle_participant,1,48000,0.4
Kaggle,kaggle_V_V_100.wav,kaggle_participant,1,48000,0.4
Kaggle,kaggle_V_V_101.wav,kaggle_participant,1,48000,0.4
Kaggle,kaggle_V_V_102.wav,kaggle_participant,1,48000,0.4
Kaggle,kaggle_V_V_103.wav,kaggle_participant,1,48000,0.4
Kaggle,kaggle_V_V_104.wav,kaggle_participant,1,48000,0.4
Kaggle,kaggle_V_V_105.wav,kaggle_participant,1,48000,0.4
Kaggle,kaggle_V_V_106.wav,kaggle_participant,1,48000,0.4
Kaggle,kaggle_V_V_107.wav,kaggle_participant,1,48000,0.4
Kaggle,kaggle_V_V_108.wav,kaggle_participant,1,48000,0.4
Kaggle,kaggle_V_V_109.wav,kaggle_participant,1,48000,0.4
Kaggle,kaggle_V_V_11.wav,kaggle_participant,1,48000,0.4
Kaggle,kaggle_V_V_110.wav,kaggle_participant,1,48000,0.4
Kaggle,kaggle_V_V_111.wav,kaggle_participant,1,48000,0.4
Kaggle,kaggle_V_V_112.wav,kaggle_participant,1,48000,0.4
Kaggle,kaggle_V_V_113.wav,kaggle_participant,1,48000,0.4
Kaggle,kaggle_V_V_114.wav,kaggle_participant,1,48000,0.4
Kaggle,kaggle_V_V_115.wav,kaggle_participant,1,48000,0.4
Kaggle,kaggle_V_V_116.wav,kaggle_participant,1,48000,0.4
Kaggle,kaggle_V_V_117.wav,kaggle_participant,1,48000,0.4
Kaggle,kaggle_V_V_118.wav,kaggle_participant,1,48000,0.4
Kaggle,kaggle_V_V_119.wav,kaggle_participant,1,48000,0.4
Kaggle,kaggle_V_V_12.wav,kaggle_participant,1,48000,0.4
Kaggle,kaggle_V_V_120.wav,kaggle_participant,1,48000,0.4
Kaggle,kaggle_V_V_121.wav,kaggle_participant,1,48000,0.4
Kaggle,kaggle_V_V_122.wav,kaggle_participant,1,48000,0.4
Kaggle,kaggle_V_V_123.wav,kaggle_participant,1,48000,0.4
Kaggle,kaggle_V_V_124.wav,kaggle_participant,1,48000,0.4
Kaggle,kaggle_V_V_125.wav,kaggle_participant,1,48000,0.4
Kaggle,kaggle_V_V_126.wav,kaggle_participant,1,48000,0.4
Kaggle,kaggle_V_V_127.wav,kaggle_participant,1,48000,0.4
Kaggle,kaggle_V_V_128.wav,kaggle_participant,1,48000,0.4
Kaggle,kaggle_V_V_129.wav,kaggle_participant,1,48000,0.4
Kaggle,kaggle_V_V_13.wav,kaggle_participant,1,48000,0.4
Kaggle,kaggle_V_V_130.wav,kaggle_participant,1,48000,0.4
Kaggle,kaggle_V_V_131.wav,kaggle_participant,1,48000,0.4
Kaggle,kaggle_V_V_132.wav,kaggle_participant,1,48000,0.4
Kaggle,kaggle_V_V_133.wav,kaggle_participant,1,48000,0.4
Kaggle,kaggle_V_V_134.wav,kaggle_participant,1,48000,0.4
Kaggle,kaggle_V_V_135.wav,kaggle_participant,1,48000,0.4
Kaggle,kaggle_V_V_136.wav,kaggle_participant,1,48000,0.4
Kaggle,kaggle_V_V_137.wav,kaggle_participant,1,48000,0.4
Kaggle,kaggle_V_V_138.wav,kaggle_participant,1,48000,0.4
Kaggle,kaggle_V_V_139.wav,kaggle_participant,1,48000,0.4
Kaggle,kaggle_V_V_14.wav,kaggle_participant,1,48000,0.4
Kaggle,kaggle_V_V_140.wav,kaggle_participant,1,48000,0.4
Kaggle,kaggle_V_V_141.wav,kaggle_participant,1,48000,0.4
Kaggle,kaggle_V_V_142.wav,kaggle_participant,1,48000,0.4
Kaggle,kaggle_V_V_143.wav,kaggle_participant,1,48000,0.4
Kaggle,kaggle_V_V_144.wav,kaggle_participant,1,48000,0.4
Kaggle,kaggle_V_V_145.wav,kaggle_participant,1,48000,0.4
Kaggle,kaggle_V_V_146.wav,kaggle_participant,1,48000,0.4
Kaggle,kaggle_V_V_147.wav,kaggle_participant,1,48000,0.4
Kaggle,kaggle_V_V_148.wav,kaggle_participant,1,48000,0.4
Kaggle,kaggle_V_V_149.wav,kaggle_participant,1,48000,0.4
Kaggle,kaggle_V_V_15.wav,kaggle_participant,1,48000,0.4
Kaggle,kaggle_V_V_150.wav,kaggle_participant,1,48000,0.4
Kaggle,kaggle_V_V_151.wav,kaggle_participant,1,48000,0.4
Kaggle,kaggle_V_V_152.wav,kaggle_participant,1,48000,0.4
Kaggle,kaggle_V_V_153.wav,kaggle_participant,1,48000,0.4
Kaggle,kaggle_V_V_154.wav,kaggle_participant,1,48000,0.4
Kaggle,kaggle_V_V_155.wav,kaggle_participant,1,48000,0.4
Kaggle,kaggle_V_V_156.wav,kaggle_participant,1,48000,0.4
Kaggle,kaggle_V_V_157.wav,kaggle_participant,1,48000,0.4
Kaggle,kaggle_V_V_158.wav,kaggle_participant,1,48000,0.4
Kaggle,kaggle_V_V_159.wav,kaggle_participant,1,48000,0.4
Kaggle,kaggle_V_V_16.wav,kaggle_participant,1,48000,0.4
Kaggle,kaggle_V_V_160.wav,kaggle_participant,1,48000,0.4
Kaggle,kaggle_V_V_161.wav,kaggle_participant,1,48000,0.4
Kaggle,kaggle_V_V_162.wav,kaggle_participant,1,48000,0.4
Kaggle,kaggle_V_V_163.wav,kaggle_participant,1,48000,0.4
Kaggle,kaggle_V_V_164.wav,kaggle_participant,1,48000,0.4
Kaggle,kaggle_V_V_165.wav,kaggle_participant,1,48000,0.4
Kaggle,kaggle_V_V_166.wav,kaggle_participant,1,48000,0.4
Kaggle,kaggle_V_V_167.wav,kaggle_participant,1,48000,0.4
Kaggle,kaggle_V_V_168.wav,kaggle_participant,1,48000,0.4
Kaggle,kaggle_V_V_169.wav,kaggle_participant,1,48000,0.4
Kaggle,kaggle_V_V_17.wav,kaggle_participant,1,48000,0.4
Kaggle,kaggle_V_V_170.wav,kaggle_participant,1,48000,0.4
Kaggle,kaggle_V_V_171.wav,kaggle_participant,1,48000,0.4
Kaggle,kaggle_V_V_172.wav,kaggle_participant,1,48000,0.4
Kaggle,kaggle_V_V_173.wav,kaggle_participant,1,48000,0.4
Kaggle,kaggle_V_V_174.wav,kaggle_participant,1,48000,0.4
Kaggle,kaggle_V_V_175.wav,kaggle_participant,1,48000,0.4
Kaggle,kaggle_V_V_176.wav,kaggle_participant,1,48000,0.4
Kaggle,kaggle_V_V_177.wav,kaggle_participant,1,48000,0.4
Kaggle,kaggle_V_V_178.wav,kaggle_participant,1,48000,0.4
Kaggle,kaggle_V_V_179.wav,kaggle_participant,1,48000,0.4
Kaggle,kaggle_V_V_18.wav,kaggle_participant,1,48000,0.4
Kaggle,kaggle_V_V_180.wav,kaggle_participant,1,48000,0.4
Kaggle,kaggle_V_V_181.wav,kaggle_participant,1,48000,0.4
Kaggle,kaggle_V_V_182.wav,kaggle_participant,1,48000,0.4
Kaggle,kaggle_V_V_183.wav,kaggle_participant,1,48000,0.4
Kaggle,kaggle_V_V_184.wav,kaggle_participant,1,48000,0.4
Kaggle,kaggle_V_V_185.wav,kaggle_participant,1,48000,0.4
Kaggle,kaggle_V_V_186.wav,kaggle_participant,1,48000,0.4
Kaggle,kaggle_V_V_187.wav,kaggle_participant,1,48000,0.4
Kaggle,kaggle_V_V_188.wav,kaggle_participant,1,48000,0.4
Kaggle,kaggle_V_V_189.wav,kaggle_participant,1,48000,0.4
Kaggle,kaggle_V_V_19.wav,kaggle_participant,1,48000,0.4000208333333333
Kaggle,kaggle_V_V_190.wav,kaggle_participant,1,48000,0.4
Kaggle,kaggle_V_V_191.wav,kaggle_participant,1,48000,0.4
Kaggle,kaggle_V_V_192.wav,kaggle_participant,1,48000,0.4
Kaggle,kaggle_V_V_193.wav,kaggle_participant,1,48000,0.4
Kaggle,kaggle_V_V_194.wav,kaggle_participant,1,48000,0.4
Kaggle,kaggle_V_V_195.wav,kaggle_participant,1,48000,0.4
Kaggle,kaggle_V_V_196.wav,kaggle_participant,1,48000,0.4
Kaggle,kaggle_V_V_197.wav,kaggle_participant,1,48000,0.4
Kaggle,kaggle_V_V_198.wav,kaggle_participant,1,48000,0.4
Kaggle,kaggle_V_V_199.wav,kaggle_participant,1,48000,0.4
Kaggle,kaggle_V_V_2.wav,kaggle_participant,1,48000,0.4
Kaggle,kaggle_V_V_20.wav,kaggle_participant,1,48000,0.4
Kaggle,kaggle_V_V_200.wav,kaggle_participant,1,48000,0.4
Kaggle,kaggle_V_V_201.wav,kaggle_participant,1,48000,0.4
Kaggle,kaggle_V_V_202.wav,kaggle_participant,1,48000,0.4
Kaggle,kaggle_V_V_203.wav,kaggle_participant,1,48000,0.4
Kaggle,kaggle_V_V_204.wav,kaggle_participant,1,48000,0.4
Kaggle,kaggle_V_V_205.wav,kaggle_participant,1,48000,0.4
Kaggle,kaggle_V_V_206.wav,kaggle_participant,1,48000,0.4
Kaggle,kaggle_V_V_207.wav,kaggle_participant,1,48000,0.4
Kaggle,kaggle_V_V_208.wav,kaggle_participant,1,48000,0.4
Kaggle,kaggle_V_V_209.wav,kaggle_participant,1,48000,0.4
Kaggle,kaggle_V_V_21.wav,kaggle_participant,1,48000,0.4000208333333333
Kaggle,kaggle_V_V_210.wav,kaggle_participant,1,48000,0.4
Kaggle,kaggle_V_V_211.wav,kaggle_participant,1,48000,0.4
Kaggle,kaggle_V_V_212.wav,kaggle_participant,1,48000,0.4
Kaggle,kaggle_V_V_213.wav,kaggle_participant,1,48000,0.4
Kaggle,kaggle_V_V_214.wav,kaggle_participant,1,48000,0.4
Kaggle,kaggle_V_V_215.wav,kaggle_participant,1,48000,0.4
Kaggle,kaggle_V_V_216.wav,kaggle_participant,1,48000,0.4
Kaggle,kaggle_V_V_217.wav,kaggle_participant,1,48000,0.4
Kaggle,kaggle_V_V_218.wav,kaggle_participant,1,48000,0.4
Kaggle,kaggle_V_V_219.wav,kaggle_participant,1,48000,0.4
Kaggle,kaggle_V_V_22.wav,kaggle_participant,1,48000,0.4000208333333333
Kaggle,kaggle_V_V_220.wav,kaggle_participant,1,48000,0.4
Kaggle,kaggle_V_V_221.wav,kaggle_participant,1,48000,0.4
Kaggle,kaggle_V_V_222.wav,kaggle_participant,1,48000,0.4
Kaggle,kaggle_V_V_223.wav,kaggle_participant,1,48000,0.4
Kaggle,kaggle_V_V_224.wav,kaggle_participant,1,48000,0.4
Kaggle,kaggle_V_V_225.wav,kaggle_participant,1,48000,0.4
Kaggle,kaggle_V_V_226.wav,kaggle_participant,1,48000,0.4
Kaggle,kaggle_V_V_227.wav,kaggle_participant,1,48000,0.4
Kaggle,kaggle_V_V_228.wav,kaggle_participant,1,48000,0.4
Kaggle,kaggle_V_V_229.wav,kaggle_participant,1,48000,0.4
Kaggle,kaggle_V_V_23.wav,kaggle_participant,1,48000,0.4
Kaggle,kaggle_V_V_230.wav,kaggle_participant,1,48000,0.4
Kaggle,kaggle_V_V_231.wav,kaggle_participant,1,48000,0.4
Kaggle,kaggle_V_V_232.wav,kaggle_participant,1,48000,0.4
Kaggle,kaggle_V_V_233.wav,kaggle_participant,1,48000,0.4
Kaggle,kaggle_V_V_234.wav,kaggle_participant,1,48000,0.4
Kaggle,kaggle_V_V_235.wav,kaggle_participant,1,48000,0.4
Kaggle,kaggle_V_V_236.wav,kaggle_participant,1,48000,0.4
Kaggle,kaggle_V_V_237.wav,kaggle_participant,1,48000,0.4
Kaggle,kaggle_V_V_238.wav,kaggle_participant,1,48000,0.4
Kaggle,kaggle_V_V_239.wav,kaggle_participant,1,48000,0.4
Kaggle,kaggle_V_V_24.wav,kaggle_participant,1,48000,0.4
Kaggle,kaggle_V_V_240.wav,kaggle_participant,1,48000,0.4
Kaggle,kaggle_V_V_241.wav,kaggle_participant,1,48000,0.4
Kaggle,kaggle_V_V_242.wav,kaggle_participant,1,48000,0.4
Kaggle,kaggle_V_V_243.wav,kaggle_participant,1,48000,0.4
Kaggle,kaggle_V_V_244.wav,kaggle_participant,1,48000,0.4
Kaggle,kaggle_V_V_245.wav,kaggle_participant,1,48000,0.4
Kaggle,kaggle_V_V_246.wav,kaggle_participant,1,48000,0.4
Kaggle,kaggle_V_V_247.wav,kaggle_participant,1,48000,0.4000208333333333
Kaggle,kaggle_V_V_248.wav,kaggle_participant,1,48000,0.4
Kaggle,kaggle_V_V_249.wav,kaggle_participant,1,48000,0.4
Kaggle,kaggle_V_V_25.wav,kaggle_participant,1,48000,0.4
Kaggle,kaggle_V_V_250.wav,kaggle_participant,1,48000,0.4000208333333333
Kaggle,kaggle_V_V_251.wav,kaggle_participant,1,48000,0.4000208333333333
Kaggle,kaggle_V_V_252.wav,kaggle_participant,1,48000,0.4000208333333333
Kaggle,kaggle_V_V_253.wav,kaggle_participant,1,48000,0.4
Kaggle,kaggle_V_V_254.wav,kaggle_participant,1,48000,0.4
Kaggle,kaggle_V_V_255.wav,kaggle_participant,1,48000,0.4
Kaggle,kaggle_V_V_256.wav,kaggle_participant,1,48000,0.4
Kaggle,kaggle_V_V_257.wav,kaggle_participant,1,48000,0.4
Kaggle,kaggle_V_V_258.wav,kaggle_participant,1,48000,0.4000208333333333
Kaggle,kaggle_V_V_259.wav,kaggle_participant,1,48000,0.4
Kaggle,kaggle_V_V_26.wav,kaggle_participant,1,48000,0.4
Kaggle,kaggle_V_V_260.wav,kaggle_participant,1,48000,0.4
Kaggle,kaggle_V_V_261.wav,kaggle_participant,1,48000,0.4000208333333333
Kaggle,kaggle_V_V_262.wav,kaggle_participant,1,48000,0.4000208333333333
Kaggle,kaggle_V_V_263.wav,kaggle_participant,1,48000,0.4000208333333333
Kaggle,kaggle_V_V_264.wav,kaggle_participant,1,48000,0.4
Kaggle,kaggle_V_V_265.wav,kaggle_participant,1,48000,0.4000208333333333
Kaggle,kaggle_V_V_266.wav,kaggle_participant,1,48000,0.4000208333333333
Kaggle,kaggle_V_V_267.wav,kaggle_participant,1,48000,0.4
Kaggle,kaggle_V_V_268.wav,kaggle_participant,1,48000,0.4
Kaggle,kaggle_V_V_269.wav,kaggle_participant,1,48000,0.4
Kaggle,kaggle_V_V_27.wav,kaggle_participant,1,48000,0.4
Kaggle,kaggle_V_V_270.wav,kaggle_participant,1,48000,0.4
Kaggle,kaggle_V_V_271.wav,kaggle_participant,1,48000,0.4000208333333333
Kaggle,kaggle_V_V_272.wav,kaggle_participant,1,48000,0.4000208333333333
Kaggle,kaggle_V_V_273.wav,kaggle_participant,1,48000,0.4000208333333333
Kaggle,kaggle_V_V_274.wav,kaggle_participant,1,48000,0.4000208333333333
Kaggle,kaggle_V_V_275.wav,kaggle_participant,1,48000,0.4000208333333333
Kaggle,kaggle_V_V_276.wav,kaggle_participant,1,48000,0.4
Kaggle,kaggle_V_V_277.wav,kaggle_participant,1,48000,0.4000208333333333
Kaggle,kaggle_V_V_278.wav,kaggle_participant,1,48000,0.4000208333333333
Kaggle,kaggle_V_V_279.wav,kaggle_participant,1,48000,0.4000208333333333
Kaggle,kaggle_V_V_28.wav,kaggle_participant,1,48000,0.4
Kaggle,kaggle_V_V_280.wav,kaggle_participant,1,48000,0.4
Kaggle,kaggle_V_V_281.wav,kaggle_participant,1,48000,0.4000208333333333
Kaggle,kaggle_V_V_282.wav,kaggle_participant,1,48000,0.4000208333333333
Kaggle,kaggle_V_V_283.wav,kaggle_participant,1,48000,0.4
Kaggle,kaggle_V_V_284.wav,kaggle_participant,1,48000,0.4
Kaggle,kaggle_V_V_285.wav,kaggle_participant,1,48000,0.4
Kaggle,kaggle_V_V_286.wav,kaggle_participant,1,48000,0.4
Kaggle,kaggle_V_V_287.wav,kaggle_participant,1,48000,0.4000208333333333
Kaggle,kaggle_V_V_288.wav,kaggle_participant,1,48000,0.4
Kaggle,kaggle_V_V_29.wav,kaggle_participant,1,48000,0.4
Kaggle,kaggle_V_V_3.wav,kaggle_participant,1,48000,0.4
Kaggle,kaggle_V_V_30.wav,kaggle_participant,1,48000,0.4000208333333333
Kaggle,kaggle_V_V_31.wav,kaggle_participant,1,48000,0.4
Kaggle,kaggle_V_V_32.wav,kaggle_participant,1,48000,0.4
Kaggle,kaggle_V_V_33.wav,kaggle_participant,1,48000,0.4
Kaggle,kaggle_V_V_34.wav,kaggle_participant,1,48000,0.4
Kaggle,kaggle_V_V_35.wav,kaggle_participant,1,48000,0.4
Kaggle,kaggle_V_V_36.wav,kaggle_participant,1,48000,0.4
Kaggle,kaggle_V_V_37.wav,kaggle_participant,1,48000,0.4
Kaggle,kaggle_V_V_38.wav,kaggle_participant,1,48000,0.4
Kaggle,kaggle_V_V_39.wav,kaggle_participant,1,48000,0.4
Kaggle,kaggle_V_V_4.wav,kaggle_participant,1,48000,0.39997916666666666
Kaggle,kaggle_V_V_40.wav,kaggle_participant,1,48000,0.39997916666666666
Kaggle,kaggle_V_V_41.wav,kaggle_participant,1,48000,0.4
Kaggle,kaggle_V_V_42.wav,kaggle_participant,1,48000,0.4
Kaggle,kaggle_V_V_43.wav,kaggle_participant,1,48000,0.4
Kaggle,kaggle_V_V_44.wav,kaggle_participant,1,48000,0.4
Kaggle,kaggle_V_V_45.wav,kaggle_participant,1,48000,0.4
Kaggle,kaggle_V_V_46.wav,kaggle_participant,1,48000,0.4
Kaggle,kaggle_V_V_47.wav,kaggle_participant,1,48000,0.4
Kaggle,kaggle_V_V_48.wav,kaggle_participant,1,48000,0.39997916666666666
Kaggle,kaggle_V_V_49.wav,kaggle_participant,1,48000,0.4
Kaggle,kaggle_V_V_5.wav,kaggle_participant,1,48000,0.4
Kaggle,kaggle_V_V_50.wav,kaggle_participant,1,48000,0.4
Kaggle,kaggle_V_V_51.wav,kaggle_participant,1,48000,0.4
Kaggle,kaggle_V_V_52.wav,kaggle_participant,1,48000,0.4
Kaggle,kaggle_V_V_53.wav,kaggle_participant,1,48000,0.39997916666666666
Kaggle,kaggle_V_V_54.wav,kaggle_participant,1,48000,0.4
Kaggle,kaggle_V_V_55.wav,kaggle_participant,1,48000,0.4
Kaggle,kaggle_V_V_56.wav,kaggle_participant,1,48000,0.4
Kaggle,kaggle_V_V_57.wav,kaggle_participant,1,48000,0.4
Kaggle,kaggle_V_V_58.wav,kaggle_participant,1,48000,0.4
Kaggle,kaggle_V_V_59.wav,kaggle_participant,1,48000,0.4
Kaggle,kaggle_V_V_6.wav,kaggle_participant,1,48000,0.4
Kaggle,kaggle_V_V_60.wav,kaggle_participant,1,48000,0.4
Kaggle,kaggle_V_V_61.wav,kaggle_participant,1,48000,0.4
Kaggle,kaggle_V_V_62.wav,kaggle_participant,1,48000,0.4
Kaggle,kaggle_V_V_63.wav,kaggle_participant,1,48000,0.4
Kaggle,kaggle_V_V_64.wav,kaggle_participant,1,48000,0.4
Kaggle,kaggle_V_V_65.wav,kaggle_participant,1,48000,0.4
Kaggle,kaggle_V_V_66.wav,kaggle_participant,1,48000,0.39997916666666666
Kaggle,kaggle_V_V_67.wav,kaggle_participant,1,48000,0.39997916666666666
Kaggle,kaggle_V_V_68.wav,kaggle_participant,1,48000,0.4
Kaggle,kaggle_V_V_69.wav,kaggle_participant,1,48000,0.39997916666666666
Kaggle,kaggle_V_V_7.wav,kaggle_participant,1,48000,0.4
Kaggle,kaggle_V_V_70.wav,kaggle_participant,1,48000,0.4
Kaggle,kaggle_V_V_71.wav,kaggle_participant,1,48000,0.39997916666666666
Kaggle,kaggle_V_V_72.wav,kaggle_participant,1,48000,0.4
Kaggle,kaggle_V_V_73.wav,kaggle_participant,1,48000,0.4
Kaggle,kaggle_V_V_74.wav,kaggle_participant,1,48000,0.4
Kaggle,kaggle_V_V_75.wav,kaggle_participant,1,48000,0.39997916666666666
Kaggle,kaggle_V_V_76.wav,kaggle_participant,1,48000,0.4
Kaggle,kaggle_V_V_77.wav,kaggle_participant,1,48000,0.39997916666666666
Kaggle,kaggle_V_V_78.wav,kaggle_participant,1,48000,0.4
Kaggle,kaggle_V_V_79.wav,kaggle_participant,1,48000,0.39997916666666666
Kaggle,kaggle_V_V_8.wav,kaggle_participant,1,48000,0.4
Kaggle,kaggle_V_V_80.wav,kaggle_participant,1,48000,0.4
Kaggle,kaggle_V_V_81.wav,kaggle_participant,1,48000,0.39997916666666666
Kaggle,kaggle_V_V_82.wav,kaggle_participant,1,48000,0.4
Kaggle,kaggle_V_V_83.wav,kaggle_participant,1,48000,0.39997916666666666
Kaggle,kaggle_V_V_84.wav,kaggle_participant,1,48000,0.4
Kaggle,kaggle_V_V_85.wav,kaggle_participant,1,48000,0.4
Kaggle,kaggle_V_V_86.wav,kaggle_participant,1,48000,0.4
Kaggle,kaggle_V_V_87.wav,kaggle_participant,1,48000,0.4
Kaggle,kaggle_V_V_88.wav,kaggle_participant,1,48000,0.4
Kaggle,kaggle_V_V_89.wav,kaggle_participant,1,48000,0.4
Kaggle,kaggle_V_V_9.wav,kaggle_participant,1,48000,0.4
Kaggle,kaggle_V_V_90.wav,kaggle_participant,1,48000,0.4
Kaggle,kaggle_V_V_91.wav,kaggle_participant,1,48000,0.4
Kaggle,kaggle_V_V_92.wav,kaggle_participant,1,48000,0.4
Kaggle,kaggle_V_V_93.wav,kaggle_participant,1,48000,0.4
Kaggle,kaggle_V_V_94.wav,kaggle_participant,1,48000,0.4
Kaggle,kaggle_V_V_95.wav,kaggle_participant,1,48000,0.4
Kaggle,kaggle_V_V_96.wav,kaggle_participant,1,48000,0.4
Kaggle,kaggle_V_V_97.wav,kaggle_participant,1,48000,0.4
Kaggle,kaggle_V_V_98.wav,kaggle_participant,1,48000,0.4
Kaggle,kaggle_V_V_99.wav,kaggle_participant,1,48000,0.4
Kaggle,kaggle_W_W_1.wav,kaggle_participant,1,48000,0.4
Kaggle,kaggle_W_W_10.wav,kaggle_participant,1,48000,0.4
Kaggle,kaggle_W_W_100.wav,kaggle_participant,1,48000,0.4
Kaggle,kaggle_W_W_101.wav,kaggle_participant,1,48000,0.4
Kaggle,kaggle_W_W_102.wav,kaggle_participant,1,48000,0.4
Kaggle,kaggle_W_W_103.wav,kaggle_participant,1,48000,0.4
Kaggle,kaggle_W_W_104.wav,kaggle_participant,1,48000,0.4
Kaggle,kaggle_W_W_105.wav,kaggle_participant,1,48000,0.4
Kaggle,kaggle_W_W_106.wav,kaggle_participant,1,48000,0.4
Kaggle,kaggle_W_W_107.wav,kaggle_participant,1,48000,0.4
Kaggle,kaggle_W_W_108.wav,kaggle_participant,1,48000,0.4
Kaggle,kaggle_W_W_109.wav,kaggle_participant,1,48000,0.4
Kaggle,kaggle_W_W_11.wav,kaggle_participant,1,48000,0.4
Kaggle,kaggle_W_W_110.wav,kaggle_participant,1,48000,0.4
Kaggle,kaggle_W_W_111.wav,kaggle_participant,1,48000,0.4
Kaggle,kaggle_W_W_112.wav,kaggle_participant,1,48000,0.4
Kaggle,kaggle_W_W_113.wav,kaggle_participant,1,48000,0.4
Kaggle,kaggle_W_W_114.wav,kaggle_participant,1,48000,0.4
Kaggle,kaggle_W_W_115.wav,kaggle_participant,1,48000,0.4
Kaggle,kaggle_W_W_116.wav,kaggle_participant,1,48000,0.4
Kaggle,kaggle_W_W_117.wav,kaggle_participant,1,48000,0.4
Kaggle,kaggle_W_W_118.wav,kaggle_participant,1,48000,0.4
Kaggle,kaggle_W_W_119.wav,kaggle_participant,1,48000,0.4
Kaggle,kaggle_W_W_12.wav,kaggle_participant,1,48000,0.4
Kaggle,kaggle_W_W_120.wav,kaggle_participant,1,48000,0.4
Kaggle,kaggle_W_W_121.wav,kaggle_participant,1,48000,0.4
Kaggle,kaggle_W_W_122.wav,kaggle_participant,1,48000,0.4
Kaggle,kaggle_W_W_123.wav,kaggle_participant,1,48000,0.4
Kaggle,kaggle_W_W_124.wav,kaggle_participant,1,48000,0.4
Kaggle,kaggle_W_W_125.wav,kaggle_participant,1,48000,0.4
Kaggle,kaggle_W_W_126.wav,kaggle_participant,1,48000,0.4
Kaggle,kaggle_W_W_127.wav,kaggle_participant,1,48000,0.4
Kaggle,kaggle_W_W_128.wav,kaggle_participant,1,48000,0.4
Kaggle,kaggle_W_W_129.wav,kaggle_participant,1,48000,0.4
Kaggle,kaggle_W_W_13.wav,kaggle_participant,1,48000,0.4
Kaggle,kaggle_W_W_130.wav,kaggle_participant,1,48000,0.4
Kaggle,kaggle_W_W_131.wav,kaggle_participant,1,48000,0.4
Kaggle,kaggle_W_W_132.wav,kaggle_participant,1,48000,0.4
Kaggle,kaggle_W_W_133.wav,kaggle_participant,1,48000,0.4
Kaggle,kaggle_W_W_134.wav,kaggle_participant,1,48000,0.4
Kaggle,kaggle_W_W_135.wav,kaggle_participant,1,48000,0.4
Kaggle,kaggle_W_W_136.wav,kaggle_participant,1,48000,0.4
Kaggle,kaggle_W_W_137.wav,kaggle_participant,1,48000,0.4
Kaggle,kaggle_W_W_138.wav,kaggle_participant,1,48000,0.4
Kaggle,kaggle_W_W_139.wav,kaggle_participant,1,48000,0.4
Kaggle,kaggle_W_W_14.wav,kaggle_participant,1,48000,0.4
Kaggle,kaggle_W_W_140.wav,kaggle_participant,1,48000,0.4
Kaggle,kaggle_W_W_141.wav,kaggle_participant,1,48000,0.4
Kaggle,kaggle_W_W_142.wav,kaggle_participant,1,48000,0.4
Kaggle,kaggle_W_W_143.wav,kaggle_participant,1,48000,0.4
Kaggle,kaggle_W_W_144.wav,kaggle_participant,1,48000,0.4
Kaggle,kaggle_W_W_145.wav,kaggle_participant,1,48000,0.4
Kaggle,kaggle_W_W_146.wav,kaggle_participant,1,48000,0.4
Kaggle,kaggle_W_W_147.wav,kaggle_participant,1,48000,0.4
Kaggle,kaggle_W_W_148.wav,kaggle_participant,1,48000,0.4
Kaggle,kaggle_W_W_149.wav,kaggle_participant,1,48000,0.4
Kaggle,kaggle_W_W_15.wav,kaggle_participant,1,48000,0.4
Kaggle,kaggle_W_W_150.wav,kaggle_participant,1,48000,0.4
Kaggle,kaggle_W_W_151.wav,kaggle_participant,1,48000,0.4
Kaggle,kaggle_W_W_152.wav,kaggle_participant,1,48000,0.4
Kaggle,kaggle_W_W_153.wav,kaggle_participant,1,48000,0.4
Kaggle,kaggle_W_W_154.wav,kaggle_participant,1,48000,0.4
Kaggle,kaggle_W_W_155.wav,kaggle_participant,1,48000,0.4
Kaggle,kaggle_W_W_156.wav,kaggle_participant,1,48000,0.4
Kaggle,kaggle_W_W_157.wav,kaggle_participant,1,48000,0.4
Kaggle,kaggle_W_W_158.wav,kaggle_participant,1,48000,0.4
Kaggle,kaggle_W_W_159.wav,kaggle_participant,1,48000,0.4
Kaggle,kaggle_W_W_16.wav,kaggle_participant,1,48000,0.4
Kaggle,kaggle_W_W_160.wav,kaggle_participant,1,48000,0.4
Kaggle,kaggle_W_W_161.wav,kaggle_participant,1,48000,0.4
Kaggle,kaggle_W_W_162.wav,kaggle_participant,1,48000,0.4
Kaggle,kaggle_W_W_163.wav,kaggle_participant,1,48000,0.4
Kaggle,kaggle_W_W_164.wav,kaggle_participant,1,48000,0.4
Kaggle,kaggle_W_W_165.wav,kaggle_participant,1,48000,0.4
Kaggle,kaggle_W_W_166.wav,kaggle_participant,1,48000,0.4
Kaggle,kaggle_W_W_167.wav,kaggle_participant,1,48000,0.4
Kaggle,kaggle_W_W_168.wav,kaggle_participant,1,48000,0.4
Kaggle,kaggle_W_W_169.wav,kaggle_participant,1,48000,0.4
Kaggle,kaggle_W_W_17.wav,kaggle_participant,1,48000,0.4000208333333333
Kaggle,kaggle_W_W_170.wav,kaggle_participant,1,48000,0.4
Kaggle,kaggle_W_W_171.wav,kaggle_participant,1,48000,0.4
Kaggle,kaggle_W_W_172.wav,kaggle_participant,1,48000,0.4
Kaggle,kaggle_W_W_173.wav,kaggle_participant,1,48000,0.4
Kaggle,kaggle_W_W_174.wav,kaggle_participant,1,48000,0.4
Kaggle,kaggle_W_W_175.wav,kaggle_participant,1,48000,0.4
Kaggle,kaggle_W_W_176.wav,kaggle_participant,1,48000,0.4
Kaggle,kaggle_W_W_177.wav,kaggle_participant,1,48000,0.4
Kaggle,kaggle_W_W_178.wav,kaggle_participant,1,48000,0.4
Kaggle,kaggle_W_W_179.wav,kaggle_participant,1,48000,0.4
Kaggle,kaggle_W_W_18.wav,kaggle_participant,1,48000,0.4
Kaggle,kaggle_W_W_180.wav,kaggle_participant,1,48000,0.4
Kaggle,kaggle_W_W_181.wav,kaggle_participant,1,48000,0.4
Kaggle,kaggle_W_W_182.wav,kaggle_participant,1,48000,0.4
Kaggle,kaggle_W_W_183.wav,kaggle_participant,1,48000,0.4
Kaggle,kaggle_W_W_184.wav,kaggle_participant,1,48000,0.4
Kaggle,kaggle_W_W_185.wav,kaggle_participant,1,48000,0.4
Kaggle,kaggle_W_W_186.wav,kaggle_participant,1,48000,0.4
Kaggle,kaggle_W_W_187.wav,kaggle_participant,1,48000,0.4
Kaggle,kaggle_W_W_188.wav,kaggle_participant,1,48000,0.4
Kaggle,kaggle_W_W_189.wav,kaggle_participant,1,48000,0.4
Kaggle,kaggle_W_W_19.wav,kaggle_participant,1,48000,0.4
Kaggle,kaggle_W_W_190.wav,kaggle_participant,1,48000,0.4
Kaggle,kaggle_W_W_191.wav,kaggle_participant,1,48000,0.4
Kaggle,kaggle_W_W_192.wav,kaggle_participant,1,48000,0.4
Kaggle,kaggle_W_W_193.wav,kaggle_participant,1,48000,0.4
Kaggle,kaggle_W_W_194.wav,kaggle_participant,1,48000,0.4
Kaggle,kaggle_W_W_195.wav,kaggle_participant,1,48000,0.4
Kaggle,kaggle_W_W_196.wav,kaggle_participant,1,48000,0.4
Kaggle,kaggle_W_W_197.wav,kaggle_participant,1,48000,0.4
Kaggle,kaggle_W_W_198.wav,kaggle_participant,1,48000,0.4
Kaggle,kaggle_W_W_199.wav,kaggle_participant,1,48000,0.4
Kaggle,kaggle_W_W_2.wav,kaggle_participant,1,48000,0.4
Kaggle,kaggle_W_W_20.wav,kaggle_participant,1,48000,0.4000208333333333
Kaggle,kaggle_W_W_200.wav,kaggle_participant,1,48000,0.4
Kaggle,kaggle_W_W_201.wav,kaggle_participant,1,48000,0.4
Kaggle,kaggle_W_W_202.wav,kaggle_participant,1,48000,0.4
Kaggle,kaggle_W_W_203.wav,kaggle_participant,1,48000,0.4
Kaggle,kaggle_W_W_204.wav,kaggle_participant,1,48000,0.4
Kaggle,kaggle_W_W_205.wav,kaggle_participant,1,48000,0.4
Kaggle,kaggle_W_W_206.wav,kaggle_participant,1,48000,0.4
Kaggle,kaggle_W_W_207.wav,kaggle_participant,1,48000,0.4
Kaggle,kaggle_W_W_208.wav,kaggle_participant,1,48000,0.4
Kaggle,kaggle_W_W_209.wav,kaggle_participant,1,48000,0.4
Kaggle,kaggle_W_W_21.wav,kaggle_participant,1,48000,0.4000208333333333
Kaggle,kaggle_W_W_210.wav,kaggle_participant,1,48000,0.4
Kaggle,kaggle_W_W_211.wav,kaggle_participant,1,48000,0.4
Kaggle,kaggle_W_W_212.wav,kaggle_participant,1,48000,0.4
Kaggle,kaggle_W_W_213.wav,kaggle_participant,1,48000,0.4
Kaggle,kaggle_W_W_214.wav,kaggle_participant,1,48000,0.4
Kaggle,kaggle_W_W_215.wav,kaggle_participant,1,48000,0.4
Kaggle,kaggle_W_W_216.wav,kaggle_participant,1,48000,0.4
Kaggle,kaggle_W_W_217.wav,kaggle_participant,1,48000,0.4
Kaggle,kaggle_W_W_218.wav,kaggle_participant,1,48000,0.4
Kaggle,kaggle_W_W_219.wav,kaggle_participant,1,48000,0.4
Kaggle,kaggle_W_W_22.wav,kaggle_participant,1,48000,0.4000208333333333
Kaggle,kaggle_W_W_220.wav,kaggle_participant,1,48000,0.4
Kaggle,kaggle_W_W_221.wav,kaggle_participant,1,48000,0.4
Kaggle,kaggle_W_W_222.wav,kaggle_participant,1,48000,0.4
Kaggle,kaggle_W_W_223.wav,kaggle_participant,1,48000,0.4
Kaggle,kaggle_W_W_224.wav,kaggle_participant,1,48000,0.4
Kaggle,kaggle_W_W_225.wav,kaggle_participant,1,48000,0.4
Kaggle,kaggle_W_W_226.wav,kaggle_participant,1,48000,0.4
Kaggle,kaggle_W_W_227.wav,kaggle_participant,1,48000,0.4
Kaggle,kaggle_W_W_228.wav,kaggle_participant,1,48000,0.4
Kaggle,kaggle_W_W_229.wav,kaggle_participant,1,48000,0.4
Kaggle,kaggle_W_W_23.wav,kaggle_participant,1,48000,0.4
Kaggle,kaggle_W_W_230.wav,kaggle_participant,1,48000,0.4
Kaggle,kaggle_W_W_231.wav,kaggle_participant,1,48000,0.4
Kaggle,kaggle_W_W_232.wav,kaggle_participant,1,48000,0.4
Kaggle,kaggle_W_W_233.wav,kaggle_participant,1,48000,0.4
Kaggle,kaggle_W_W_234.wav,kaggle_participant,1,48000,0.4
Kaggle,kaggle_W_W_235.wav,kaggle_participant,1,48000,0.4
Kaggle,kaggle_W_W_236.wav,kaggle_participant,1,48000,0.4
Kaggle,kaggle_W_W_237.wav,kaggle_participant,1,48000,0.4
Kaggle,kaggle_W_W_238.wav,kaggle_participant,1,48000,0.4
Kaggle,kaggle_W_W_239.wav,kaggle_participant,1,48000,0.4
Kaggle,kaggle_W_W_24.wav,kaggle_participant,1,48000,0.4
Kaggle,kaggle_W_W_240.wav,kaggle_participant,1,48000,0.4
Kaggle,kaggle_W_W_241.wav,kaggle_participant,1,48000,0.4
Kaggle,kaggle_W_W_242.wav,kaggle_participant,1,48000,0.4
Kaggle,kaggle_W_W_243.wav,kaggle_participant,1,48000,0.4
Kaggle,kaggle_W_W_244.wav,kaggle_participant,1,48000,0.4
Kaggle,kaggle_W_W_245.wav,kaggle_participant,1,48000,0.4
Kaggle,kaggle_W_W_246.wav,kaggle_participant,1,48000,0.4
Kaggle,kaggle_W_W_247.wav,kaggle_participant,1,48000,0.4
Kaggle,kaggle_W_W_248.wav,kaggle_participant,1,48000,0.4
Kaggle,kaggle_W_W_249.wav,kaggle_participant,1,48000,0.4
Kaggle,kaggle_W_W_25.wav,kaggle_participant,1,48000,0.4
Kaggle,kaggle_W_W_250.wav,kaggle_participant,1,48000,0.4
Kaggle,kaggle_W_W_251.wav,kaggle_participant,1,48000,0.4
Kaggle,kaggle_W_W_252.wav,kaggle_participant,1,48000,0.4
Kaggle,kaggle_W_W_253.wav,kaggle_participant,1,48000,0.4
Kaggle,kaggle_W_W_254.wav,kaggle_participant,1,48000,0.4
Kaggle,kaggle_W_W_255.wav,kaggle_participant,1,48000,0.4
Kaggle,kaggle_W_W_256.wav,kaggle_participant,1,48000,0.4
Kaggle,kaggle_W_W_257.wav,kaggle_participant,1,48000,0.4
Kaggle,kaggle_W_W_258.wav,kaggle_participant,1,48000,0.4
Kaggle,kaggle_W_W_259.wav,kaggle_participant,1,48000,0.4
Kaggle,kaggle_W_W_26.wav,kaggle_participant,1,48000,0.4
Kaggle,kaggle_W_W_260.wav,kaggle_participant,1,48000,0.4
Kaggle,kaggle_W_W_261.wav,kaggle_participant,1,48000,0.4
Kaggle,kaggle_W_W_262.wav,kaggle_participant,1,48000,0.4
Kaggle,kaggle_W_W_263.wav,kaggle_participant,1,48000,0.4
Kaggle,kaggle_W_W_264.wav,kaggle_participant,1,48000,0.4
Kaggle,kaggle_W_W_265.wav,kaggle_participant,1,48000,0.4
Kaggle,kaggle_W_W_266.wav,kaggle_participant,1,48000,0.4
Kaggle,kaggle_W_W_267.wav,kaggle_participant,1,48000,0.4
Kaggle,kaggle_W_W_268.wav,kaggle_participant,1,48000,0.4
Kaggle,kaggle_W_W_269.wav,kaggle_participant,1,48000,0.4
Kaggle,kaggle_W_W_27.wav,kaggle_participant,1,48000,0.4
Kaggle,kaggle_W_W_270.wav,kaggle_participant,1,48000,0.4
Kaggle,kaggle_W_W_271.wav,kaggle_participant,1,48000,0.4
Kaggle,kaggle_W_W_272.wav,kaggle_participant,1,48000,0.4
Kaggle,kaggle_W_W_273.wav,kaggle_participant,1,48000,0.4
Kaggle,kaggle_W_W_274.wav,kaggle_participant,1,48000,0.4
Kaggle,kaggle_W_W_275.wav,kaggle_participant,1,48000,0.4
Kaggle,kaggle_W_W_276.wav,kaggle_participant,1,48000,0.4
Kaggle,kaggle_W_W_277.wav,kaggle_participant,1,48000,0.4
Kaggle,kaggle_W_W_278.wav,kaggle_participant,1,48000,0.4
Kaggle,kaggle_W_W_279.wav,kaggle_participant,1,48000,0.4
Kaggle,kaggle_W_W_28.wav,kaggle_participant,1,48000,0.4000208333333333
Kaggle,kaggle_W_W_280.wav,kaggle_participant,1,48000,0.4
Kaggle,kaggle_W_W_281.wav,kaggle_participant,1,48000,0.4
Kaggle,kaggle_W_W_282.wav,kaggle_participant,1,48000,0.4
Kaggle,kaggle_W_W_283.wav,kaggle_participant,1,48000,0.4
Kaggle,kaggle_W_W_284.wav,kaggle_participant,1,48000,0.4
Kaggle,kaggle_W_W_285.wav,kaggle_participant,1,48000,0.4
Kaggle,kaggle_W_W_286.wav,kaggle_participant,1,48000,0.4
Kaggle,kaggle_W_W_287.wav,kaggle_participant,1,48000,0.4
Kaggle,kaggle_W_W_288.wav,kaggle_participant,1,48000,0.4
Kaggle,kaggle_W_W_289.wav,kaggle_participant,1,48000,0.4
Kaggle,kaggle_W_W_29.wav,kaggle_participant,1,48000,0.4000208333333333
Kaggle,kaggle_W_W_290.wav,kaggle_participant,1,48000,0.4
Kaggle,kaggle_W_W_291.wav,kaggle_participant,1,48000,0.4
Kaggle,kaggle_W_W_292.wav,kaggle_participant,1,48000,0.4
Kaggle,kaggle_W_W_293.wav,kaggle_participant,1,48000,0.4
Kaggle,kaggle_W_W_294.wav,kaggle_participant,1,48000,0.4000208333333333
Kaggle,kaggle_W_W_295.wav,kaggle_participant,1,48000,0.4000208333333333
Kaggle,kaggle_W_W_296.wav,kaggle_participant,1,48000,0.4000208333333333
Kaggle,kaggle_W_W_297.wav,kaggle_participant,1,48000,0.4
Kaggle,kaggle_W_W_298.wav,kaggle_participant,1,48000,0.4000208333333333
Kaggle,kaggle_W_W_299.wav,kaggle_participant,1,48000,0.4000208333333333
Kaggle,kaggle_W_W_3.wav,kaggle_participant,1,48000,0.4
Kaggle,kaggle_W_W_30.wav,kaggle_participant,1,48000,0.4
Kaggle,kaggle_W_W_300.wav,kaggle_participant,1,48000,0.4000208333333333
Kaggle,kaggle_W_W_301.wav,kaggle_participant,1,48000,0.4000208333333333
Kaggle,kaggle_W_W_302.wav,kaggle_participant,1,48000,0.4
Kaggle,kaggle_W_W_303.wav,kaggle_participant,1,48000,0.4
Kaggle,kaggle_W_W_304.wav,kaggle_participant,1,48000,0.4
Kaggle,kaggle_W_W_305.wav,kaggle_participant,1,48000,0.4
Kaggle,kaggle_W_W_306.wav,kaggle_participant,1,48000,0.4
Kaggle,kaggle_W_W_307.wav,kaggle_participant,1,48000,0.4000208333333333
Kaggle,kaggle_W_W_308.wav,kaggle_participant,1,48000,0.4000208333333333
Kaggle,kaggle_W_W_309.wav,kaggle_participant,1,48000,0.4
Kaggle,kaggle_W_W_31.wav,kaggle_participant,1,48000,0.4
Kaggle,kaggle_W_W_310.wav,kaggle_participant,1,48000,0.4
Kaggle,kaggle_W_W_311.wav,kaggle_participant,1,48000,0.4000208333333333
Kaggle,kaggle_W_W_312.wav,kaggle_participant,1,48000,0.4
Kaggle,kaggle_W_W_313.wav,kaggle_participant,1,48000,0.4
Kaggle,kaggle_W_W_314.wav,kaggle_participant,1,48000,0.4000208333333333
Kaggle,kaggle_W_W_315.wav,kaggle_participant,1,48000,0.4000208333333333
Kaggle,kaggle_W_W_316.wav,kaggle_participant,1,48000,0.4000208333333333
Kaggle,kaggle_W_W_317.wav,kaggle_participant,1,48000,0.4000208333333333
Kaggle,kaggle_W_W_318.wav,kaggle_participant,1,48000,0.4000208333333333
Kaggle,kaggle_W_W_319.wav,kaggle_participant,1,48000,0.4
Kaggle,kaggle_W_W_32.wav,kaggle_participant,1,48000,0.4000208333333333
Kaggle,kaggle_W_W_320.wav,kaggle_participant,1,48000,0.4000208333333333
Kaggle,kaggle_W_W_321.wav,kaggle_participant,1,48000,0.4
Kaggle,kaggle_W_W_322.wav,kaggle_participant,1,48000,0.4
Kaggle,kaggle_W_W_323.wav,kaggle_participant,1,48000,0.4000208333333333
Kaggle,kaggle_W_W_324.wav,kaggle_participant,1,48000,0.4000208333333333
Kaggle,kaggle_W_W_325.wav,kaggle_participant,1,48000,0.4000208333333333
Kaggle,kaggle_W_W_326.wav,kaggle_participant,1,48000,0.4000208333333333
Kaggle,kaggle_W_W_327.wav,kaggle_participant,1,48000,0.4
Kaggle,kaggle_W_W_328.wav,kaggle_participant,1,48000,0.4000208333333333
Kaggle,kaggle_W_W_329.wav,kaggle_participant,1,48000,0.4
Kaggle,kaggle_W_W_33.wav,kaggle_participant,1,48000,0.4000208333333333
Kaggle,kaggle_W_W_330.wav,kaggle_participant,1,48000,0.4000208333333333
Kaggle,kaggle_W_W_331.wav,kaggle_participant,1,48000,0.4
Kaggle,kaggle_W_W_332.wav,kaggle_participant,1,48000,0.4
Kaggle,kaggle_W_W_333.wav,kaggle_participant,1,48000,0.4
Kaggle,kaggle_W_W_334.wav,kaggle_participant,1,48000,0.4000208333333333
Kaggle,kaggle_W_W_335.wav,kaggle_participant,1,48000,0.4000208333333333
Kaggle,kaggle_W_W_336.wav,kaggle_participant,1,48000,0.4
Kaggle,kaggle_W_W_337.wav,kaggle_participant,1,48000,0.4000208333333333
Kaggle,kaggle_W_W_338.wav,kaggle_participant,1,48000,0.4000208333333333
Kaggle,kaggle_W_W_339.wav,kaggle_participant,1,48000,0.4000208333333333
Kaggle,kaggle_W_W_34.wav,kaggle_participant,1,48000,0.4
Kaggle,kaggle_W_W_340.wav,kaggle_participant,1,48000,0.4000208333333333
Kaggle,kaggle_W_W_341.wav,kaggle_participant,1,48000,0.4000208333333333
Kaggle,kaggle_W_W_342.wav,kaggle_participant,1,48000,0.4
Kaggle,kaggle_W_W_343.wav,kaggle_participant,1,48000,0.4
Kaggle,kaggle_W_W_344.wav,kaggle_participant,1,48000,0.4000208333333333
Kaggle,kaggle_W_W_345.wav,kaggle_participant,1,48000,0.4000208333333333
Kaggle,kaggle_W_W_346.wav,kaggle_participant,1,48000,0.4
Kaggle,kaggle_W_W_347.wav,kaggle_participant,1,48000,0.4000208333333333
Kaggle,kaggle_W_W_35.wav,kaggle_participant,1,48000,0.4
Kaggle,kaggle_W_W_36.wav,kaggle_participant,1,48000,0.39997916666666666
Kaggle,kaggle_W_W_37.wav,kaggle_participant,1,48000,0.4
Kaggle,kaggle_W_W_38.wav,kaggle_participant,1,48000,0.4
Kaggle,kaggle_W_W_39.wav,kaggle_participant,1,48000,0.4
Kaggle,kaggle_W_W_4.wav,kaggle_participant,1,48000,0.4
Kaggle,kaggle_W_W_40.wav,kaggle_participant,1,48000,0.4
Kaggle,kaggle_W_W_41.wav,kaggle_participant,1,48000,0.39997916666666666
Kaggle,kaggle_W_W_42.wav,kaggle_participant,1,48000,0.4
Kaggle,kaggle_W_W_43.wav,kaggle_participant,1,48000,0.4
Kaggle,kaggle_W_W_44.wav,kaggle_participant,1,48000,0.39997916666666666
Kaggle,kaggle_W_W_45.wav,kaggle_participant,1,48000,0.4
Kaggle,kaggle_W_W_46.wav,kaggle_participant,1,48000,0.4
Kaggle,kaggle_W_W_47.wav,kaggle_participant,1,48000,0.4
Kaggle,kaggle_W_W_48.wav,kaggle_participant,1,48000,0.4
Kaggle,kaggle_W_W_49.wav,kaggle_participant,1,48000,0.4
Kaggle,kaggle_W_W_5.wav,kaggle_participant,1,48000,0.4
Kaggle,kaggle_W_W_50.wav,kaggle_participant,1,48000,0.39997916666666666
Kaggle,kaggle_W_W_51.wav,kaggle_participant,1,48000,0.4
Kaggle,kaggle_W_W_52.wav,kaggle_participant,1,48000,0.39997916666666666
Kaggle,kaggle_W_W_53.wav,kaggle_participant,1,48000,0.4
Kaggle,kaggle_W_W_54.wav,kaggle_participant,1,48000,0.39997916666666666
Kaggle,kaggle_W_W_55.wav,kaggle_participant,1,48000,0.4
Kaggle,kaggle_W_W_56.wav,kaggle_participant,1,48000,0.4
Kaggle,kaggle_W_W_57.wav,kaggle_participant,1,48000,0.39997916666666666
Kaggle,kaggle_W_W_58.wav,kaggle_participant,1,48000,0.39997916666666666
Kaggle,kaggle_W_W_59.wav,kaggle_participant,1,48000,0.4
Kaggle,kaggle_W_W_6.wav,kaggle_participant,1,48000,0.4
Kaggle,kaggle_W_W_60.wav,kaggle_participant,1,48000,0.39997916666666666
Kaggle,kaggle_W_W_61.wav,kaggle_participant,1,48000,0.4
Kaggle,kaggle_W_W_62.wav,kaggle_participant,1,48000,0.39997916666666666
Kaggle,kaggle_W_W_63.wav,kaggle_participant,1,48000,0.4
Kaggle,kaggle_W_W_64.wav,kaggle_participant,1,48000,0.4
Kaggle,kaggle_W_W_65.wav,kaggle_participant,1,48000,0.4
Kaggle,kaggle_W_W_66.wav,kaggle_participant,1,48000,0.4
Kaggle,kaggle_W_W_67.wav,kaggle_participant,1,48000,0.39997916666666666
Kaggle,kaggle_W_W_68.wav,kaggle_participant,1,48000,0.4
Kaggle,kaggle_W_W_69.wav,kaggle_participant,1,48000,0.4
Kaggle,kaggle_W_W_7.wav,kaggle_participant,1,48000,0.4
Kaggle,kaggle_W_W_70.wav,kaggle_participant,1,48000,0.4
Kaggle,kaggle_W_W_71.wav,kaggle_participant,1,48000,0.4
Kaggle,kaggle_W_W_72.wav,kaggle_participant,1,48000,0.39997916666666666
Kaggle,kaggle_W_W_73.wav,kaggle_participant,1,48000,0.4
Kaggle,kaggle_W_W_74.wav,kaggle_participant,1,48000,0.39997916666666666
Kaggle,kaggle_W_W_75.wav,kaggle_participant,1,48000,0.4
Kaggle,kaggle_W_W_76.wav,kaggle_participant,1,48000,0.39997916666666666
Kaggle,kaggle_W_W_77.wav,kaggle_participant,1,48000,0.4
Kaggle,kaggle_W_W_78.wav,kaggle_participant,1,48000,0.4
Kaggle,kaggle_W_W_79.wav,kaggle_participant,1,48000,0.4
Kaggle,kaggle_W_W_8.wav,kaggle_participant,1,48000,0.4
Kaggle,kaggle_W_W_80.wav,kaggle_participant,1,48000,0.39997916666666666
Kaggle,kaggle_W_W_81.wav,kaggle_participant,1,48000,0.4
Kaggle,kaggle_W_W_82.wav,kaggle_participant,1,48000,0.4
Kaggle,kaggle_W_W_83.wav,kaggle_participant,1,48000,0.4
Kaggle,kaggle_W_W_84.wav,kaggle_participant,1,48000,0.39997916666666666
Kaggle,kaggle_W_W_85.wav,kaggle_participant,1,48000,0.39997916666666666
Kaggle,kaggle_W_W_86.wav,kaggle_participant,1,48000,0.4
Kaggle,kaggle_W_W_87.wav,kaggle_participant,1,48000,0.4
Kaggle,kaggle_W_W_88.wav,kaggle_participant,1,48000,0.4
Kaggle,kaggle_W_W_89.wav,kaggle_participant,1,48000,0.4
Kaggle,kaggle_W_W_9.wav,kaggle_participant,1,48000,0.4
Kaggle,kaggle_W_W_90.wav,kaggle_participant,1,48000,0.39997916666666666
Kaggle,kaggle_W_W_91.wav,kaggle_participant,1,48000,0.4
Kaggle,kaggle_W_W_92.wav,kaggle_participant,1,48000,0.4
Kaggle,kaggle_W_W_93.wav,kaggle_participant,1,48000,0.39997916666666666
Kaggle,kaggle_W_W_94.wav,kaggle_participant,1,48000,0.4
Kaggle,kaggle_W_W_95.wav,kaggle_participant,1,48000,0.4
Kaggle,kaggle_W_W_96.wav,kaggle_participant,1,48000,0.4
Kaggle,kaggle_W_W_97.wav,kaggle_participant,1,48000,0.4
Kaggle,kaggle_W_W_98.wav,kaggle_participant,1,48000,0.4
Kaggle,kaggle_W_W_99.wav,kaggle_participant,1,48000,0.4
Kaggle,kaggle_X_X_1.wav,kaggle_participant,1,48000,0.4
Kaggle,kaggle_X_X_10.wav,kaggle_participant,1,48000,0.4
Kaggle,kaggle_X_X_100.wav,kaggle_participant,1,48000,0.4
Kaggle,kaggle_X_X_101.wav,kaggle_participant,1,48000,0.4
Kaggle,kaggle_X_X_102.wav,kaggle_participant,1,48000,0.4
Kaggle,kaggle_X_X_103.wav,kaggle_participant,1,48000,0.4
Kaggle,kaggle_X_X_104.wav,kaggle_participant,1,48000,0.4
Kaggle,kaggle_X_X_105.wav,kaggle_participant,1,48000,0.4
Kaggle,kaggle_X_X_106.wav,kaggle_participant,1,48000,0.4
Kaggle,kaggle_X_X_107.wav,kaggle_participant,1,48000,0.4
Kaggle,kaggle_X_X_108.wav,kaggle_participant,1,48000,0.4
Kaggle,kaggle_X_X_109.wav,kaggle_participant,1,48000,0.4
Kaggle,kaggle_X_X_11.wav,kaggle_participant,1,48000,0.4
Kaggle,kaggle_X_X_110.wav,kaggle_participant,1,48000,0.4
Kaggle,kaggle_X_X_111.wav,kaggle_participant,1,48000,0.4
Kaggle,kaggle_X_X_112.wav,kaggle_participant,1,48000,0.4
Kaggle,kaggle_X_X_113.wav,kaggle_participant,1,48000,0.4
Kaggle,kaggle_X_X_114.wav,kaggle_participant,1,48000,0.39997916666666666
Kaggle,kaggle_X_X_115.wav,kaggle_participant,1,48000,0.4
Kaggle,kaggle_X_X_116.wav,kaggle_participant,1,48000,0.4
Kaggle,kaggle_X_X_117.wav,kaggle_participant,1,48000,0.4
Kaggle,kaggle_X_X_118.wav,kaggle_participant,1,48000,0.4
Kaggle,kaggle_X_X_119.wav,kaggle_participant,1,48000,0.4
Kaggle,kaggle_X_X_12.wav,kaggle_participant,1,48000,0.4
Kaggle,kaggle_X_X_120.wav,kaggle_participant,1,48000,0.4
Kaggle,kaggle_X_X_121.wav,kaggle_participant,1,48000,0.4
Kaggle,kaggle_X_X_122.wav,kaggle_participant,1,48000,0.4
Kaggle,kaggle_X_X_123.wav,kaggle_participant,1,48000,0.4
Kaggle,kaggle_X_X_124.wav,kaggle_participant,1,48000,0.4
Kaggle,kaggle_X_X_125.wav,kaggle_participant,1,48000,0.4
Kaggle,kaggle_X_X_126.wav,kaggle_participant,1,48000,0.4
Kaggle,kaggle_X_X_127.wav,kaggle_participant,1,48000,0.4
Kaggle,kaggle_X_X_128.wav,kaggle_participant,1,48000,0.4
Kaggle,kaggle_X_X_129.wav,kaggle_participant,1,48000,0.4
Kaggle,kaggle_X_X_13.wav,kaggle_participant,1,48000,0.4
Kaggle,kaggle_X_X_130.wav,kaggle_participant,1,48000,0.4
Kaggle,kaggle_X_X_131.wav,kaggle_participant,1,48000,0.4
Kaggle,kaggle_X_X_132.wav,kaggle_participant,1,48000,0.4
Kaggle,kaggle_X_X_133.wav,kaggle_participant,1,48000,0.4
Kaggle,kaggle_X_X_134.wav,kaggle_participant,1,48000,0.4
Kaggle,kaggle_X_X_135.wav,kaggle_participant,1,48000,0.4
Kaggle,kaggle_X_X_136.wav,kaggle_participant,1,48000,0.4
Kaggle,kaggle_X_X_137.wav,kaggle_participant,1,48000,0.4
Kaggle,kaggle_X_X_138.wav,kaggle_participant,1,48000,0.4
Kaggle,kaggle_X_X_139.wav,kaggle_participant,1,48000,0.4
Kaggle,kaggle_X_X_14.wav,kaggle_participant,1,48000,0.4
Kaggle,kaggle_X_X_140.wav,kaggle_participant,1,48000,0.4
Kaggle,kaggle_X_X_141.wav,kaggle_participant,1,48000,0.4
Kaggle,kaggle_X_X_142.wav,kaggle_participant,1,48000,0.4
Kaggle,kaggle_X_X_143.wav,kaggle_participant,1,48000,0.4
Kaggle,kaggle_X_X_144.wav,kaggle_participant,1,48000,0.4
Kaggle,kaggle_X_X_145.wav,kaggle_participant,1,48000,0.4
Kaggle,kaggle_X_X_146.wav,kaggle_participant,1,48000,0.4
Kaggle,kaggle_X_X_147.wav,kaggle_participant,1,48000,0.4
Kaggle,kaggle_X_X_148.wav,kaggle_participant,1,48000,0.4
Kaggle,kaggle_X_X_149.wav,kaggle_participant,1,48000,0.4
Kaggle,kaggle_X_X_15.wav,kaggle_participant,1,48000,0.4
Kaggle,kaggle_X_X_150.wav,kaggle_participant,1,48000,0.4
Kaggle,kaggle_X_X_151.wav,kaggle_participant,1,48000,0.4
Kaggle,kaggle_X_X_152.wav,kaggle_participant,1,48000,0.4
Kaggle,kaggle_X_X_153.wav,kaggle_participant,1,48000,0.4
Kaggle,kaggle_X_X_154.wav,kaggle_participant,1,48000,0.4
Kaggle,kaggle_X_X_155.wav,kaggle_participant,1,48000,0.4
Kaggle,kaggle_X_X_156.wav,kaggle_participant,1,48000,0.4
Kaggle,kaggle_X_X_157.wav,kaggle_participant,1,48000,0.4
Kaggle,kaggle_X_X_158.wav,kaggle_participant,1,48000,0.4
Kaggle,kaggle_X_X_159.wav,kaggle_participant,1,48000,0.4
Kaggle,kaggle_X_X_16.wav,kaggle_participant,1,48000,0.4
Kaggle,kaggle_X_X_160.wav,kaggle_participant,1,48000,0.4
Kaggle,kaggle_X_X_161.wav,kaggle_participant,1,48000,0.4
Kaggle,kaggle_X_X_162.wav,kaggle_participant,1,48000,0.4
Kaggle,kaggle_X_X_163.wav,kaggle_participant,1,48000,0.4
Kaggle,kaggle_X_X_164.wav,kaggle_participant,1,48000,0.4
Kaggle,kaggle_X_X_165.wav,kaggle_participant,1,48000,0.4
Kaggle,kaggle_X_X_166.wav,kaggle_participant,1,48000,0.4
Kaggle,kaggle_X_X_167.wav,kaggle_participant,1,48000,0.4
Kaggle,kaggle_X_X_168.wav,kaggle_participant,1,48000,0.4
Kaggle,kaggle_X_X_169.wav,kaggle_participant,1,48000,0.4
Kaggle,kaggle_X_X_17.wav,kaggle_participant,1,48000,0.4000208333333333
Kaggle,kaggle_X_X_170.wav,kaggle_participant,1,48000,0.4
Kaggle,kaggle_X_X_171.wav,kaggle_participant,1,48000,0.4
Kaggle,kaggle_X_X_172.wav,kaggle_participant,1,48000,0.4
Kaggle,kaggle_X_X_173.wav,kaggle_participant,1,48000,0.4
Kaggle,kaggle_X_X_174.wav,kaggle_participant,1,48000,0.4
Kaggle,kaggle_X_X_175.wav,kaggle_participant,1,48000,0.4
Kaggle,kaggle_X_X_176.wav,kaggle_participant,1,48000,0.4
Kaggle,kaggle_X_X_177.wav,kaggle_participant,1,48000,0.4
Kaggle,kaggle_X_X_178.wav,kaggle_participant,1,48000,0.4
Kaggle,kaggle_X_X_179.wav,kaggle_participant,1,48000,0.4
Kaggle,kaggle_X_X_18.wav,kaggle_participant,1,48000,0.4
Kaggle,kaggle_X_X_180.wav,kaggle_participant,1,48000,0.4
Kaggle,kaggle_X_X_181.wav,kaggle_participant,1,48000,0.4
Kaggle,kaggle_X_X_182.wav,kaggle_participant,1,48000,0.4
Kaggle,kaggle_X_X_183.wav,kaggle_participant,1,48000,0.4
Kaggle,kaggle_X_X_184.wav,kaggle_participant,1,48000,0.4
Kaggle,kaggle_X_X_185.wav,kaggle_participant,1,48000,0.4
Kaggle,kaggle_X_X_186.wav,kaggle_participant,1,48000,0.4
Kaggle,kaggle_X_X_187.wav,kaggle_participant,1,48000,0.4
Kaggle,kaggle_X_X_188.wav,kaggle_participant,1,48000,0.4
Kaggle,kaggle_X_X_189.wav,kaggle_participant,1,48000,0.4
Kaggle,kaggle_X_X_19.wav,kaggle_participant,1,48000,0.4000208333333333
Kaggle,kaggle_X_X_190.wav,kaggle_participant,1,48000,0.4
Kaggle,kaggle_X_X_191.wav,kaggle_participant,1,48000,0.4
Kaggle,kaggle_X_X_192.wav,kaggle_participant,1,48000,0.4
Kaggle,kaggle_X_X_193.wav,kaggle_participant,1,48000,0.4
Kaggle,kaggle_X_X_194.wav,kaggle_participant,1,48000,0.4
Kaggle,kaggle_X_X_195.wav,kaggle_participant,1,48000,0.4
Kaggle,kaggle_X_X_196.wav,kaggle_participant,1,48000,0.4
Kaggle,kaggle_X_X_197.wav,kaggle_participant,1,48000,0.4
Kaggle,kaggle_X_X_198.wav,kaggle_participant,1,48000,0.4
Kaggle,kaggle_X_X_199.wav,kaggle_participant,1,48000,0.4
Kaggle,kaggle_X_X_2.wav,kaggle_participant,1,48000,0.4
Kaggle,kaggle_X_X_20.wav,kaggle_participant,1,48000,0.4000208333333333
Kaggle,kaggle_X_X_200.wav,kaggle_participant,1,48000,0.4
Kaggle,kaggle_X_X_201.wav,kaggle_participant,1,48000,0.4
Kaggle,kaggle_X_X_202.wav,kaggle_participant,1,48000,0.4
Kaggle,kaggle_X_X_203.wav,kaggle_participant,1,48000,0.4
Kaggle,kaggle_X_X_204.wav,kaggle_participant,1,48000,0.4
Kaggle,kaggle_X_X_205.wav,kaggle_participant,1,48000,0.4
Kaggle,kaggle_X_X_206.wav,kaggle_participant,1,48000,0.4
Kaggle,kaggle_X_X_207.wav,kaggle_participant,1,48000,0.4
Kaggle,kaggle_X_X_208.wav,kaggle_participant,1,48000,0.4
Kaggle,kaggle_X_X_209.wav,kaggle_participant,1,48000,0.4
Kaggle,kaggle_X_X_21.wav,kaggle_participant,1,48000,0.4000208333333333
Kaggle,kaggle_X_X_210.wav,kaggle_participant,1,48000,0.4
Kaggle,kaggle_X_X_211.wav,kaggle_participant,1,48000,0.4
Kaggle,kaggle_X_X_212.wav,kaggle_participant,1,48000,0.4
Kaggle,kaggle_X_X_213.wav,kaggle_participant,1,48000,0.4
Kaggle,kaggle_X_X_214.wav,kaggle_participant,1,48000,0.4
Kaggle,kaggle_X_X_215.wav,kaggle_participant,1,48000,0.4
Kaggle,kaggle_X_X_216.wav,kaggle_participant,1,48000,0.4
Kaggle,kaggle_X_X_217.wav,kaggle_participant,1,48000,0.4
Kaggle,kaggle_X_X_218.wav,kaggle_participant,1,48000,0.4
Kaggle,kaggle_X_X_219.wav,kaggle_participant,1,48000,0.4
Kaggle,kaggle_X_X_22.wav,kaggle_participant,1,48000,0.4
Kaggle,kaggle_X_X_220.wav,kaggle_participant,1,48000,0.4
Kaggle,kaggle_X_X_221.wav,kaggle_participant,1,48000,0.4
Kaggle,kaggle_X_X_222.wav,kaggle_participant,1,48000,0.4
Kaggle,kaggle_X_X_223.wav,kaggle_participant,1,48000,0.4
Kaggle,kaggle_X_X_224.wav,kaggle_participant,1,48000,0.4
Kaggle,kaggle_X_X_225.wav,kaggle_participant,1,48000,0.4
Kaggle,kaggle_X_X_226.wav,kaggle_participant,1,48000,0.4
Kaggle,kaggle_X_X_227.wav,kaggle_participant,1,48000,0.4
Kaggle,kaggle_X_X_228.wav,kaggle_participant,1,48000,0.4
Kaggle,kaggle_X_X_229.wav,kaggle_participant,1,48000,0.4
Kaggle,kaggle_X_X_23.wav,kaggle_participant,1,48000,0.4
Kaggle,kaggle_X_X_230.wav,kaggle_participant,1,48000,0.4
Kaggle,kaggle_X_X_231.wav,kaggle_participant,1,48000,0.4
Kaggle,kaggle_X_X_232.wav,kaggle_participant,1,48000,0.4
Kaggle,kaggle_X_X_233.wav,kaggle_participant,1,48000,0.4
Kaggle,kaggle_X_X_234.wav,kaggle_participant,1,48000,0.4
Kaggle,kaggle_X_X_235.wav,kaggle_participant,1,48000,0.4
Kaggle,kaggle_X_X_236.wav,kaggle_participant,1,48000,0.4
Kaggle,kaggle_X_X_237.wav,kaggle_participant,1,48000,0.4
Kaggle,kaggle_X_X_238.wav,kaggle_participant,1,48000,0.4
Kaggle,kaggle_X_X_239.wav,kaggle_participant,1,48000,0.4
Kaggle,kaggle_X_X_24.wav,kaggle_participant,1,48000,0.4000208333333333
Kaggle,kaggle_X_X_240.wav,kaggle_participant,1,48000,0.4
Kaggle,kaggle_X_X_241.wav,kaggle_participant,1,48000,0.4
Kaggle,kaggle_X_X_242.wav,kaggle_participant,1,48000,0.4
Kaggle,kaggle_X_X_243.wav,kaggle_participant,1,48000,0.4
Kaggle,kaggle_X_X_244.wav,kaggle_participant,1,48000,0.4
Kaggle,kaggle_X_X_245.wav,kaggle_participant,1,48000,0.4
Kaggle,kaggle_X_X_246.wav,kaggle_participant,1,48000,0.4
Kaggle,kaggle_X_X_247.wav,kaggle_participant,1,48000,0.4
Kaggle,kaggle_X_X_248.wav,kaggle_participant,1,48000,0.4
Kaggle,kaggle_X_X_249.wav,kaggle_participant,1,48000,0.4
Kaggle,kaggle_X_X_25.wav,kaggle_participant,1,48000,0.4
Kaggle,kaggle_X_X_250.wav,kaggle_participant,1,48000,0.4
Kaggle,kaggle_X_X_251.wav,kaggle_participant,1,48000,0.4
Kaggle,kaggle_X_X_252.wav,kaggle_participant,1,48000,0.4
Kaggle,kaggle_X_X_253.wav,kaggle_participant,1,48000,0.4
Kaggle,kaggle_X_X_254.wav,kaggle_participant,1,48000,0.4
Kaggle,kaggle_X_X_255.wav,kaggle_participant,1,48000,0.4
Kaggle,kaggle_X_X_256.wav,kaggle_participant,1,48000,0.4
Kaggle,kaggle_X_X_257.wav,kaggle_participant,1,48000,0.4
Kaggle,kaggle_X_X_258.wav,kaggle_participant,1,48000,0.4
Kaggle,kaggle_X_X_259.wav,kaggle_participant,1,48000,0.4
Kaggle,kaggle_X_X_26.wav,kaggle_participant,1,48000,0.4
Kaggle,kaggle_X_X_260.wav,kaggle_participant,1,48000,0.4
Kaggle,kaggle_X_X_261.wav,kaggle_participant,1,48000,0.4
Kaggle,kaggle_X_X_262.wav,kaggle_participant,1,48000,0.4000208333333333
Kaggle,kaggle_X_X_263.wav,kaggle_participant,1,48000,0.4
Kaggle,kaggle_X_X_264.wav,kaggle_participant,1,48000,0.4000208333333333
Kaggle,kaggle_X_X_265.wav,kaggle_participant,1,48000,0.4000208333333333
Kaggle,kaggle_X_X_266.wav,kaggle_participant,1,48000,0.4000208333333333
Kaggle,kaggle_X_X_267.wav,kaggle_participant,1,48000,0.4000208333333333
Kaggle,kaggle_X_X_268.wav,kaggle_participant,1,48000,0.4
Kaggle,kaggle_X_X_269.wav,kaggle_participant,1,48000,0.4000208333333333
Kaggle,kaggle_X_X_27.wav,kaggle_participant,1,48000,0.4
Kaggle,kaggle_X_X_270.wav,kaggle_participant,1,48000,0.4
Kaggle,kaggle_X_X_271.wav,kaggle_participant,1,48000,0.4000208333333333
Kaggle,kaggle_X_X_272.wav,kaggle_participant,1,48000,0.4
Kaggle,kaggle_X_X_273.wav,kaggle_participant,1,48000,0.4
Kaggle,kaggle_X_X_274.wav,kaggle_participant,1,48000,0.4000208333333333
Kaggle,kaggle_X_X_275.wav,kaggle_participant,1,48000,0.4
Kaggle,kaggle_X_X_276.wav,kaggle_participant,1,48000,0.4000208333333333
Kaggle,kaggle_X_X_277.wav,kaggle_participant,1,48000,0.4000208333333333
Kaggle,kaggle_X_X_278.wav,kaggle_participant,1,48000,0.4000208333333333
Kaggle,kaggle_X_X_279.wav,kaggle_participant,1,48000,0.4
Kaggle,kaggle_X_X_28.wav,kaggle_participant,1,48000,0.4
Kaggle,kaggle_X_X_280.wav,kaggle_participant,1,48000,0.4
Kaggle,kaggle_X_X_281.wav,kaggle_participant,1,48000,0.4
Kaggle,kaggle_X_X_282.wav,kaggle_participant,1,48000,0.4
Kaggle,kaggle_X_X_283.wav,kaggle_participant,1,48000,0.4000208333333333
Kaggle,kaggle_X_X_284.wav,kaggle_participant,1,48000,0.4000208333333333
Kaggle,kaggle_X_X_285.wav,kaggle_participant,1,48000,0.4000208333333333
Kaggle,kaggle_X_X_286.wav,kaggle_participant,1,48000,0.4000208333333333
Kaggle,kaggle_X_X_287.wav,kaggle_participant,1,48000,0.4000208333333333
Kaggle,kaggle_X_X_288.wav,kaggle_participant,1,48000,0.4000208333333333
Kaggle,kaggle_X_X_289.wav,kaggle_participant,1,48000,0.4000208333333333
Kaggle,kaggle_X_X_29.wav,kaggle_participant,1,48000,0.4
Kaggle,kaggle_X_X_290.wav,kaggle_participant,1,48000,0.4000208333333333
Kaggle,kaggle_X_X_291.wav,kaggle_participant,1,48000,0.4000208333333333
Kaggle,kaggle_X_X_292.wav,kaggle_participant,1,48000,0.4000208333333333
Kaggle,kaggle_X_X_293.wav,kaggle_participant,1,48000,0.4000208333333333
Kaggle,kaggle_X_X_294.wav,kaggle_participant,1,48000,0.4
Kaggle,kaggle_X_X_295.wav,kaggle_participant,1,48000,0.4000208333333333
Kaggle,kaggle_X_X_296.wav,kaggle_participant,1,48000,0.4
Kaggle,kaggle_X_X_297.wav,kaggle_participant,1,48000,0.4
Kaggle,kaggle_X_X_298.wav,kaggle_participant,1,48000,0.4000208333333333
Kaggle,kaggle_X_X_299.wav,kaggle_participant,1,48000,0.4
Kaggle,kaggle_X_X_3.wav,kaggle_participant,1,48000,0.4
Kaggle,kaggle_X_X_30.wav,kaggle_participant,1,48000,0.4
Kaggle,kaggle_X_X_300.wav,kaggle_participant,1,48000,0.4000208333333333
Kaggle,kaggle_X_X_301.wav,kaggle_participant,1,48000,0.4
Kaggle,kaggle_X_X_302.wav,kaggle_participant,1,48000,0.4000208333333333
Kaggle,kaggle_X_X_303.wav,kaggle_participant,1,48000,0.4
Kaggle,kaggle_X_X_304.wav,kaggle_participant,1,48000,0.4000208333333333
Kaggle,kaggle_X_X_305.wav,kaggle_participant,1,48000,0.4000208333333333
Kaggle,kaggle_X_X_306.wav,kaggle_participant,1,48000,0.4
Kaggle,kaggle_X_X_307.wav,kaggle_participant,1,48000,0.4
Kaggle,kaggle_X_X_308.wav,kaggle_participant,1,48000,0.4000208333333333
Kaggle,kaggle_X_X_31.wav,kaggle_participant,1,48000,0.4
Kaggle,kaggle_X_X_32.wav,kaggle_participant,1,48000,0.4
Kaggle,kaggle_X_X_33.wav,kaggle_participant,1,48000,0.4
Kaggle,kaggle_X_X_34.wav,kaggle_participant,1,48000,0.4
Kaggle,kaggle_X_X_35.wav,kaggle_participant,1,48000,0.4
Kaggle,kaggle_X_X_36.wav,kaggle_participant,1,48000,0.4
Kaggle,kaggle_X_X_37.wav,kaggle_participant,1,48000,0.39997916666666666
Kaggle,kaggle_X_X_38.wav,kaggle_participant,1,48000,0.4
Kaggle,kaggle_X_X_39.wav,kaggle_participant,1,48000,0.39997916666666666
Kaggle,kaggle_X_X_4.wav,kaggle_participant,1,48000,0.4
Kaggle,kaggle_X_X_40.wav,kaggle_participant,1,48000,0.4
Kaggle,kaggle_X_X_41.wav,kaggle_participant,1,48000,0.4
Kaggle,kaggle_X_X_42.wav,kaggle_participant,1,48000,0.4
Kaggle,kaggle_X_X_43.wav,kaggle_participant,1,48000,0.39997916666666666
Kaggle,kaggle_X_X_44.wav,kaggle_participant,1,48000,0.4
Kaggle,kaggle_X_X_45.wav,kaggle_participant,1,48000,0.4
Kaggle,kaggle_X_X_46.wav,kaggle_participant,1,48000,0.4
Kaggle,kaggle_X_X_47.wav,kaggle_participant,1,48000,0.4
Kaggle,kaggle_X_X_48.wav,kaggle_participant,1,48000,0.4
Kaggle,kaggle_X_X_49.wav,kaggle_participant,1,48000,0.4
Kaggle,kaggle_X_X_5.wav,kaggle_participant,1,48000,0.4
Kaggle,kaggle_X_X_50.wav,kaggle_participant,1,48000,0.4
Kaggle,kaggle_X_X_51.wav,kaggle_participant,1,48000,0.4
Kaggle,kaggle_X_X_52.wav,kaggle_participant,1,48000,0.39997916666666666
Kaggle,kaggle_X_X_53.wav,kaggle_participant,1,48000,0.4
Kaggle,kaggle_X_X_54.wav,kaggle_participant,1,48000,0.39997916666666666
Kaggle,kaggle_X_X_55.wav,kaggle_participant,1,48000,0.4
Kaggle,kaggle_X_X_56.wav,kaggle_participant,1,48000,0.4
Kaggle,kaggle_X_X_57.wav,kaggle_participant,1,48000,0.4
Kaggle,kaggle_X_X_58.wav,kaggle_participant,1,48000,0.4
Kaggle,kaggle_X_X_59.wav,kaggle_participant,1,48000,0.4
Kaggle,kaggle_X_X_6.wav,kaggle_participant,1,48000,0.4
Kaggle,kaggle_X_X_60.wav,kaggle_participant,1,48000,0.4
Kaggle,kaggle_X_X_61.wav,kaggle_participant,1,48000,0.4
Kaggle,kaggle_X_X_62.wav,kaggle_participant,1,48000,0.4
Kaggle,kaggle_X_X_63.wav,kaggle_participant,1,48000,0.4
Kaggle,kaggle_X_X_64.wav,kaggle_participant,1,48000,0.4
Kaggle,kaggle_X_X_65.wav,kaggle_participant,1,48000,0.4
Kaggle,kaggle_X_X_66.wav,kaggle_participant,1,48000,0.39997916666666666
Kaggle,kaggle_X_X_67.wav,kaggle_participant,1,48000,0.4
Kaggle,kaggle_X_X_68.wav,kaggle_participant,1,48000,0.4
Kaggle,kaggle_X_X_69.wav,kaggle_participant,1,48000,0.4
Kaggle,kaggle_X_X_7.wav,kaggle_participant,1,48000,0.4
Kaggle,kaggle_X_X_70.wav,kaggle_participant,1,48000,0.4
Kaggle,kaggle_X_X_71.wav,kaggle_participant,1,48000,0.39997916666666666
Kaggle,kaggle_X_X_72.wav,kaggle_participant,1,48000,0.4
Kaggle,kaggle_X_X_73.wav,kaggle_participant,1,48000,0.4
Kaggle,kaggle_X_X_74.wav,kaggle_participant,1,48000,0.4
Kaggle,kaggle_X_X_75.wav,kaggle_participant,1,48000,0.4
Kaggle,kaggle_X_X_76.wav,kaggle_participant,1,48000,0.4
Kaggle,kaggle_X_X_77.wav,kaggle_participant,1,48000,0.39997916666666666
Kaggle,kaggle_X_X_78.wav,kaggle_participant,1,48000,0.39997916666666666
Kaggle,kaggle_X_X_79.wav,kaggle_participant,1,48000,0.4
Kaggle,kaggle_X_X_8.wav,kaggle_participant,1,48000,0.4
Kaggle,kaggle_X_X_80.wav,kaggle_participant,1,48000,0.4
Kaggle,kaggle_X_X_81.wav,kaggle_participant,1,48000,0.39997916666666666
Kaggle,kaggle_X_X_82.wav,kaggle_participant,1,48000,0.4
Kaggle,kaggle_X_X_83.wav,kaggle_participant,1,48000,0.4
Kaggle,kaggle_X_X_84.wav,kaggle_participant,1,48000,0.39997916666666666
Kaggle,kaggle_X_X_85.wav,kaggle_participant,1,48000,0.4
Kaggle,kaggle_X_X_86.wav,kaggle_participant,1,48000,0.4
Kaggle,kaggle_X_X_87.wav,kaggle_participant,1,48000,0.39997916666666666
Kaggle,kaggle_X_X_88.wav,kaggle_participant,1,48000,0.4
Kaggle,kaggle_X_X_89.wav,kaggle_participant,1,48000,0.4
Kaggle,kaggle_X_X_9.wav,kaggle_participant,1,48000,0.4
Kaggle,kaggle_X_X_90.wav,kaggle_participant,1,48000,0.4
Kaggle,kaggle_X_X_91.wav,kaggle_participant,1,48000,0.4
Kaggle,kaggle_X_X_92.wav,kaggle_participant,1,48000,0.39997916666666666
Kaggle,kaggle_X_X_93.wav,kaggle_participant,1,48000,0.4
Kaggle,kaggle_X_X_94.wav,kaggle_participant,1,48000,0.4
Kaggle,kaggle_X_X_95.wav,kaggle_participant,1,48000,0.4
Kaggle,kaggle_X_X_96.wav,kaggle_participant,1,48000,0.4
Kaggle,kaggle_X_X_97.wav,kaggle_participant,1,48000,0.4
Kaggle,kaggle_X_X_98.wav,kaggle_participant,1,48000,0.4
Kaggle,kaggle_X_X_99.wav,kaggle_participant,1,48000,0.4
Kaggle,kaggle_Y_Y_1.wav,kaggle_participant,1,48000,0.4
Kaggle,kaggle_Y_Y_10.wav,kaggle_participant,1,48000,0.4
Kaggle,kaggle_Y_Y_100.wav,kaggle_participant,1,48000,0.4
Kaggle,kaggle_Y_Y_101.wav,kaggle_participant,1,48000,0.4
Kaggle,kaggle_Y_Y_102.wav,kaggle_participant,1,48000,0.4
Kaggle,kaggle_Y_Y_103.wav,kaggle_participant,1,48000,0.4
Kaggle,kaggle_Y_Y_104.wav,kaggle_participant,1,48000,0.4
Kaggle,kaggle_Y_Y_105.wav,kaggle_participant,1,48000,0.4
Kaggle,kaggle_Y_Y_106.wav,kaggle_participant,1,48000,0.4
Kaggle,kaggle_Y_Y_107.wav,kaggle_participant,1,48000,0.4
Kaggle,kaggle_Y_Y_108.wav,kaggle_participant,1,48000,0.4
Kaggle,kaggle_Y_Y_109.wav,kaggle_participant,1,48000,0.4
Kaggle,kaggle_Y_Y_11.wav,kaggle_participant,1,48000,0.4
Kaggle,kaggle_Y_Y_110.wav,kaggle_participant,1,48000,0.4
Kaggle,kaggle_Y_Y_111.wav,kaggle_participant,1,48000,0.4
Kaggle,kaggle_Y_Y_112.wav,kaggle_participant,1,48000,0.4
Kaggle,kaggle_Y_Y_113.wav,kaggle_participant,1,48000,0.4
Kaggle,kaggle_Y_Y_114.wav,kaggle_participant,1,48000,0.4
Kaggle,kaggle_Y_Y_115.wav,kaggle_participant,1,48000,0.4
Kaggle,kaggle_Y_Y_116.wav,kaggle_participant,1,48000,0.4
Kaggle,kaggle_Y_Y_117.wav,kaggle_participant,1,48000,0.4
Kaggle,kaggle_Y_Y_118.wav,kaggle_participant,1,48000,0.4
Kaggle,kaggle_Y_Y_119.wav,kaggle_participant,1,48000,0.4
Kaggle,kaggle_Y_Y_12.wav,kaggle_participant,1,48000,0.4
Kaggle,kaggle_Y_Y_120.wav,kaggle_participant,1,48000,0.39997916666666666
Kaggle,kaggle_Y_Y_121.wav,kaggle_participant,1,48000,0.4
Kaggle,kaggle_Y_Y_122.wav,kaggle_participant,1,48000,0.4
Kaggle,kaggle_Y_Y_123.wav,kaggle_participant,1,48000,0.4
Kaggle,kaggle_Y_Y_124.wav,kaggle_participant,1,48000,0.4
Kaggle,kaggle_Y_Y_125.wav,kaggle_participant,1,48000,0.4
Kaggle,kaggle_Y_Y_126.wav,kaggle_participant,1,48000,0.4
Kaggle,kaggle_Y_Y_127.wav,kaggle_participant,1,48000,0.4
Kaggle,kaggle_Y_Y_128.wav,kaggle_participant,1,48000,0.4
Kaggle,kaggle_Y_Y_129.wav,kaggle_participant,1,48000,0.4
Kaggle,kaggle_Y_Y_13.wav,kaggle_participant,1,48000,0.4
Kaggle,kaggle_Y_Y_130.wav,kaggle_participant,1,48000,0.4
Kaggle,kaggle_Y_Y_131.wav,kaggle_participant,1,48000,0.4
Kaggle,kaggle_Y_Y_132.wav,kaggle_participant,1,48000,0.4
Kaggle,kaggle_Y_Y_133.wav,kaggle_participant,1,48000,0.4
Kaggle,kaggle_Y_Y_134.wav,kaggle_participant,1,48000,0.4
Kaggle,kaggle_Y_Y_135.wav,kaggle_participant,1,48000,0.4
Kaggle,kaggle_Y_Y_136.wav,kaggle_participant,1,48000,0.4
Kaggle,kaggle_Y_Y_137.wav,kaggle_participant,1,48000,0.4
Kaggle,kaggle_Y_Y_138.wav,kaggle_participant,1,48000,0.4
Kaggle,kaggle_Y_Y_139.wav,kaggle_participant,1,48000,0.4
Kaggle,kaggle_Y_Y_14.wav,kaggle_participant,1,48000,0.4
Kaggle,kaggle_Y_Y_140.wav,kaggle_participant,1,48000,0.4
Kaggle,kaggle_Y_Y_141.wav,kaggle_participant,1,48000,0.4
Kaggle,kaggle_Y_Y_142.wav,kaggle_participant,1,48000,0.4
Kaggle,kaggle_Y_Y_143.wav,kaggle_participant,1,48000,0.4
Kaggle,kaggle_Y_Y_144.wav,kaggle_participant,1,48000,0.4
Kaggle,kaggle_Y_Y_145.wav,kaggle_participant,1,48000,0.4
Kaggle,kaggle_Y_Y_146.wav,kaggle_participant,1,48000,0.4
Kaggle,kaggle_Y_Y_147.wav,kaggle_participant,1,48000,0.4
Kaggle,kaggle_Y_Y_148.wav,kaggle_participant,1,48000,0.4
Kaggle,kaggle_Y_Y_149.wav,kaggle_participant,1,48000,0.4
Kaggle,kaggle_Y_Y_15.wav,kaggle_participant,1,48000,0.4
Kaggle,kaggle_Y_Y_150.wav,kaggle_participant,1,48000,0.4
Kaggle,kaggle_Y_Y_151.wav,kaggle_participant,1,48000,0.4
Kaggle,kaggle_Y_Y_152.wav,kaggle_participant,1,48000,0.4
Kaggle,kaggle_Y_Y_153.wav,kaggle_participant,1,48000,0.4
Kaggle,kaggle_Y_Y_154.wav,kaggle_participant,1,48000,0.4
Kaggle,kaggle_Y_Y_155.wav,kaggle_participant,1,48000,0.4
Kaggle,kaggle_Y_Y_156.wav,kaggle_participant,1,48000,0.4
Kaggle,kaggle_Y_Y_157.wav,kaggle_participant,1,48000,0.4
Kaggle,kaggle_Y_Y_158.wav,kaggle_participant,1,48000,0.4
Kaggle,kaggle_Y_Y_159.wav,kaggle_participant,1,48000,0.4
Kaggle,kaggle_Y_Y_16.wav,kaggle_participant,1,48000,0.4
Kaggle,kaggle_Y_Y_160.wav,kaggle_participant,1,48000,0.4
Kaggle,kaggle_Y_Y_161.wav,kaggle_participant,1,48000,0.4
Kaggle,kaggle_Y_Y_162.wav,kaggle_participant,1,48000,0.4
Kaggle,kaggle_Y_Y_163.wav,kaggle_participant,1,48000,0.4
Kaggle,kaggle_Y_Y_164.wav,kaggle_participant,1,48000,0.4
Kaggle,kaggle_Y_Y_165.wav,kaggle_participant,1,48000,0.4
Kaggle,kaggle_Y_Y_166.wav,kaggle_participant,1,48000,0.4
Kaggle,kaggle_Y_Y_167.wav,kaggle_participant,1,48000,0.4
Kaggle,kaggle_Y_Y_168.wav,kaggle_participant,1,48000,0.4
Kaggle,kaggle_Y_Y_169.wav,kaggle_participant,1,48000,0.4
Kaggle,kaggle_Y_Y_17.wav,kaggle_participant,1,48000,0.4
Kaggle,kaggle_Y_Y_170.wav,kaggle_participant,1,48000,0.4
Kaggle,kaggle_Y_Y_171.wav,kaggle_participant,1,48000,0.4
Kaggle,kaggle_Y_Y_172.wav,kaggle_participant,1,48000,0.4
Kaggle,kaggle_Y_Y_173.wav,kaggle_participant,1,48000,0.4
Kaggle,kaggle_Y_Y_174.wav,kaggle_participant,1,48000,0.4
Kaggle,kaggle_Y_Y_175.wav,kaggle_participant,1,48000,0.4
Kaggle,kaggle_Y_Y_176.wav,kaggle_participant,1,48000,0.4
Kaggle,kaggle_Y_Y_177.wav,kaggle_participant,1,48000,0.4
Kaggle,kaggle_Y_Y_178.wav,kaggle_participant,1,48000,0.4
Kaggle,kaggle_Y_Y_179.wav,kaggle_participant,1,48000,0.4
Kaggle,kaggle_Y_Y_18.wav,kaggle_participant,1,48000,0.4000208333333333
Kaggle,kaggle_Y_Y_180.wav,kaggle_participant,1,48000,0.4
Kaggle,kaggle_Y_Y_181.wav,kaggle_participant,1,48000,0.4
Kaggle,kaggle_Y_Y_182.wav,kaggle_participant,1,48000,0.4
Kaggle,kaggle_Y_Y_183.wav,kaggle_participant,1,48000,0.4
Kaggle,kaggle_Y_Y_184.wav,kaggle_participant,1,48000,0.4
Kaggle,kaggle_Y_Y_185.wav,kaggle_participant,1,48000,0.4
Kaggle,kaggle_Y_Y_186.wav,kaggle_participant,1,48000,0.4
Kaggle,kaggle_Y_Y_187.wav,kaggle_participant,1,48000,0.4
Kaggle,kaggle_Y_Y_188.wav,kaggle_participant,1,48000,0.4
Kaggle,kaggle_Y_Y_189.wav,kaggle_participant,1,48000,0.4
Kaggle,kaggle_Y_Y_19.wav,kaggle_participant,1,48000,0.4000208333333333
Kaggle,kaggle_Y_Y_190.wav,kaggle_participant,1,48000,0.4
Kaggle,kaggle_Y_Y_191.wav,kaggle_participant,1,48000,0.4
Kaggle,kaggle_Y_Y_192.wav,kaggle_participant,1,48000,0.4
Kaggle,kaggle_Y_Y_193.wav,kaggle_participant,1,48000,0.4
Kaggle,kaggle_Y_Y_194.wav,kaggle_participant,1,48000,0.4
Kaggle,kaggle_Y_Y_195.wav,kaggle_participant,1,48000,0.4
Kaggle,kaggle_Y_Y_196.wav,kaggle_participant,1,48000,0.4
Kaggle,kaggle_Y_Y_197.wav,kaggle_participant,1,48000,0.4
Kaggle,kaggle_Y_Y_198.wav,kaggle_participant,1,48000,0.4
Kaggle,kaggle_Y_Y_199.wav,kaggle_participant,1,48000,0.4
Kaggle,kaggle_Y_Y_2.wav,kaggle_participant,1,48000,0.4
Kaggle,kaggle_Y_Y_20.wav,kaggle_participant,1,48000,0.4000208333333333
Kaggle,kaggle_Y_Y_200.wav,kaggle_participant,1,48000,0.4
Kaggle,kaggle_Y_Y_201.wav,kaggle_participant,1,48000,0.4
Kaggle,kaggle_Y_Y_202.wav,kaggle_participant,1,48000,0.4
Kaggle,kaggle_Y_Y_203.wav,kaggle_participant,1,48000,0.4
Kaggle,kaggle_Y_Y_204.wav,kaggle_participant,1,48000,0.4
Kaggle,kaggle_Y_Y_205.wav,kaggle_participant,1,48000,0.4
Kaggle,kaggle_Y_Y_206.wav,kaggle_participant,1,48000,0.4
Kaggle,kaggle_Y_Y_207.wav,kaggle_participant,1,48000,0.4
Kaggle,kaggle_Y_Y_208.wav,kaggle_participant,1,48000,0.4
Kaggle,kaggle_Y_Y_209.wav,kaggle_participant,1,48000,0.4
Kaggle,kaggle_Y_Y_21.wav,kaggle_participant,1,48000,0.4000208333333333
Kaggle,kaggle_Y_Y_210.wav,kaggle_participant,1,48000,0.4
Kaggle,kaggle_Y_Y_211.wav,kaggle_participant,1,48000,0.4
Kaggle,kaggle_Y_Y_212.wav,kaggle_participant,1,48000,0.4
Kaggle,kaggle_Y_Y_213.wav,kaggle_participant,1,48000,0.4
Kaggle,kaggle_Y_Y_214.wav,kaggle_participant,1,48000,0.4
Kaggle,kaggle_Y_Y_215.wav,kaggle_participant,1,48000,0.4
Kaggle,kaggle_Y_Y_216.wav,kaggle_participant,1,48000,0.4
Kaggle,kaggle_Y_Y_217.wav,kaggle_participant,1,48000,0.4
Kaggle,kaggle_Y_Y_218.wav,kaggle_participant,1,48000,0.4
Kaggle,kaggle_Y_Y_219.wav,kaggle_participant,1,48000,0.4
Kaggle,kaggle_Y_Y_22.wav,kaggle_participant,1,48000,0.4
Kaggle,kaggle_Y_Y_220.wav,kaggle_participant,1,48000,0.4
Kaggle,kaggle_Y_Y_221.wav,kaggle_participant,1,48000,0.4
Kaggle,kaggle_Y_Y_222.wav,kaggle_participant,1,48000,0.4
Kaggle,kaggle_Y_Y_223.wav,kaggle_participant,1,48000,0.4
Kaggle,kaggle_Y_Y_224.wav,kaggle_participant,1,48000,0.4
Kaggle,kaggle_Y_Y_225.wav,kaggle_participant,1,48000,0.4
Kaggle,kaggle_Y_Y_226.wav,kaggle_participant,1,48000,0.4
Kaggle,kaggle_Y_Y_227.wav,kaggle_participant,1,48000,0.4
Kaggle,kaggle_Y_Y_228.wav,kaggle_participant,1,48000,0.4
Kaggle,kaggle_Y_Y_229.wav,kaggle_participant,1,48000,0.4
Kaggle,kaggle_Y_Y_23.wav,kaggle_participant,1,48000,0.4
Kaggle,kaggle_Y_Y_230.wav,kaggle_participant,1,48000,0.4
Kaggle,kaggle_Y_Y_231.wav,kaggle_participant,1,48000,0.4
Kaggle,kaggle_Y_Y_232.wav,kaggle_participant,1,48000,0.4
Kaggle,kaggle_Y_Y_233.wav,kaggle_participant,1,48000,0.4
Kaggle,kaggle_Y_Y_234.wav,kaggle_participant,1,48000,0.4
Kaggle,kaggle_Y_Y_235.wav,kaggle_participant,1,48000,0.4
Kaggle,kaggle_Y_Y_236.wav,kaggle_participant,1,48000,0.4
Kaggle,kaggle_Y_Y_237.wav,kaggle_participant,1,48000,0.4
Kaggle,kaggle_Y_Y_238.wav,kaggle_participant,1,48000,0.4
Kaggle,kaggle_Y_Y_239.wav,kaggle_participant,1,48000,0.4
Kaggle,kaggle_Y_Y_24.wav,kaggle_participant,1,48000,0.4000208333333333
Kaggle,kaggle_Y_Y_240.wav,kaggle_participant,1,48000,0.4
Kaggle,kaggle_Y_Y_241.wav,kaggle_participant,1,48000,0.4
Kaggle,kaggle_Y_Y_242.wav,kaggle_participant,1,48000,0.4
Kaggle,kaggle_Y_Y_243.wav,kaggle_participant,1,48000,0.4
Kaggle,kaggle_Y_Y_244.wav,kaggle_participant,1,48000,0.4
Kaggle,kaggle_Y_Y_245.wav,kaggle_participant,1,48000,0.4
Kaggle,kaggle_Y_Y_246.wav,kaggle_participant,1,48000,0.4
Kaggle,kaggle_Y_Y_247.wav,kaggle_participant,1,48000,0.4
Kaggle,kaggle_Y_Y_248.wav,kaggle_participant,1,48000,0.4
Kaggle,kaggle_Y_Y_249.wav,kaggle_participant,1,48000,0.4
Kaggle,kaggle_Y_Y_25.wav,kaggle_participant,1,48000,0.4
Kaggle,kaggle_Y_Y_250.wav,kaggle_participant,1,48000,0.4
Kaggle,kaggle_Y_Y_251.wav,kaggle_participant,1,48000,0.4
Kaggle,kaggle_Y_Y_252.wav,kaggle_participant,1,48000,0.4
Kaggle,kaggle_Y_Y_253.wav,kaggle_participant,1,48000,0.4
Kaggle,kaggle_Y_Y_254.wav,kaggle_participant,1,48000,0.4
Kaggle,kaggle_Y_Y_255.wav,kaggle_participant,1,48000,0.4
Kaggle,kaggle_Y_Y_256.wav,kaggle_participant,1,48000,0.4
Kaggle,kaggle_Y_Y_257.wav,kaggle_participant,1,48000,0.4
Kaggle,kaggle_Y_Y_258.wav,kaggle_participant,1,48000,0.4
Kaggle,kaggle_Y_Y_259.wav,kaggle_participant,1,48000,0.4
Kaggle,kaggle_Y_Y_26.wav,kaggle_participant,1,48000,0.4
Kaggle,kaggle_Y_Y_260.wav,kaggle_participant,1,48000,0.4
Kaggle,kaggle_Y_Y_261.wav,kaggle_participant,1,48000,0.4
Kaggle,kaggle_Y_Y_262.wav,kaggle_participant,1,48000,0.4
Kaggle,kaggle_Y_Y_263.wav,kaggle_participant,1,48000,0.4
Kaggle,kaggle_Y_Y_264.wav,kaggle_participant,1,48000,0.4
Kaggle,kaggle_Y_Y_265.wav,kaggle_participant,1,48000,0.4
Kaggle,kaggle_Y_Y_266.wav,kaggle_participant,1,48000,0.4
Kaggle,kaggle_Y_Y_267.wav,kaggle_participant,1,48000,0.4
Kaggle,kaggle_Y_Y_268.wav,kaggle_participant,1,48000,0.4
Kaggle,kaggle_Y_Y_269.wav,kaggle_participant,1,48000,0.4
Kaggle,kaggle_Y_Y_27.wav,kaggle_participant,1,48000,0.4
Kaggle,kaggle_Y_Y_270.wav,kaggle_participant,1,48000,0.4
Kaggle,kaggle_Y_Y_271.wav,kaggle_participant,1,48000,0.4
Kaggle,kaggle_Y_Y_272.wav,kaggle_participant,1,48000,0.4
Kaggle,kaggle_Y_Y_273.wav,kaggle_participant,1,48000,0.4
Kaggle,kaggle_Y_Y_274.wav,kaggle_participant,1,48000,0.4
Kaggle,kaggle_Y_Y_275.wav,kaggle_participant,1,48000,0.4
Kaggle,kaggle_Y_Y_276.wav,kaggle_participant,1,48000,0.4
Kaggle,kaggle_Y_Y_277.wav,kaggle_participant,1,48000,0.4
Kaggle,kaggle_Y_Y_278.wav,kaggle_participant,1,48000,0.4
Kaggle,kaggle_Y_Y_279.wav,kaggle_participant,1,48000,0.4
Kaggle,kaggle_Y_Y_28.wav,kaggle_participant,1,48000,0.4
Kaggle,kaggle_Y_Y_280.wav,kaggle_participant,1,48000,0.4
Kaggle,kaggle_Y_Y_281.wav,kaggle_participant,1,48000,0.4
Kaggle,kaggle_Y_Y_282.wav,kaggle_participant,1,48000,0.4
Kaggle,kaggle_Y_Y_283.wav,kaggle_participant,1,48000,0.4
Kaggle,kaggle_Y_Y_284.wav,kaggle_participant,1,48000,0.4
Kaggle,kaggle_Y_Y_285.wav,kaggle_participant,1,48000,0.4
Kaggle,kaggle_Y_Y_286.wav,kaggle_participant,1,48000,0.4
Kaggle,kaggle_Y_Y_287.wav,kaggle_participant,1,48000,0.4
Kaggle,kaggle_Y_Y_288.wav,kaggle_participant,1,48000,0.4
Kaggle,kaggle_Y_Y_289.wav,kaggle_participant,1,48000,0.4
Kaggle,kaggle_Y_Y_29.wav,kaggle_participant,1,48000,0.4
Kaggle,kaggle_Y_Y_290.wav,kaggle_participant,1,48000,0.4
Kaggle,kaggle_Y_Y_291.wav,kaggle_participant,1,48000,0.4
Kaggle,kaggle_Y_Y_292.wav,kaggle_participant,1,48000,0.4
Kaggle,kaggle_Y_Y_293.wav,kaggle_participant,1,48000,0.4
Kaggle,kaggle_Y_Y_294.wav,kaggle_participant,1,48000,0.4
Kaggle,kaggle_Y_Y_295.wav,kaggle_participant,1,48000,0.4
Kaggle,kaggle_Y_Y_296.wav,kaggle_participant,1,48000,0.4
Kaggle,kaggle_Y_Y_297.wav,kaggle_participant,1,48000,0.4000208333333333
Kaggle,kaggle_Y_Y_298.wav,kaggle_participant,1,48000,0.4000208333333333
Kaggle,kaggle_Y_Y_299.wav,kaggle_participant,1,48000,0.4
Kaggle,kaggle_Y_Y_3.wav,kaggle_participant,1,48000,0.4
Kaggle,kaggle_Y_Y_30.wav,kaggle_participant,1,48000,0.4
Kaggle,kaggle_Y_Y_300.wav,kaggle_participant,1,48000,0.4000208333333333
Kaggle,kaggle_Y_Y_301.wav,kaggle_participant,1,48000,0.4000208333333333
Kaggle,kaggle_Y_Y_302.wav,kaggle_participant,1,48000,0.4000208333333333
Kaggle,kaggle_Y_Y_303.wav,kaggle_participant,1,48000,0.4000208333333333
Kaggle,kaggle_Y_Y_304.wav,kaggle_participant,1,48000,0.4000208333333333
Kaggle,kaggle_Y_Y_305.wav,kaggle_participant,1,48000,0.4
Kaggle,kaggle_Y_Y_306.wav,kaggle_participant,1,48000,0.4
Kaggle,kaggle_Y_Y_307.wav,kaggle_participant,1,48000,0.4000208333333333
Kaggle,kaggle_Y_Y_308.wav,kaggle_participant,1,48000,0.4000208333333333
Kaggle,kaggle_Y_Y_309.wav,kaggle_participant,1,48000,0.4000208333333333
Kaggle,kaggle_Y_Y_31.wav,kaggle_participant,1,48000,0.4
Kaggle,kaggle_Y_Y_310.wav,kaggle_participant,1,48000,0.4
Kaggle,kaggle_Y_Y_311.wav,kaggle_participant,1,48000,0.4
Kaggle,kaggle_Y_Y_312.wav,kaggle_participant,1,48000,0.4000208333333333
Kaggle,kaggle_Y_Y_313.wav,kaggle_participant,1,48000,0.4000208333333333
Kaggle,kaggle_Y_Y_314.wav,kaggle_participant,1,48000,0.4000208333333333
Kaggle,kaggle_Y_Y_315.wav,kaggle_participant,1,48000,0.4000208333333333
Kaggle,kaggle_Y_Y_316.wav,kaggle_participant,1,48000,0.4
Kaggle,kaggle_Y_Y_317.wav,kaggle_participant,1,48000,0.4000208333333333
Kaggle,kaggle_Y_Y_318.wav,kaggle_participant,1,48000,0.4000208333333333
Kaggle,kaggle_Y_Y_319.wav,kaggle_participant,1,48000,0.4000208333333333
Kaggle,kaggle_Y_Y_32.wav,kaggle_participant,1,48000,0.4
Kaggle,kaggle_Y_Y_320.wav,kaggle_participant,1,48000,0.4000208333333333
Kaggle,kaggle_Y_Y_321.wav,kaggle_participant,1,48000,0.4
Kaggle,kaggle_Y_Y_322.wav,kaggle_participant,1,48000,0.4
Kaggle,kaggle_Y_Y_323.wav,kaggle_participant,1,48000,0.4
Kaggle,kaggle_Y_Y_324.wav,kaggle_participant,1,48000,0.4
Kaggle,kaggle_Y_Y_325.wav,kaggle_participant,1,48000,0.4
Kaggle,kaggle_Y_Y_326.wav,kaggle_participant,1,48000,0.4000208333333333
Kaggle,kaggle_Y_Y_327.wav,kaggle_participant,1,48000,0.4000208333333333
Kaggle,kaggle_Y_Y_328.wav,kaggle_participant,1,48000,0.4000208333333333
Kaggle,kaggle_Y_Y_329.wav,kaggle_participant,1,48000,0.4000208333333333
Kaggle,kaggle_Y_Y_33.wav,kaggle_participant,1,48000,0.4
Kaggle,kaggle_Y_Y_330.wav,kaggle_participant,1,48000,0.4000208333333333
Kaggle,kaggle_Y_Y_331.wav,kaggle_participant,1,48000,0.4000208333333333
Kaggle,kaggle_Y_Y_332.wav,kaggle_participant,1,48000,0.4000208333333333
Kaggle,kaggle_Y_Y_333.wav,kaggle_participant,1,48000,0.4
Kaggle,kaggle_Y_Y_334.wav,kaggle_participant,1,48000,0.4
Kaggle,kaggle_Y_Y_335.wav,kaggle_participant,1,48000,0.4000208333333333
Kaggle,kaggle_Y_Y_336.wav,kaggle_participant,1,48000,0.4000208333333333
Kaggle,kaggle_Y_Y_337.wav,kaggle_participant,1,48000,0.4000208333333333
Kaggle,kaggle_Y_Y_338.wav,kaggle_participant,1,48000,0.4
Kaggle,kaggle_Y_Y_339.wav,kaggle_participant,1,48000,0.4000208333333333
Kaggle,kaggle_Y_Y_34.wav,kaggle_participant,1,48000,0.4
Kaggle,kaggle_Y_Y_340.wav,kaggle_participant,1,48000,0.4000208333333333
Kaggle,kaggle_Y_Y_341.wav,kaggle_participant,1,48000,0.4
Kaggle,kaggle_Y_Y_342.wav,kaggle_participant,1,48000,0.4000208333333333
Kaggle,kaggle_Y_Y_343.wav,kaggle_participant,1,48000,0.4000208333333333
Kaggle,kaggle_Y_Y_344.wav,kaggle_participant,1,48000,0.4000208333333333
Kaggle,kaggle_Y_Y_35.wav,kaggle_participant,1,48000,0.4
Kaggle,kaggle_Y_Y_36.wav,kaggle_participant,1,48000,0.4
Kaggle,kaggle_Y_Y_37.wav,kaggle_participant,1,48000,0.4
Kaggle,kaggle_Y_Y_38.wav,kaggle_participant,1,48000,0.4
Kaggle,kaggle_Y_Y_39.wav,kaggle_participant,1,48000,0.4
Kaggle,kaggle_Y_Y_4.wav,kaggle_participant,1,48000,0.4
Kaggle,kaggle_Y_Y_40.wav,kaggle_participant,1,48000,0.4
Kaggle,kaggle_Y_Y_41.wav,kaggle_participant,1,48000,0.4
Kaggle,kaggle_Y_Y_42.wav,kaggle_participant,1,48000,0.4
Kaggle,kaggle_Y_Y_43.wav,kaggle_participant,1,48000,0.4
Kaggle,kaggle_Y_Y_44.wav,kaggle_participant,1,48000,0.39997916666666666
Kaggle,kaggle_Y_Y_45.wav,kaggle_participant,1,48000,0.39997916666666666
Kaggle,kaggle_Y_Y_46.wav,kaggle_participant,1,48000,0.39997916666666666
Kaggle,kaggle_Y_Y_47.wav,kaggle_participant,1,48000,0.4
Kaggle,kaggle_Y_Y_48.wav,kaggle_participant,1,48000,0.4
Kaggle,kaggle_Y_Y_49.wav,kaggle_participant,1,48000,0.4
Kaggle,kaggle_Y_Y_5.wav,kaggle_participant,1,48000,0.4
Kaggle,kaggle_Y_Y_50.wav,kaggle_participant,1,48000,0.4
Kaggle,kaggle_Y_Y_51.wav,kaggle_participant,1,48000,0.4
Kaggle,kaggle_Y_Y_52.wav,kaggle_participant,1,48000,0.4
Kaggle,kaggle_Y_Y_53.wav,kaggle_participant,1,48000,0.4
Kaggle,kaggle_Y_Y_54.wav,kaggle_participant,1,48000,0.4
Kaggle,kaggle_Y_Y_55.wav,kaggle_participant,1,48000,0.4
Kaggle,kaggle_Y_Y_56.wav,kaggle_participant,1,48000,0.4
Kaggle,kaggle_Y_Y_57.wav,kaggle_participant,1,48000,0.4
Kaggle,kaggle_Y_Y_58.wav,kaggle_participant,1,48000,0.39997916666666666
Kaggle,kaggle_Y_Y_59.wav,kaggle_participant,1,48000,0.4
Kaggle,kaggle_Y_Y_6.wav,kaggle_participant,1,48000,0.4
Kaggle,kaggle_Y_Y_60.wav,kaggle_participant,1,48000,0.4
Kaggle,kaggle_Y_Y_61.wav,kaggle_participant,1,48000,0.4
Kaggle,kaggle_Y_Y_62.wav,kaggle_participant,1,48000,0.39997916666666666
Kaggle,kaggle_Y_Y_63.wav,kaggle_participant,1,48000,0.4
Kaggle,kaggle_Y_Y_64.wav,kaggle_participant,1,48000,0.39997916666666666
Kaggle,kaggle_Y_Y_65.wav,kaggle_participant,1,48000,0.4
Kaggle,kaggle_Y_Y_66.wav,kaggle_participant,1,48000,0.4
Kaggle,kaggle_Y_Y_67.wav,kaggle_participant,1,48000,0.4
Kaggle,kaggle_Y_Y_68.wav,kaggle_participant,1,48000,0.39997916666666666
Kaggle,kaggle_Y_Y_69.wav,kaggle_participant,1,48000,0.4
Kaggle,kaggle_Y_Y_7.wav,kaggle_participant,1,48000,0.4
Kaggle,kaggle_Y_Y_70.wav,kaggle_participant,1,48000,0.4
Kaggle,kaggle_Y_Y_71.wav,kaggle_participant,1,48000,0.4
Kaggle,kaggle_Y_Y_72.wav,kaggle_participant,1,48000,0.4
Kaggle,kaggle_Y_Y_73.wav,kaggle_participant,1,48000,0.4
Kaggle,kaggle_Y_Y_74.wav,kaggle_participant,1,48000,0.4
Kaggle,kaggle_Y_Y_75.wav,kaggle_participant,1,48000,0.39997916666666666
Kaggle,kaggle_Y_Y_76.wav,kaggle_participant,1,48000,0.4
Kaggle,kaggle_Y_Y_77.wav,kaggle_participant,1,48000,0.4
Kaggle,kaggle_Y_Y_78.wav,kaggle_participant,1,48000,0.4
Kaggle,kaggle_Y_Y_79.wav,kaggle_participant,1,48000,0.4
Kaggle,kaggle_Y_Y_8.wav,kaggle_participant,1,48000,0.4
Kaggle,kaggle_Y_Y_80.wav,kaggle_participant,1,48000,0.4
Kaggle,kaggle_Y_Y_81.wav,kaggle_participant,1,48000,0.4
Kaggle,kaggle_Y_Y_82.wav,kaggle_participant,1,48000,0.4
Kaggle,kaggle_Y_Y_83.wav,kaggle_participant,1,48000,0.4
Kaggle,kaggle_Y_Y_84.wav,kaggle_participant,1,48000,0.4
Kaggle,kaggle_Y_Y_85.wav,kaggle_participant,1,48000,0.4
Kaggle,kaggle_Y_Y_86.wav,kaggle_participant,1,48000,0.4
Kaggle,kaggle_Y_Y_87.wav,kaggle_participant,1,48000,0.39997916666666666
Kaggle,kaggle_Y_Y_88.wav,kaggle_participant,1,48000,0.39997916666666666
Kaggle,kaggle_Y_Y_89.wav,kaggle_participant,1,48000,0.39997916666666666
Kaggle,kaggle_Y_Y_9.wav,kaggle_participant,1,48000,0.4
Kaggle,kaggle_Y_Y_90.wav,kaggle_participant,1,48000,0.4
Kaggle,kaggle_Y_Y_91.wav,kaggle_participant,1,48000,0.4
Kaggle,kaggle_Y_Y_92.wav,kaggle_participant,1,48000,0.4
Kaggle,kaggle_Y_Y_93.wav,kaggle_participant,1,48000,0.4
Kaggle,kaggle_Y_Y_94.wav,kaggle_participant,1,48000,0.39997916666666666
Kaggle,kaggle_Y_Y_95.wav,kaggle_participant,1,48000,0.4
Kaggle,kaggle_Y_Y_96.wav,kaggle_participant,1,48000,0.4
Kaggle,kaggle_Y_Y_97.wav,kaggle_participant,1,48000,0.4
Kaggle,kaggle_Y_Y_98.wav,kaggle_participant,1,48000,0.4
Kaggle,kaggle_Y_Y_99.wav,kaggle_participant,1,48000,0.4
Kaggle,kaggle_Z_Z_1.wav,kaggle_participant,1,48000,0.4
Kaggle,kaggle_Z_Z_10.wav,kaggle_participant,1,48000,0.4
Kaggle,kaggle_Z_Z_100.wav,kaggle_participant,1,48000,0.4
Kaggle,kaggle_Z_Z_101.wav,kaggle_participant,1,48000,0.39997916666666666
Kaggle,kaggle_Z_Z_102.wav,kaggle_participant,1,48000,0.4
Kaggle,kaggle_Z_Z_103.wav,kaggle_participant,1,48000,0.4
Kaggle,kaggle_Z_Z_104.wav,kaggle_participant,1,48000,0.4
Kaggle,kaggle_Z_Z_105.wav,kaggle_participant,1,48000,0.4
Kaggle,kaggle_Z_Z_106.wav,kaggle_participant,1,48000,0.4
Kaggle,kaggle_Z_Z_107.wav,kaggle_participant,1,48000,0.4
Kaggle,kaggle_Z_Z_108.wav,kaggle_participant,1,48000,0.4
Kaggle,kaggle_Z_Z_109.wav,kaggle_participant,1,48000,0.39997916666666666
Kaggle,kaggle_Z_Z_11.wav,kaggle_participant,1,48000,0.4
Kaggle,kaggle_Z_Z_110.wav,kaggle_participant,1,48000,0.4
Kaggle,kaggle_Z_Z_111.wav,kaggle_participant,1,48000,0.4
Kaggle,kaggle_Z_Z_112.wav,kaggle_participant,1,48000,0.4
Kaggle,kaggle_Z_Z_113.wav,kaggle_participant,1,48000,0.4
Kaggle,kaggle_Z_Z_114.wav,kaggle_participant,1,48000,0.4
Kaggle,kaggle_Z_Z_115.wav,kaggle_participant,1,48000,0.4
Kaggle,kaggle_Z_Z_116.wav,kaggle_participant,1,48000,0.4
Kaggle,kaggle_Z_Z_117.wav,kaggle_participant,1,48000,0.4
Kaggle,kaggle_Z_Z_118.wav,kaggle_participant,1,48000,0.4
Kaggle,kaggle_Z_Z_119.wav,kaggle_participant,1,48000,0.4
Kaggle,kaggle_Z_Z_12.wav,kaggle_participant,1,48000,0.4
Kaggle,kaggle_Z_Z_120.wav,kaggle_participant,1,48000,0.4
Kaggle,kaggle_Z_Z_121.wav,kaggle_participant,1,48000,0.4
Kaggle,kaggle_Z_Z_122.wav,kaggle_participant,1,48000,0.4
Kaggle,kaggle_Z_Z_123.wav,kaggle_participant,1,48000,0.4
Kaggle,kaggle_Z_Z_124.wav,kaggle_participant,1,48000,0.4
Kaggle,kaggle_Z_Z_125.wav,kaggle_participant,1,48000,0.4
Kaggle,kaggle_Z_Z_126.wav,kaggle_participant,1,48000,0.39997916666666666
Kaggle,kaggle_Z_Z_127.wav,kaggle_participant,1,48000,0.4
Kaggle,kaggle_Z_Z_128.wav,kaggle_participant,1,48000,0.4
Kaggle,kaggle_Z_Z_129.wav,kaggle_participant,1,48000,0.4
Kaggle,kaggle_Z_Z_13.wav,kaggle_participant,1,48000,0.4
Kaggle,kaggle_Z_Z_130.wav,kaggle_participant,1,48000,0.4
Kaggle,kaggle_Z_Z_131.wav,kaggle_participant,1,48000,0.4
Kaggle,kaggle_Z_Z_132.wav,kaggle_participant,1,48000,0.4
Kaggle,kaggle_Z_Z_133.wav,kaggle_participant,1,48000,0.4
Kaggle,kaggle_Z_Z_134.wav,kaggle_participant,1,48000,0.4
Kaggle,kaggle_Z_Z_135.wav,kaggle_participant,1,48000,0.4
Kaggle,kaggle_Z_Z_136.wav,kaggle_participant,1,48000,0.4
Kaggle,kaggle_Z_Z_137.wav,kaggle_participant,1,48000,0.4
Kaggle,kaggle_Z_Z_138.wav,kaggle_participant,1,48000,0.4
Kaggle,kaggle_Z_Z_139.wav,kaggle_participant,1,48000,0.4
Kaggle,kaggle_Z_Z_14.wav,kaggle_participant,1,48000,0.4
Kaggle,kaggle_Z_Z_140.wav,kaggle_participant,1,48000,0.4
Kaggle,kaggle_Z_Z_141.wav,kaggle_participant,1,48000,0.4
Kaggle,kaggle_Z_Z_142.wav,kaggle_participant,1,48000,0.4
Kaggle,kaggle_Z_Z_143.wav,kaggle_participant,1,48000,0.4
Kaggle,kaggle_Z_Z_144.wav,kaggle_participant,1,48000,0.4
Kaggle,kaggle_Z_Z_145.wav,kaggle_participant,1,48000,0.4
Kaggle,kaggle_Z_Z_146.wav,kaggle_participant,1,48000,0.4
Kaggle,kaggle_Z_Z_147.wav,kaggle_participant,1,48000,0.4
Kaggle,kaggle_Z_Z_148.wav,kaggle_participant,1,48000,0.4
Kaggle,kaggle_Z_Z_149.wav,kaggle_participant,1,48000,0.4
Kaggle,kaggle_Z_Z_15.wav,kaggle_participant,1,48000,0.4
Kaggle,kaggle_Z_Z_150.wav,kaggle_participant,1,48000,0.4
Kaggle,kaggle_Z_Z_151.wav,kaggle_participant,1,48000,0.4
Kaggle,kaggle_Z_Z_152.wav,kaggle_participant,1,48000,0.4
Kaggle,kaggle_Z_Z_153.wav,kaggle_participant,1,48000,0.4
Kaggle,kaggle_Z_Z_154.wav,kaggle_participant,1,48000,0.4
Kaggle,kaggle_Z_Z_155.wav,kaggle_participant,1,48000,0.4
Kaggle,kaggle_Z_Z_156.wav,kaggle_participant,1,48000,0.4
Kaggle,kaggle_Z_Z_157.wav,kaggle_participant,1,48000,0.4
Kaggle,kaggle_Z_Z_158.wav,kaggle_participant,1,48000,0.4
Kaggle,kaggle_Z_Z_159.wav,kaggle_participant,1,48000,0.4
Kaggle,kaggle_Z_Z_16.wav,kaggle_participant,1,48000,0.4
Kaggle,kaggle_Z_Z_160.wav,kaggle_participant,1,48000,0.4
Kaggle,kaggle_Z_Z_161.wav,kaggle_participant,1,48000,0.4
Kaggle,kaggle_Z_Z_162.wav,kaggle_participant,1,48000,0.4
Kaggle,kaggle_Z_Z_163.wav,kaggle_participant,1,48000,0.4
Kaggle,kaggle_Z_Z_164.wav,kaggle_participant,1,48000,0.4
Kaggle,kaggle_Z_Z_165.wav,kaggle_participant,1,48000,0.4
Kaggle,kaggle_Z_Z_166.wav,kaggle_participant,1,48000,0.4
Kaggle,kaggle_Z_Z_167.wav,kaggle_participant,1,48000,0.4
Kaggle,kaggle_Z_Z_168.wav,kaggle_participant,1,48000,0.4
Kaggle,kaggle_Z_Z_169.wav,kaggle_participant,1,48000,0.4
Kaggle,kaggle_Z_Z_17.wav,kaggle_participant,1,48000,0.4000208333333333
Kaggle,kaggle_Z_Z_170.wav,kaggle_participant,1,48000,0.4
Kaggle,kaggle_Z_Z_171.wav,kaggle_participant,1,48000,0.4
Kaggle,kaggle_Z_Z_172.wav,kaggle_participant,1,48000,0.4
Kaggle,kaggle_Z_Z_173.wav,kaggle_participant,1,48000,0.4
Kaggle,kaggle_Z_Z_174.wav,kaggle_participant,1,48000,0.4
Kaggle,kaggle_Z_Z_175.wav,kaggle_participant,1,48000,0.4
Kaggle,kaggle_Z_Z_176.wav,kaggle_participant,1,48000,0.4
Kaggle,kaggle_Z_Z_177.wav,kaggle_participant,1,48000,0.4
Kaggle,kaggle_Z_Z_178.wav,kaggle_participant,1,48000,0.4
Kaggle,kaggle_Z_Z_179.wav,kaggle_participant,1,48000,0.4
Kaggle,kaggle_Z_Z_18.wav,kaggle_participant,1,48000,0.4000208333333333
Kaggle,kaggle_Z_Z_180.wav,kaggle_participant,1,48000,0.4
Kaggle,kaggle_Z_Z_181.wav,kaggle_participant,1,48000,0.4
Kaggle,kaggle_Z_Z_182.wav,kaggle_participant,1,48000,0.4
Kaggle,kaggle_Z_Z_183.wav,kaggle_participant,1,48000,0.4
Kaggle,kaggle_Z_Z_184.wav,kaggle_participant,1,48000,0.4
Kaggle,kaggle_Z_Z_185.wav,kaggle_participant,1,48000,0.4
Kaggle,kaggle_Z_Z_186.wav,kaggle_participant,1,48000,0.4
Kaggle,kaggle_Z_Z_187.wav,kaggle_participant,1,48000,0.4
Kaggle,kaggle_Z_Z_188.wav,kaggle_participant,1,48000,0.4
Kaggle,kaggle_Z_Z_189.wav,kaggle_participant,1,48000,0.4
Kaggle,kaggle_Z_Z_19.wav,kaggle_participant,1,48000,0.4
Kaggle,kaggle_Z_Z_190.wav,kaggle_participant,1,48000,0.4
Kaggle,kaggle_Z_Z_191.wav,kaggle_participant,1,48000,0.4
Kaggle,kaggle_Z_Z_192.wav,kaggle_participant,1,48000,0.4
Kaggle,kaggle_Z_Z_193.wav,kaggle_participant,1,48000,0.4
Kaggle,kaggle_Z_Z_194.wav,kaggle_participant,1,48000,0.4
Kaggle,kaggle_Z_Z_195.wav,kaggle_participant,1,48000,0.4
Kaggle,kaggle_Z_Z_196.wav,kaggle_participant,1,48000,0.4
Kaggle,kaggle_Z_Z_197.wav,kaggle_participant,1,48000,0.4
Kaggle,kaggle_Z_Z_198.wav,kaggle_participant,1,48000,0.4
Kaggle,kaggle_Z_Z_199.wav,kaggle_participant,1,48000,0.4
Kaggle,kaggle_Z_Z_2.wav,kaggle_participant,1,48000,0.4
Kaggle,kaggle_Z_Z_20.wav,kaggle_participant,1,48000,0.4
Kaggle,kaggle_Z_Z_200.wav,kaggle_participant,1,48000,0.4
Kaggle,kaggle_Z_Z_201.wav,kaggle_participant,1,48000,0.4
Kaggle,kaggle_Z_Z_202.wav,kaggle_participant,1,48000,0.4
Kaggle,kaggle_Z_Z_203.wav,kaggle_participant,1,48000,0.4
Kaggle,kaggle_Z_Z_204.wav,kaggle_participant,1,48000,0.4
Kaggle,kaggle_Z_Z_205.wav,kaggle_participant,1,48000,0.4
Kaggle,kaggle_Z_Z_206.wav,kaggle_participant,1,48000,0.4
Kaggle,kaggle_Z_Z_207.wav,kaggle_participant,1,48000,0.4
Kaggle,kaggle_Z_Z_208.wav,kaggle_participant,1,48000,0.4
Kaggle,kaggle_Z_Z_209.wav,kaggle_participant,1,48000,0.4
Kaggle,kaggle_Z_Z_21.wav,kaggle_participant,1,48000,0.4
Kaggle,kaggle_Z_Z_210.wav,kaggle_participant,1,48000,0.4
Kaggle,kaggle_Z_Z_211.wav,kaggle_participant,1,48000,0.4
Kaggle,kaggle_Z_Z_212.wav,kaggle_participant,1,48000,0.4
Kaggle,kaggle_Z_Z_213.wav,kaggle_participant,1,48000,0.4
Kaggle,kaggle_Z_Z_214.wav,kaggle_participant,1,48000,0.4
Kaggle,kaggle_Z_Z_215.wav,kaggle_participant,1,48000,0.4
Kaggle,kaggle_Z_Z_216.wav,kaggle_participant,1,48000,0.4
Kaggle,kaggle_Z_Z_217.wav,kaggle_participant,1,48000,0.4
Kaggle,kaggle_Z_Z_218.wav,kaggle_participant,1,48000,0.4
Kaggle,kaggle_Z_Z_219.wav,kaggle_participant,1,48000,0.4
Kaggle,kaggle_Z_Z_22.wav,kaggle_participant,1,48000,0.4
Kaggle,kaggle_Z_Z_220.wav,kaggle_participant,1,48000,0.4
Kaggle,kaggle_Z_Z_221.wav,kaggle_participant,1,48000,0.4
Kaggle,kaggle_Z_Z_222.wav,kaggle_participant,1,48000,0.4
Kaggle,kaggle_Z_Z_223.wav,kaggle_participant,1,48000,0.4
Kaggle,kaggle_Z_Z_224.wav,kaggle_participant,1,48000,0.4
Kaggle,kaggle_Z_Z_225.wav,kaggle_participant,1,48000,0.4
Kaggle,kaggle_Z_Z_226.wav,kaggle_participant,1,48000,0.4
Kaggle,kaggle_Z_Z_227.wav,kaggle_participant,1,48000,0.4
Kaggle,kaggle_Z_Z_228.wav,kaggle_participant,1,48000,0.4
Kaggle,kaggle_Z_Z_229.wav,kaggle_participant,1,48000,0.4
Kaggle,kaggle_Z_Z_23.wav,kaggle_participant,1,48000,0.4
Kaggle,kaggle_Z_Z_230.wav,kaggle_participant,1,48000,0.4
Kaggle,kaggle_Z_Z_231.wav,kaggle_participant,1,48000,0.4
Kaggle,kaggle_Z_Z_232.wav,kaggle_participant,1,48000,0.4
Kaggle,kaggle_Z_Z_233.wav,kaggle_participant,1,48000,0.4
Kaggle,kaggle_Z_Z_234.wav,kaggle_participant,1,48000,0.4
Kaggle,kaggle_Z_Z_235.wav,kaggle_participant,1,48000,0.4
Kaggle,kaggle_Z_Z_236.wav,kaggle_participant,1,48000,0.4
Kaggle,kaggle_Z_Z_237.wav,kaggle_participant,1,48000,0.4
Kaggle,kaggle_Z_Z_238.wav,kaggle_participant,1,48000,0.4
Kaggle,kaggle_Z_Z_239.wav,kaggle_participant,1,48000,0.4
Kaggle,kaggle_Z_Z_24.wav,kaggle_participant,1,48000,0.4
Kaggle,kaggle_Z_Z_240.wav,kaggle_participant,1,48000,0.4
Kaggle,kaggle_Z_Z_241.wav,kaggle_participant,1,48000,0.4
Kaggle,kaggle_Z_Z_242.wav,kaggle_participant,1,48000,0.4
Kaggle,kaggle_Z_Z_243.wav,kaggle_participant,1,48000,0.4
Kaggle,kaggle_Z_Z_244.wav,kaggle_participant,1,48000,0.4
Kaggle,kaggle_Z_Z_245.wav,kaggle_participant,1,48000,0.4
Kaggle,kaggle_Z_Z_246.wav,kaggle_participant,1,48000,0.4
Kaggle,kaggle_Z_Z_247.wav,kaggle_participant,1,48000,0.4
Kaggle,kaggle_Z_Z_248.wav,kaggle_participant,1,48000,0.4
Kaggle,kaggle_Z_Z_249.wav,kaggle_participant,1,48000,0.4
Kaggle,kaggle_Z_Z_25.wav,kaggle_participant,1,48000,0.4
Kaggle,kaggle_Z_Z_250.wav,kaggle_participant,1,48000,0.4
Kaggle,kaggle_Z_Z_251.wav,kaggle_participant,1,48000,0.4
Kaggle,kaggle_Z_Z_252.wav,kaggle_participant,1,48000,0.4
Kaggle,kaggle_Z_Z_253.wav,kaggle_participant,1,48000,0.4
Kaggle,kaggle_Z_Z_254.wav,kaggle_participant,1,48000,0.4
Kaggle,kaggle_Z_Z_255.wav,kaggle_participant,1,48000,0.4
Kaggle,kaggle_Z_Z_256.wav,kaggle_participant,1,48000,0.4
Kaggle,kaggle_Z_Z_257.wav,kaggle_participant,1,48000,0.4
Kaggle,kaggle_Z_Z_258.wav,kaggle_participant,1,48000,0.4
Kaggle,kaggle_Z_Z_259.wav,kaggle_participant,1,48000,0.4
Kaggle,kaggle_Z_Z_26.wav,kaggle_participant,1,48000,0.4
Kaggle,kaggle_Z_Z_260.wav,kaggle_participant,1,48000,0.4000208333333333
Kaggle,kaggle_Z_Z_261.wav,kaggle_participant,1,48000,0.4000208333333333
Kaggle,kaggle_Z_Z_262.wav,kaggle_participant,1,48000,0.4
Kaggle,kaggle_Z_Z_263.wav,kaggle_participant,1,48000,0.4
Kaggle,kaggle_Z_Z_264.wav,kaggle_participant,1,48000,0.4000208333333333
Kaggle,kaggle_Z_Z_265.wav,kaggle_participant,1,48000,0.4000208333333333
Kaggle,kaggle_Z_Z_266.wav,kaggle_participant,1,48000,0.4
Kaggle,kaggle_Z_Z_267.wav,kaggle_participant,1,48000,0.4000208333333333
Kaggle,kaggle_Z_Z_268.wav,kaggle_participant,1,48000,0.4
Kaggle,kaggle_Z_Z_269.wav,kaggle_participant,1,48000,0.4
Kaggle,kaggle_Z_Z_27.wav,kaggle_participant,1,48000,0.4
Kaggle,kaggle_Z_Z_270.wav,kaggle_participant,1,48000,0.4
Kaggle,kaggle_Z_Z_271.wav,kaggle_participant,1,48000,0.4
Kaggle,kaggle_Z_Z_272.wav,kaggle_participant,1,48000,0.4000208333333333
Kaggle,kaggle_Z_Z_273.wav,kaggle_participant,1,48000,0.4000208333333333
Kaggle,kaggle_Z_Z_274.wav,kaggle_participant,1,48000,0.4
Kaggle,kaggle_Z_Z_275.wav,kaggle_participant,1,48000,0.4
Kaggle,kaggle_Z_Z_276.wav,kaggle_participant,1,48000,0.4
Kaggle,kaggle_Z_Z_277.wav,kaggle_participant,1,48000,0.4
Kaggle,kaggle_Z_Z_278.wav,kaggle_participant,1,48000,0.4000208333333333
Kaggle,kaggle_Z_Z_279.wav,kaggle_participant,1,48000,0.4
Kaggle,kaggle_Z_Z_28.wav,kaggle_participant,1,48000,0.4
Kaggle,kaggle_Z_Z_280.wav,kaggle_participant,1,48000,0.4
Kaggle,kaggle_Z_Z_281.wav,kaggle_participant,1,48000,0.4
Kaggle,kaggle_Z_Z_282.wav,kaggle_participant,1,48000,0.4000208333333333
Kaggle,kaggle_Z_Z_283.wav,kaggle_participant,1,48000,0.4
Kaggle,kaggle_Z_Z_284.wav,kaggle_participant,1,48000,0.4000208333333333
Kaggle,kaggle_Z_Z_285.wav,kaggle_participant,1,48000,0.4
Kaggle,kaggle_Z_Z_286.wav,kaggle_participant,1,48000,0.4
Kaggle,kaggle_Z_Z_287.wav,kaggle_participant,1,48000,0.4000208333333333
Kaggle,kaggle_Z_Z_288.wav,kaggle_participant,1,48000,0.4
Kaggle,kaggle_Z_Z_289.wav,kaggle_participant,1,48000,0.4000208333333333
Kaggle,kaggle_Z_Z_29.wav,kaggle_participant,1,48000,0.4
Kaggle,kaggle_Z_Z_290.wav,kaggle_participant,1,48000,0.4000208333333333
Kaggle,kaggle_Z_Z_291.wav,kaggle_participant,1,48000,0.4
Kaggle,kaggle_Z_Z_292.wav,kaggle_participant,1,48000,0.4000208333333333
Kaggle,kaggle_Z_Z_293.wav,kaggle_participant,1,48000,0.4000208333333333
Kaggle,kaggle_Z_Z_294.wav,kaggle_participant,1,48000,0.4000208333333333
Kaggle,kaggle_Z_Z_295.wav,kaggle_participant,1,48000,0.4000208333333333
Kaggle,kaggle_Z_Z_296.wav,kaggle_participant,1,48000,0.4
Kaggle,kaggle_Z_Z_297.wav,kaggle_participant,1,48000,0.4000208333333333
Kaggle,kaggle_Z_Z_298.wav,kaggle_participant,1,48000,0.4000208333333333
Kaggle,kaggle_Z_Z_299.wav,kaggle_participant,1,48000,0.4000208333333333
Kaggle,kaggle_Z_Z_3.wav,kaggle_participant,1,48000,0.4
Kaggle,kaggle_Z_Z_30.wav,kaggle_participant,1,48000,0.4
Kaggle,kaggle_Z_Z_300.wav,kaggle_participant,1,48000,0.4000208333333333
Kaggle,kaggle_Z_Z_301.wav,kaggle_participant,1,48000,0.4000208333333333
Kaggle,kaggle_Z_Z_302.wav,kaggle_participant,1,48000,0.4
Kaggle,kaggle_Z_Z_303.wav,kaggle_participant,1,48000,0.4
Kaggle,kaggle_Z_Z_304.wav,kaggle_participant,1,48000,0.4
Kaggle,kaggle_Z_Z_305.wav,kaggle_participant,1,48000,0.264875
Kaggle,kaggle_Z_Z_31.wav,kaggle_participant,1,48000,0.4000208333333333
Kaggle,kaggle_Z_Z_32.wav,kaggle_participant,1,48000,0.39997916666666666
Kaggle,kaggle_Z_Z_33.wav,kaggle_participant,1,48000,0.4
Kaggle,kaggle_Z_Z_34.wav,kaggle_participant,1,48000,0.4
Kaggle,kaggle_Z_Z_35.wav,kaggle_participant,1,48000,0.4
Kaggle,kaggle_Z_Z_36.wav,kaggle_participant,1,48000,0.39997916666666666
Kaggle,kaggle_Z_Z_37.wav,kaggle_participant,1,48000,0.4
Kaggle,kaggle_Z_Z_38.wav,kaggle_participant,1,48000,0.4
Kaggle,kaggle_Z_Z_39.wav,kaggle_participant,1,48000,0.4
Kaggle,kaggle_Z_Z_4.wav,kaggle_participant,1,48000,0.4
Kaggle,kaggle_Z_Z_40.wav,kaggle_participant,1,48000,0.4
Kaggle,kaggle_Z_Z_41.wav,kaggle_participant,1,48000,0.4
Kaggle,kaggle_Z_Z_42.wav,kaggle_participant,1,48000,0.4
Kaggle,kaggle_Z_Z_43.wav,kaggle_participant,1,48000,0.4
Kaggle,kaggle_Z_Z_44.wav,kaggle_participant,1,48000,0.4
Kaggle,kaggle_Z_Z_45.wav,kaggle_participant,1,48000,0.4
Kaggle,kaggle_Z_Z_46.wav,kaggle_participant,1,48000,0.4
Kaggle,kaggle_Z_Z_47.wav,kaggle_participant,1,48000,0.4
Kaggle,kaggle_Z_Z_48.wav,kaggle_participant,1,48000,0.4
Kaggle,kaggle_Z_Z_49.wav,kaggle_participant,1,48000,0.4
Kaggle,kaggle_Z_Z_5.wav,kaggle_participant,1,48000,0.4
Kaggle,kaggle_Z_Z_50.wav,kaggle_participant,1,48000,0.4
Kaggle,kaggle_Z_Z_51.wav,kaggle_participant,1,48000,0.4
Kaggle,kaggle_Z_Z_52.wav,kaggle_participant,1,48000,0.4
Kaggle,kaggle_Z_Z_53.wav,kaggle_participant,1,48000,0.4
Kaggle,kaggle_Z_Z_54.wav,kaggle_participant,1,48000,0.4
Kaggle,kaggle_Z_Z_55.wav,kaggle_participant,1,48000,0.4
Kaggle,kaggle_Z_Z_56.wav,kaggle_participant,1,48000,0.4
Kaggle,kaggle_Z_Z_57.wav,kaggle_participant,1,48000,0.39997916666666666
Kaggle,kaggle_Z_Z_58.wav,kaggle_participant,1,48000,0.4
Kaggle,kaggle_Z_Z_59.wav,kaggle_participant,1,48000,0.4
Kaggle,kaggle_Z_Z_6.wav,kaggle_participant,1,48000,0.4
Kaggle,kaggle_Z_Z_60.wav,kaggle_participant,1,48000,0.39997916666666666
Kaggle,kaggle_Z_Z_61.wav,kaggle_participant,1,48000,0.4
Kaggle,kaggle_Z_Z_62.wav,kaggle_participant,1,48000,0.4
Kaggle,kaggle_Z_Z_63.wav,kaggle_participant,1,48000,0.4
Kaggle,kaggle_Z_Z_64.wav,kaggle_participant,1,48000,0.4
Kaggle,kaggle_Z_Z_65.wav,kaggle_participant,1,48000,0.4
Kaggle,kaggle_Z_Z_66.wav,kaggle_participant,1,48000,0.39997916666666666
Kaggle,kaggle_Z_Z_67.wav,kaggle_participant,1,48000,0.4
Kaggle,kaggle_Z_Z_68.wav,kaggle_participant,1,48000,0.4
Kaggle,kaggle_Z_Z_69.wav,kaggle_participant,1,48000,0.4
Kaggle,kaggle_Z_Z_7.wav,kaggle_participant,1,48000,0.4
Kaggle,kaggle_Z_Z_70.wav,kaggle_participant,1,48000,0.39997916666666666
Kaggle,kaggle_Z_Z_71.wav,kaggle_participant,1,48000,0.4
Kaggle,kaggle_Z_Z_72.wav,kaggle_participant,1,48000,0.4
Kaggle,kaggle_Z_Z_73.wav,kaggle_participant,1,48000,0.4
Kaggle,kaggle_Z_Z_74.wav,kaggle_participant,1,48000,0.4
Kaggle,kaggle_Z_Z_75.wav,kaggle_participant,1,48000,0.39997916666666666
Kaggle,kaggle_Z_Z_76.wav,kaggle_participant,1,48000,0.4
Kaggle,kaggle_Z_Z_77.wav,kaggle_participant,1,48000,0.39997916666666666
Kaggle,kaggle_Z_Z_78.wav,kaggle_participant,1,48000,0.4
Kaggle,kaggle_Z_Z_79.wav,kaggle_participant,1,48000,0.4
Kaggle,kaggle_Z_Z_8.wav,kaggle_participant,1,48000,0.4
Kaggle,kaggle_Z_Z_80.wav,kaggle_participant,1,48000,0.39997916666666666
Kaggle,kaggle_Z_Z_81.wav,kaggle_participant,1,48000,0.4
Kaggle,kaggle_Z_Z_82.wav,kaggle_participant,1,48000,0.4
Kaggle,kaggle_Z_Z_83.wav,kaggle_participant,1,48000,0.4
Kaggle,kaggle_Z_Z_84.wav,kaggle_participant,1,48000,0.4
Kaggle,kaggle_Z_Z_85.wav,kaggle_participant,1,48000,0.39997916666666666
Kaggle,kaggle_Z_Z_86.wav,kaggle_participant,1,48000,0.4
Kaggle,kaggle_Z_Z_87.wav,kaggle_participant,1,48000,0.39997916666666666
Kaggle,kaggle_Z_Z_88.wav,kaggle_participant,1,48000,0.4
Kaggle,kaggle_Z_Z_89.wav,kaggle_participant,1,48000,0.4
Kaggle,kaggle_Z_Z_9.wav,kaggle_participant,1,48000,0.4
Kaggle,kaggle_Z_Z_90.wav,kaggle_participant,1,48000,0.4
Kaggle,kaggle_Z_Z_91.wav,kaggle_participant,1,48000,0.4
Kaggle,kaggle_Z_Z_92.wav,kaggle_participant,1,48000,0.4
Kaggle,kaggle_Z_Z_93.wav,kaggle_participant,1,48000,0.4
Kaggle,kaggle_Z_Z_94.wav,kaggle_participant,1,48000,0.4
Kaggle,kaggle_Z_Z_95.wav,kaggle_participant,1,48000,0.4
Kaggle,kaggle_Z_Z_96.wav,kaggle_participant,1,48000,0.4
Kaggle,kaggle_Z_Z_97.wav,kaggle_participant,1,48000,0.4
Kaggle,kaggle_Z_Z_98.wav,kaggle_participant,1,48000,0.4
Kaggle,kaggle_Z_Z_99.wav,kaggle_participant,1,48000,0.4
MultiPressure,multipressure_High_Key-A-H.wav,mp_participant_high,1,48000,0.236125
MultiPressure,multipressure_High_Key-B-H.wav,mp_participant_high,1,48000,0.2485625
MultiPressure,multipressure_High_Key-C-H.wav,mp_participant_high,1,48000,0.24027083333333332
MultiPressure,multipressure_High_Key-D-H.wav,mp_participant_high,1,48000,0.236125
MultiPressure,multipressure_High_Key-E-H.wav,mp_participant_high,1,48000,0.2485625
MultiPressure,multipressure_High_Key-F-H.wav,mp_participant_high,1,48000,0.24439583333333334
MultiPressure,multipressure_High_Key-G-H.wav,mp_participant_high,1,48000,0.22783333333333333
MultiPressure,multipressure_High_Key-H-H.wav,mp_participant_high,1,48000,0.236125
MultiPressure,multipressure_High_Key-I-H.wav,mp_participant_high,1,48000,0.22783333333333333
MultiPressure,multipressure_High_Key-J-H.wav,mp_participant_high,1,48000,0.25683333333333336
MultiPressure,multipressure_High_Key-K-H.wav,mp_participant_high,1,48000,0.23197916666666665
MultiPressure,multipressure_High_Key-L-H.wav,mp_participant_high,1,48000,0.24439583333333334
MultiPressure,multipressure_High_Key-M-H.wav,mp_participant_high,1,48000,0.236125
MultiPressure,multipressure_High_Key-N-H.wav,mp_participant_high,1,48000,0.21127083333333332
MultiPressure,multipressure_High_Key-O-H.wav,mp_participant_high,1,48000,0.25683333333333336
MultiPressure,multipressure_High_Key-P-H.wav,mp_participant_high,1,48000,0.25683333333333336
MultiPressure,multipressure_High_Key-Q-H.wav,mp_participant_high,1,48000,0.236125
MultiPressure,multipressure_High_Key-R-H.wav,mp_participant_high,1,48000,0.24854166666666666
MultiPressure,multipressure_High_Key-S-H.wav,mp_participant_high,1,48000,0.2527083333333333
MultiPressure,multipressure_High_Key-Spacebar-H.wav,mp_participant_high,1,48000,0.2544375
MultiPressure,multipressure_High_Key-T-H.wav,mp_participant_high,1,48000,0.24025
MultiPressure,multipressure_High_Key-U-H.wav,mp_participant_high,1,48000,0.24025
MultiPressure,multipressure_High_Key-V-H.wav,mp_participant_high,1,48000,0.22785416666666666
MultiPressure,multipressure_High_Key-W-H.wav,mp_participant_high,1,48000,0.265125
MultiPressure,multipressure_High_Key-X-H.wav,mp_participant_high,1,48000,0.2485625
MultiPressure,multipressure_High_Key-Y-H.wav,mp_participant_high,1,48000,0.24439583333333334
MultiPressure,multipressure_High_Key-Z-H.wav,mp_participant_high,1,48000,0.2485625
MultiPressure,multipressure_Low_Key-A-L.wav,mp_participant_low,1,48000,0.2041875
MultiPressure,multipressure_Low_Key-B-L.wav,mp_participant_low,1,48000,0.24502083333333333
MultiPressure,multipressure_Low_Key-C-L.wav,mp_participant_low,1,48000,0.2041875
MultiPressure,multipressure_Low_Key-D-L.wav,mp_participant_low,1,48000,0.22460416666666666
MultiPressure,multipressure_Low_Key-E-L.wav,mp_participant_low,1,48000,0.24502083333333333
MultiPressure,multipressure_Low_Key-F-L.wav,mp_participant_low,1,48000,0.2041875
MultiPressure,multipressure_Low_Key-G-L.wav,mp_participant_low,1,48000,0.18377083333333333
MultiPressure,multipressure_Low_Key-H-L.wav,mp_participant_low,1,48000,0.2041875
MultiPressure,multipressure_Low_Key-I-L.wav,mp_participant_low,1,48000,0.22458333333333333
MultiPressure,multipressure_Low_Key-J-L.wav,mp_participant_low,1,48000,0.214375
MultiPressure,multipressure_Low_Key-K-L.wav,mp_participant_low,1,48000,0.2348125
MultiPressure,multipressure_Low_Key-L-L.wav,mp_participant_low,1,48000,0.2756458333333333
MultiPressure,multipressure_Low_Key-M-L.wav,mp_participant_low,1,48000,0.24502083333333333
MultiPressure,multipressure_Low_Key-N-L.wav,mp_participant_low,1,48000,0.21439583333333334
MultiPressure,multipressure_Low_Key-O-L.wav,mp_participant_low,1,48000,0.2348125
MultiPressure,multipressure_Low_Key-P-L.wav,mp_participant_low,1,48000,0.21439583333333334
MultiPressure,multipressure_Low_Key-Q-L.wav,mp_participant_low,1,48000,0.24502083333333333
MultiPressure,multipressure_Low_Key-R-L.wav,mp_participant_low,1,48000,0.2552291666666667
MultiPressure,multipressure_Low_Key-S-L.wav,mp_participant_low,1,48000,0.2552291666666667
MultiPressure,multipressure_Low_Key-Spacebar-L.wav,mp_participant_low,1,48000,0.1869375
MultiPressure,multipressure_Low_Key-T-L.wav,mp_participant_low,1,48000,0.21439583333333334
MultiPressure,multipressure_Low_Key-U-L.wav,mp_participant_low,1,48000,0.23479166666666668
MultiPressure,multipressure_Low_Key-V-L.wav,mp_participant_low,1,48000,0.2348125
MultiPressure,multipressure_Low_Key-W-L.wav,mp_participant_low,1,48000,0.214375
MultiPressure,multipressure_Low_Key-X-L.wav,mp_participant_low,1,48000,0.2041875
MultiPressure,multipressure_Low_Key-Y-L.wav,mp_participant_low,1,48000,0.18377083333333333
MultiPressure,multipressure_Low_Key-Z-L.wav,mp_participant_low,1,48000,0.22460416666666666
MultiPressure,multipressure_Medium_Key-A-M.wav,mp_participant_medium,1,48000,0.223125
MultiPressure,multipressure_Medium_Key-B-M.wav,mp_participant_medium,1,48000,0.22310416666666666
MultiPressure,multipressure_Medium_Key-C-M.wav,mp_participant_medium,1,48000,0.22733333333333333
MultiPressure,multipressure_Medium_Key-D-M.wav,mp_participant_medium,1,48000,0.2778333333333333
MultiPressure,multipressure_Medium_Key-E-M.wav,mp_participant_medium,1,48000,0.24416666666666667
MultiPressure,multipressure_Medium_Key-F-M.wav,mp_participant_medium,1,48000,0.25679166666666664
MultiPressure,multipressure_Medium_Key-G-M.wav,mp_participant_medium,1,48000,0.23575
MultiPressure,multipressure_Medium_Key-H-M.wav,mp_participant_medium,1,48000,0.22310416666666666
MultiPressure,multipressure_Medium_Key-I-M.wav,mp_participant_medium,1,48000,0.23152083333333334
MultiPressure,multipressure_Medium_Key-J-M.wav,mp_participant_medium,1,48000,0.2273125
MultiPressure,multipressure_Medium_Key-K-M.wav,mp_participant_medium,1,48000,0.2146875
MultiPressure,multipressure_Medium_Key-L-M.wav,mp_participant_medium,1,48000,0.23152083333333334
MultiPressure,multipressure_Medium_Key-M-M.wav,mp_participant_medium,1,48000,0.18522916666666667
MultiPressure,multipressure_Medium_Key-N-M.wav,mp_participant_medium,1,48000,0.18102083333333333
MultiPressure,multipressure_Medium_Key-O-M.wav,mp_participant_medium,1,48000,0.248375
MultiPressure,multipressure_Medium_Key-P-M.wav,mp_participant_medium,1,48000,0.23152083333333334
MultiPressure,multipressure_Medium_Key-Q-M.wav,mp_participant_medium,1,48000,0.25679166666666664
MultiPressure,multipressure_Medium_Key-R-M.wav,mp_participant_medium,1,48000,0.23575
MultiPressure,multipressure_Medium_Key-S-M.wav,mp_participant_medium,1,48000,0.24416666666666667
MultiPressure,multipressure_Medium_Key-Spacebar-M.wav,mp_participant_medium,1,48000,0.18691666666666668
MultiPressure,multipressure_Medium_Key-T-M.wav,mp_participant_medium,1,48000,0.22733333333333333
MultiPressure,multipressure_Medium_Key-U-M.wav,mp_participant_medium,1,48000,0.21889583333333335
MultiPressure,multipressure_Medium_Key-V-M.wav,mp_participant_medium,1,48000,0.18102083333333333
MultiPressure,multipressure_Medium_Key-W-M.wav,mp_participant_medium,1,48000,0.24416666666666667
MultiPressure,multipressure_Medium_Key-X-M.wav,mp_participant_medium,1,48000,0.20627083333333332
MultiPressure,multipressure_Medium_Key-Y-M.wav,mp_participant_medium,1,48000,0.2146875
MultiPressure,multipressure_Medium_Key-Z-M.wav,mp_participant_medium,1,48000,0.19785416666666666
MultiPressure,multipressure_ks_Medium_Key-A-M.wav,mp_participant_medium,1,48000,0.223125
MultiPressure,multipressure_ks_Medium_Key-B-M.wav,mp_participant_medium,1,48000,0.22310416666666666
MultiPressure,multipressure_ks_Medium_Key-C-M.wav,mp_participant_medium,1,48000,0.22733333333333333
MultiPressure,multipressure_ks_Medium_Key-D-M.wav,mp_participant_medium,1,48000,0.2778333333333333
MultiPressure,multipressure_ks_Medium_Key-E-M.wav,mp_participant_medium,1,48000,0.24416666666666667
MultiPressure,multipressure_ks_Medium_Key-F-M.wav,mp_participant_medium,1,48000,0.25679166666666664
MultiPressure,multipressure_ks_Medium_Key-G-M.wav,mp_participant_medium,1,48000,0.23575
MultiPressure,multipressure_ks_Medium_Key-H-M.wav,mp_participant_medium,1,48000,0.22310416666666666
MultiPressure,multipressure_ks_Medium_Key-I-M.wav,mp_participant_medium,1,48000,0.23152083333333334
MultiPressure,multipressure_ks_Medium_Key-J-M.wav,mp_participant_medium,1,48000,0.2273125
MultiPressure,multipressure_ks_Medium_Key-K-M.wav,mp_participant_medium,1,48000,0.2146875
MultiPressure,multipressure_ks_Medium_Key-L-M.wav,mp_participant_medium,1,48000,0.23152083333333334
MultiPressure,multipressure_ks_Medium_Key-M-M.wav,mp_participant_medium,1,48000,0.18522916666666667
MultiPressure,multipressure_ks_Medium_Key-N-M.wav,mp_participant_medium,1,48000,0.18102083333333333
MultiPressure,multipressure_ks_Medium_Key-O-M.wav,mp_participant_medium,1,48000,0.248375
MultiPressure,multipressure_ks_Medium_Key-P-M.wav,mp_participant_medium,1,48000,0.23152083333333334
MultiPressure,multipressure_ks_Medium_Key-Q-M.wav,mp_participant_medium,1,48000,0.25679166666666664
MultiPressure,multipressure_ks_Medium_Key-R-M.wav,mp_participant_medium,1,48000,0.23575
MultiPressure,multipressure_ks_Medium_Key-S-M.wav,mp_participant_medium,1,48000,0.24416666666666667
MultiPressure,multipressure_ks_Medium_Key-Spacebar-M.wav,mp_participant_medium,1,48000,0.18691666666666668
MultiPressure,multipressure_ks_Medium_Key-T-M.wav,mp_participant_medium,1,48000,0.22733333333333333
MultiPressure,multipressure_ks_Medium_Key-U-M.wav,mp_participant_medium,1,48000,0.21889583333333335
MultiPressure,multipressure_ks_Medium_Key-V-M.wav,mp_participant_medium,1,48000,0.18102083333333333
MultiPressure,multipressure_ks_Medium_Key-W-M.wav,mp_participant_medium,1,48000,0.24416666666666667
MultiPressure,multipressure_ks_Medium_Key-X-M.wav,mp_participant_medium,1,48000,0.20627083333333332
MultiPressure,multipressure_ks_Medium_Key-Y-M.wav,mp_participant_medium,1,48000,0.2146875
MultiPressure,multipressure_ks_Medium_Key-Z-M.wav,mp_participant_medium,1,48000,0.19785416666666666
MultiPressure,multipressure_ks_Unknown_Key-A-H.wav,mp_participant_unknown,1,48000,0.236125
MultiPressure,multipressure_ks_Unknown_Key-A-L.wav,mp_participant_unknown,1,48000,0.2041875
MultiPressure,multipressure_ks_Unknown_Key-B-H.wav,mp_participant_unknown,1,48000,0.2485625
MultiPressure,multipressure_ks_Unknown_Key-B-L.wav,mp_participant_unknown,1,48000,0.24502083333333333
MultiPressure,multipressure_ks_Unknown_Key-C-H.wav,mp_participant_unknown,1,48000,0.24027083333333332
MultiPressure,multipressure_ks_Unknown_Key-C-L.wav,mp_participant_unknown,1,48000,0.2041875
MultiPressure,multipressure_ks_Unknown_Key-D-H.wav,mp_participant_unknown,1,48000,0.236125
MultiPressure,multipressure_ks_Unknown_Key-D-L.wav,mp_participant_unknown,1,48000,0.22460416666666666
MultiPressure,multipressure_ks_Unknown_Key-E-H.wav,mp_participant_unknown,1,48000,0.2485625
MultiPressure,multipressure_ks_Unknown_Key-E-L.wav,mp_participant_unknown,1,48000,0.24502083333333333
MultiPressure,multipressure_ks_Unknown_Key-F-H.wav,mp_participant_unknown,1,48000,0.24439583333333334
MultiPressure,multipressure_ks_Unknown_Key-F-L.wav,mp_participant_unknown,1,48000,0.2041875
MultiPressure,multipressure_ks_Unknown_Key-G-H.wav,mp_participant_unknown,1,48000,0.22783333333333333
MultiPressure,multipressure_ks_Unknown_Key-G-L.wav,mp_participant_unknown,1,48000,0.18377083333333333
MultiPressure,multipressure_ks_Unknown_Key-H-H.wav,mp_participant_unknown,1,48000,0.236125
MultiPressure,multipressure_ks_Unknown_Key-H-L.wav,mp_participant_unknown,1,48000,0.2041875
MultiPressure,multipressure_ks_Unknown_Key-I-H.wav,mp_participant_unknown,1,48000,0.22783333333333333
MultiPressure,multipressure_ks_Unknown_Key-I-L.wav,mp_participant_unknown,1,48000,0.22458333333333333
MultiPressure,multipressure_ks_Unknown_Key-J-H.wav,mp_participant_unknown,1,48000,0.25683333333333336
MultiPressure,multipressure_ks_Unknown_Key-J-L.wav,mp_participant_unknown,1,48000,0.214375
MultiPressure,multipressure_ks_Unknown_Key-K-H.wav,mp_participant_unknown,1,48000,0.23197916666666665
MultiPressure,multipressure_ks_Unknown_Key-K-L.wav,mp_participant_unknown,1,48000,0.2348125
MultiPressure,multipressure_ks_Unknown_Key-L-H.wav,mp_participant_unknown,1,48000,0.24439583333333334
MultiPressure,multipressure_ks_Unknown_Key-L-L.wav,mp_participant_unknown,1,48000,0.2756458333333333
MultiPressure,multipressure_ks_Unknown_Key-M-H.wav,mp_participant_unknown,1,48000,0.236125
MultiPressure,multipressure_ks_Unknown_Key-M-L.wav,mp_participant_unknown,1,48000,0.24502083333333333
MultiPressure,multipressure_ks_Unknown_Key-N-H.wav,mp_participant_unknown,1,48000,0.21127083333333332
MultiPressure,multipressure_ks_Unknown_Key-N-L.wav,mp_participant_unknown,1,48000,0.21439583333333334
MultiPressure,multipressure_ks_Unknown_Key-O-H.wav,mp_participant_unknown,1,48000,0.25683333333333336
MultiPressure,multipressure_ks_Unknown_Key-O-L.wav,mp_participant_unknown,1,48000,0.2348125
MultiPressure,multipressure_ks_Unknown_Key-P-H.wav,mp_participant_unknown,1,48000,0.25683333333333336
MultiPressure,multipressure_ks_Unknown_Key-P-L.wav,mp_participant_unknown,1,48000,0.21439583333333334
MultiPressure,multipressure_ks_Unknown_Key-Q-H.wav,mp_participant_unknown,1,48000,0.236125
MultiPressure,multipressure_ks_Unknown_Key-Q-L.wav,mp_participant_unknown,1,48000,0.24502083333333333
MultiPressure,multipressure_ks_Unknown_Key-R-H.wav,mp_participant_unknown,1,48000,0.24854166666666666
MultiPressure,multipressure_ks_Unknown_Key-R-L.wav,mp_participant_unknown,1,48000,0.2552291666666667
MultiPressure,multipressure_ks_Unknown_Key-S-H.wav,mp_participant_unknown,1,48000,0.2527083333333333
MultiPressure,multipressure_ks_Unknown_Key-S-L.wav,mp_participant_unknown,1,48000,0.2552291666666667
MultiPressure,multipressure_ks_Unknown_Key-Spacebar-H.wav,mp_participant_unknown,1,48000,0.2544375
MultiPressure,multipressure_ks_Unknown_Key-Spacebar-L.wav,mp_participant_unknown,1,48000,0.1869375
MultiPressure,multipressure_ks_Unknown_Key-T-H.wav,mp_participant_unknown,1,48000,0.24025
MultiPressure,multipressure_ks_Unknown_Key-T-L.wav,mp_participant_unknown,1,48000,0.21439583333333334
MultiPressure,multipressure_ks_Unknown_Key-U-H.wav,mp_participant_unknown,1,48000,0.24025
MultiPressure,multipressure_ks_Unknown_Key-U-L.wav,mp_participant_unknown,1,48000,0.23479166666666668
MultiPressure,multipressure_ks_Unknown_Key-V-H.wav,mp_participant_unknown,1,48000,0.22785416666666666
MultiPressure,multipressure_ks_Unknown_Key-V-L.wav,mp_participant_unknown,1,48000,0.2348125
MultiPressure,multipressure_ks_Unknown_Key-W-H.wav,mp_participant_unknown,1,48000,0.265125
MultiPressure,multipressure_ks_Unknown_Key-W-L.wav,mp_participant_unknown,1,48000,0.214375
MultiPressure,multipressure_ks_Unknown_Key-X-H.wav,mp_participant_unknown,1,48000,0.2485625
MultiPressure,multipressure_ks_Unknown_Key-X-L.wav,mp_participant_unknown,1,48000,0.2041875
MultiPressure,multipressure_ks_Unknown_Key-Y-H.wav,mp_participant_unknown,1,48000,0.24439583333333334
MultiPressure,multipressure_ks_Unknown_Key-Y-L.wav,mp_participant_unknown,1,48000,0.18377083333333333
MultiPressure,multipressure_ks_Unknown_Key-Z-H.wav,mp_participant_unknown,1,48000,0.2485625
MultiPressure,multipressure_ks_Unknown_Key-Z-L.wav,mp_participant_unknown,1,48000,0.22460416666666666
SKAID,skaid_qt_1746047498719_Phase_1,qt_1746047498719,2006,48000,0.2
SKAID,skaid_qt_1746047498719_Phase_2,qt_1746047498719,300,48000,0.2
SKAID,skaid_qt_1746895943943_Phase_1,qt_1746895943943,1997,48000,0.2
SKAID,skaid_qt_1746895943943_Phase_2,qt_1746895943943,355,48000,0.2
SKAID,skaid_qt_1748184742062_Phase_1,qt_1748184742062,2090,48000,0.2
SKAID,skaid_qt_1748184742062_Phase_2,qt_1748184742062,283,48000,0.2
SKAID,skaid_qt_1749404117992_Phase_1,qt_1749404117992,2175,48000,0.2
SKAID,skaid_qt_1749404117992_Phase_2,qt_1749404117992,1602,48000,0.2
SKAID,skaid_qt_1749405175802_Phase_1,qt_1749405175802,2096,48000,0.2
SKAID,skaid_qt_1749405175802_Phase_2,qt_1749405175802,2325,48000,0.2
SKAID,skaid_qt_1749408901065_Phase_1,qt_1749408901065,2087,48000,0.2
SKAID,skaid_qt_1749408901065_Phase_2,qt_1749408901065,701,48000,0.2
SKAID,skaid_qt_1749761963291_Phase_1,qt_1749761963291,2132,48000,0.2
SKAID,skaid_qt_1749761963291_Phase_2,qt_1749761963291,395,48000,0.2
SKAID,skaid_qt_1749848552186_Phase_1,qt_1749848552186,2028,48000,0.2
SKAID,skaid_qt_1749848552186_Phase_2,qt_1749848552186,229,48000,0.2
SKAID,skaid_qt_1749917131651_Phase_1,qt_1749917131651,1920,48000,0.2
SKAID,skaid_qt_1749917131651_Phase_2,qt_1749917131651,597,48000,0.2
SKAID,skaid_qt_1749918170369_Phase_1,qt_1749918170369,1953,48000,0.2
SKAID,skaid_qt_1749918170369_Phase_2,qt_1749918170369,596,48000,0.2
SKAID,skaid_qt_1749929413209_Phase_1,qt_1749929413209,2017,48000,0.2
SKAID,skaid_qt_1749929413209_Phase_2,qt_1749929413209,341,48000,0.2
SKAID,skaid_qt_1749931434873_Phase_1,qt_1749931434873,2208,48000,0.2
SKAID,skaid_qt_1749931434873_Phase_2,qt_1749931434873,1063,48000,0.2
SKAID,skaid_qt_1750017190705_Phase_1,qt_1750017190705,2163,48000,0.2
SKAID,skaid_qt_1750017190705_Phase_2,qt_1750017190705,175,48000,0.2
SKAID,skaid_qt_1750017896391_Phase_1,qt_1750017896391,2168,48000,0.2
SKAID,skaid_qt_1750017896391_Phase_2,qt_1750017896391,711,48000,0.2
SKAID,skaid_qt_1752430034157_Phase_1,qt_1752430034157,2212,48000,0.2
SKAID,skaid_qt_1752430034157_Phase_2,qt_1752430034157,1440,48000,0.2
SKAID,skaid_qt_1752447148692_Phase_1,qt_1752447148692,2095,48000,0.2
SKAID,skaid_qt_1752447148692_Phase_2,qt_1752447148692,872,48000,0.2
SKAID,skaid_qt_1753275076740_Phase_1,qt_1753275076740,2110,48000,0.2
SKAID,skaid_qt_1753275076740_Phase_2,qt_1753275076740,1786,48000,0.20000000000000004
SKAID,skaid_qt_1753281609950_Phase_1,qt_1753281609950,2155,48000,0.2
SKAID,skaid_qt_1753281609950_Phase_2,qt_1753281609950,1746,48000,0.20000000000000004
SKAID,skaid_qt_1753283592735_Phase_1,qt_1753283592735,2058,48000,0.2
SKAID,skaid_qt_1753283592735_Phase_2,qt_1753283592735,331,48000,0.2
SKAID,skaid_qt_1753290632279_Phase_1,qt_1753290632279,1727,48000,0.2
SKAID,skaid_qt_1753290632279_Phase_2,qt_1753290632279,686,48000,0.2
SKAID,skaid_qt_1753457979865_Phase_1,qt_1753457979865,2091,48000,0.2
SKAID,skaid_qt_1753457979865_Phase_2,qt_1753457979865,1402,48000,0.2
SKAID,skaid_qt_1753460583065_Phase_1,qt_1753460583065,2299,48000,0.2
SKAID,skaid_qt_1753460583065_Phase_2,qt_1753460583065,4471,48000,0.2
SKAID,skaid_qt_1753464926271_Phase_1,qt_1753464926271,1228,48000,0.2
SKAID,skaid_qt_1753464926271_Phase_2,qt_1753464926271,4468,48000,0.2
SKAID,skaid_qt_1753467140611_Phase_1,qt_1753467140611,2256,48000,0.2
SKAID,skaid_qt_1753467140611_Phase_2,qt_1753467140611,799,48000,0.2
SKAID,skaid_qt_1753473543311_Phase_1,qt_1753473543311,2222,48000,0.2
SKAID,skaid_qt_1753473543311_Phase_2,qt_1753473543311,1090,48000,0.2
SKAID,skaid_qt_1753476550135_Phase_1,qt_1753476550135,1818,48000,0.2
SKAID,skaid_qt_1753476550135_Phase_2,qt_1753476550135,665,48000,0.2
